2.698800637584589102e-02 3.092083389313849198e-02 2.045931678762618125e-02 3.707496245454958150e-02 4.885267350083996596e-02 5.366487539468373091e-02 5.769286880367965192e-02 6.675653334297866615e-02 7.734417102784518772e-02 8.419015818140893059e-02 8.891518142552527759e-02 9.631465302458375177e-02 1.053278151781947836e-01 1.117714394309802656e-01 1.162631424399708652e-01 1.225379059843799134e-01 1.300821221417152451e-01 1.355003612923103284e-01 1.391874558120820005e-01 1.442552723800246961e-01 1.502872896064501029e-01 1.543685748202537622e-01 1.568972316480187201e-01 1.606116225589583058e-01 1.650491090004170547e-01 1.675921992805068650e-01 1.687254307291065070e-01 1.709558815866757953e-01 1.737190466410121481e-01 1.745884860358264401e-01 1.741532727125604807e-01 1.747686715916935141e-01 1.757832540231566432e-01 1.749022586514389077e-01 1.727316591192201989e-01 1.715358422596505172e-01 1.707540904851243269e-01 1.681492711954361008e-01 1.640343912395024473e-01 1.607396464811167436e-01 1.582731909582595631e-01 1.542213749647849130e-01 1.480066276166304984e-01 1.424237293549253380e-01 1.387498312596965877e-01 1.339401018407521127e-01 1.260665124212499155e-01 1.187815159661224779e-01 1.142698456412293284e-01 1.090805286795707985e-01 1.023184464506285835e-01 9.573586781430756809e-02 8.849301046404306481e-02 8.454901433045319825e-02 8.207754997253059737e-02 7.996188728661575429e-02 7.854247473246324385e-02 7.372654770102532451e-02 6.977658873388846439e-02 6.839037874974687736e-02 6.445917147058438657e-02 5.506781856744524112e-02 5.036912786967662897e-02 3.910525158967057685e-02
5.343854530339390424e-02 6.121680919809552313e-02 3.996505257632453068e-02 7.185727453377244167e-02 9.383262258605377937e-02 1.018648314248094960e-01 1.077326729935166039e-01 1.222404978832331290e-01 1.386956859004035703e-01 1.475286122614089535e-01 1.516122540382095207e-01 1.591703307724728345e-01 1.683042464325577303e-01 1.722003467360401496e-01 1.718640136540544594e-01 1.729238158955216931e-01 1.745877464334603113e-01 1.722127676536306662e-01 1.663981992283390665e-01 1.610265725606127019e-01 1.556270241728661685e-01 1.471460664301424137e-01 1.361103624893671704e-01 1.251056272426173677e-01 1.138130809249093683e-01 1.004386994651586262e-01 8.546462001554792909e-02 7.040823517664031306e-02 5.511194299599077306e-02 3.884915040770768602e-02 2.197565925002589043e-02 5.068056008236704324e-03 -1.179698155928052966e-02 -2.841795592079347094e-02 -4.464928952544408580e-02 -6.075018282618024207e-02 -7.642369525497691440e-02 -9.067868041957821701e-02 -1.034323268147488706e-01 -1.157443703737470186e-01 -1.275716972210746425e-01 -1.371428041082288773e-01 -1.436922560046778041e-01 -1.494342044401801850e-01 -1.558138068636567564e-01 -1.598091811308151033e-01 -1.588723237708212777e-01 -1.571840131641678018e-01 -1.579445137231119956e-01 -1.567140282534975892e-01 -1.520857985872657858e-01 -1.467929472725393869e-01 -1.395827293910682776e-01 -1.367437662982418367e-01 -1.358524495849779135e-01 -1.351801578742266308e-01 -1.356678779446908456e-01 -1.302128587290053707e-01 -1.259054811322154743e-01 -1.258581288285608446e-01 -1.208243817731147474e-01 -1.052137541365850970e-01 -9.810031520999139276e-02 -7.710678982315835595e-02
7.882485287592413958e-02 9.027569480841335370e-02 5.760807148383238069e-02 1.021960593233376818e-01 1.313741274177514795e-01 1.396914643879069995e-01 1.434815409803545661e-01 1.570828210160713778e-01 1.713687317254599662e-01 1.743280808374515212e-01 1.696039511457747007e-01 1.667314505807701297e-01 1.636070271453268776e-01 1.535285295679388595e-01 1.377919137828942098e-01 1.214898164024685728e-01 1.042381726101822143e-01 8.337165538452677438e-02 5.974110800589329390e-02 3.549245227433948935e-02 1.086918899217340778e-02 -1.410709763288103998e-02 -3.881975278693984566e-02 -6.316279463563170826e-02 -8.656695489580290559e-02 -1.073989415329109215e-01 -1.254351049482866076e-01 -1.419585205160895924e-01 -1.562354078219135023e-01 -1.659444781859132911e-01 -1.713813058771955500e-01 -1.746236221422781953e-01 -1.749942495431422440e-01 -1.702881115848712823e-01 -1.611949183597711222e-01 -1.500281487269686798e-01 -1.365583374588846821e-01 -1.192579541410178634e-01 -9.882697313664198790e-02 -7.741158554767234301e-02 -5.546532371461532912e-02 -3.228239513284474754e-02 -8.520170012329917122e-03 1.434655470473032712e-02 3.620723860981529818e-02 5.672029984244340156e-02 7.414216486057585709e-02 8.921769557758321700e-02 1.040385836472290521e-01 1.160700404095321020e-01 1.237549780237883063e-01 1.293646196254987224e-01 1.316995787312345290e-01 1.366342110060973225e-01 1.428048725396959817e-01 1.485953169412407848e-01 1.558318428014295876e-01 1.562859333571421372e-01 1.574411772412698807e-01 1.632553623042222180e-01 1.620527517682231189e-01 1.459936914518393802e-01 1.407245387949384863e-01 1.129597277302404751e-01
1.026413591142916609e-01 1.175102593954846369e-01 7.256605633462705207e-02 1.262152198097955813e-01 1.585011399735340443e-01 1.632927295814452506e-01 1.601973200120744567e-01 1.653999964374172904e-01 1.686074175227102179e-01 1.579510352376156113e-01 1.375851238981448399e-01 1.163713371432193305e-01 9.312486769245294227e-02 6.433294083759168169e-02 3.182454021325437782e-02 -1.479049684006840826e-03 -3.468606477096452395e-02 -6.625243393001016556e-02 -9.497787841913560292e-02 -1.214077242763130920e-01 -1.443716545291342523e-01 -1.605931350818796677e-01 -1.697870081528809194e-01 -1.743052170116708433e-01 -1.735071980226652877e-01 -1.648033938973419155e-01 -1.490014522986497225e-01 -1.288740587360406586e-01 -1.046774022000344778e-01 -7.577487375735975084e-02 -4.360137024611417111e-02 -1.013130416226469370e-02 2.354251829742694951e-02 5.608895513058865384e-02 8.632133168121047806e-02 1.138920486695587930e-01 1.375555189519614141e-01 1.550083924252584899e-01 1.657719940102949097e-01 1.715212409560920859e-01 1.723204856746563263e-01 1.658963953342888487e-01 1.520171088148787597e-01 1.344446422809410790e-01 1.152215854200605294e-01 9.219444468143557503e-02 6.548058678764358265e-02 3.915823667464913421e-02 1.417962352715580396e-02 -1.002109927505351328e-02 -3.187778143280582677e-02 -5.160379637198034969e-02 -6.820612612526710805e-02 -8.429425380552114933e-02 -1.005732989322318111e-01 -1.161054680837992209e-01 -1.336016874601997084e-01 -1.459266040348697613e-01 -1.582903933748905367e-01 -1.746819574802193631e-01 -1.830565305465956527e-01 -1.738651636835865100e-01 -1.760958942560551244e-01 -1.457330514069080096e-01
1.244137562865869212e-01 1.423701384905231848e-01 8.414183574786386621e-02 1.424294534153802416e-01 1.730632059114104171e-01 1.702652111727100404e-01 1.556626314134058608e-01 1.457875783576768058e-01 1.309827074384431467e-01 1.024536420766172518e-01 6.499705198883536095e-02 2.558470946179983163e-02 -1.480197831200867793e-02 -5.441416927036468038e-02 -9.074782828198928175e-02 -1.235770310877055828e-01 -1.507915481922546819e-01 -1.675744937893354214e-01 -1.732868860987443471e-01 -1.710151927480349776e-01 -1.603703959128053580e-01 -1.389722983271321766e-01 -1.084726538620149339e-01 -7.260920550000277141e-02 -3.307853061385206128e-02 8.631687985628704388e-03 4.996151086442917472e-02 8.888223230668758357e-02 1.230277320080363918e-01 1.490845337977533824e-01 1.658816333441526236e-01 1.743337029361126389e-01 1.734194028568456780e-01 1.611800660770727200e-01 1.388881287228766470e-01 1.097006835297295313e-01 7.499879742184195619e-02 3.566547789991554585e-02 -5.707897613555750448e-03 -4.611333226232305210e-02 -8.346158972732972692e-02 -1.152934259237503173e-01 -1.391371928559804738e-01 -1.555045029753066577e-01 -1.657163910174391519e-01 -1.668485967832574746e-01 -1.567862389774227760e-01 -1.411585650887098309e-01 -1.237678860441253637e-01 -1.017809819568183116e-01 -7.642426765158197299e-02 -5.024507109125681686e-02 -2.408698968225492926e-02 -2.633904077943527130e-04 2.371712337200751822e-02 4.778708754903276262e-02 7.509260939321017736e-02 1.016390853207641692e-01 1.283759504832416021e-01 1.584098762245605696e-01 1.813356334832970373e-01 1.865104715567612037e-01 2.025179319985615234e-01 1.746574380213845035e-01
1.437084446558187512e-01 1.643529565336584175e-01 9.179587834960556414e-02 1.498361004932462215e-01 1.739059387002400980e-01 1.598988721144356528e-01 1.304790099245845825e-01 1.015573374923219307e-01 6.627436099847221207e-02 2.158115668583546198e-02 -2.675647349360290098e-02 -7.408985099477309599e-02 -1.167770796111395754e-01 -1.481659742444420280e-01 -1.659709745153387372e-01 -1.729111653434330376e-01 -1.676965236188803776e-01 -1.467246170987499820e-01 -1.121860905257529295e-01 -6.948990972378717157e-02 -2.169672629035675551e-02 2.812300243049527942e-02 7.568561113831447085e-02 1.177476051104935778e-01 1.506973329368299919e-01 1.699765750688026211e-01 1.743087670004310197e-01 1.654807142605036197e-01 1.437081488994731704e-01 1.089490431671471943e-01 6.453280141379319490e-02 1.518494976229339127e-02 -3.518532699084546411e-02 -8.228521869788121834e-02 -1.222356819276805839e-01 -1.527651243594960739e-01 -1.711519727494250631e-01 -1.742747085037717747e-01 -1.622117026451318778e-01 -1.383611029337908915e-01 -1.050844495573289711e-01 -6.338284161931767580e-02 -1.692056769348913858e-02 2.876206540406825787e-02 7.096678613976427352e-02 1.070215924211821296e-01 1.322915428775937874e-01 1.478548538212098862e-01 1.571399312856526231e-01 1.564972298341279766e-01 1.456825789340918109e-01 1.288051892128525278e-01 1.063107755490166062e-01 8.480572750432906204e-02 6.136670134484671635e-02 3.529211219521986853e-02 3.774586045669004516e-03 -3.379224731895086320e-02 -7.359025638799786273e-02 -1.171105366616641413e-01 -1.572555212383856538e-01 -1.830251620318488759e-01 -2.188319115363441258e-01 -1.991630223816561185e-01
1.601411675480126084e-01 1.830144791277691085e-01 9.517143959819598931e-02 1.479771470339718287e-01 1.609625319277374900e-01 1.332493601956547535e-01 8.798710901736464529e-02 4.017803245339880702e-02 -1.213770807857124379e-02 -6.463641776404445427e-02 -1.106204111434984788e-01 -1.480261627546029246e-01 -1.717971489109836880e-01 -1.738573128656495381e-01 -1.545959430252062949e-01 -1.204328390096548462e-01 -7.427979638182474753e-02 -1.890362425082152062e-02 3.916874128374454173e-02 9.344630099590121863e-02 1.379027882835984209e-01 1.657795086645983129e-01 1.741309111530757736e-01 1.643266867287665467e-01 1.369950645433386793e-01 9.323591809298341360e-02 3.833101498744204139e-02 -2.072960685603849815e-02 -7.743809598928001747e-02 -1.248435689241011726e-01 -1.577420605078158067e-01 -1.738992721198101277e-01 -1.710650359728942971e-01 -1.478156080386947291e-01 -1.072943894284733996e-01 -5.559589099993964001e-02 1.618442987746058657e-03 5.835008548849988236e-02 1.080470295667034786e-01 1.458290254195162838e-01 1.682708457728269991e-01 1.717731854228043142e-01 1.556797036127383627e-01 1.254304336770269146e-01 8.608530120960632137e-02 3.914148739638440011e-02 -1.004640472179378456e-02 -5.469760445375940194e-02 -9.370306807382872138e-02 -1.233970209284595693e-01 -1.404948628798942944e-01 -1.476324477788368561e-01 -1.439500989808986942e-01 -1.372170860212559573e-01 -1.255674031123581447e-01 -1.076353529450435470e-01 -8.167860020116286812e-02 -4.188197293372850766e-02 4.568151271523326722e-03 5.736067238773729510e-02 1.139404405545191290e-01 1.639550756567280387e-01 2.244606933028519546e-01 2.189051448930397492e-01
1.733846637771665755e-01 1.979775903331998099e-01 9.411118916336123907e-02 1.369675474451664543e-01 1.352590552813349167e-01 9.303050699931417200e-02 3.382355709922879594e-02 -2.798577160769611868e-02 -8.804003156995246493e-02 -1.348452390947442181e-01 -1.618660947474220846e-01 -1.705393154791628729e-01 -1.577391024420455312e-01 -1.196867948568321877e-01 -6.255784988317585060e-02 2.957991175204508980e-03 6.800302210590965235e-02 1.226992537313094794e-01 1.590122075940446078e-01 1.738003975508866927e-01 1.644992279722442829e-01 1.299001071941822960e-01 7.537517359897480396e-02 1.025174240363577877e-02 -5.622968114889658614e-02 -1.141001966506521720e-01 -1.548934377454588840e-01 -1.740191459705284771e-01 -1.682762584527898453e-01 -1.367294009211152961e-01 -8.443676212481646126e-02 -2.022422426545559399e-02 4.667444876203644122e-02 1.063168627110509940e-01 1.499927371498745166e-01 1.724877407811694352e-01 1.704627893017585938e-01 1.428315868730855587e-01 9.408881371547572758e-02 3.332950930997465033e-02 -3.062323451065336252e-02 -8.950852998689852458e-02 -1.344219612244519357e-01 -1.606194179458827476e-01 -1.679142133246630531e-01 -1.539628604205116325e-01 -1.197744665495095867e-01 -7.550696695543736292e-02 -2.754712313847015176e-02 2.101748591418498707e-02 6.354533942032813965e-02 9.807172767173857886e-02 1.213077103686683034e-01 1.376945540372614685e-01 1.470350184245357017e-01 1.471770031165368364e-01 1.377170951636990659e-01 1.080056753130009539e-01 6.544891481928749588e-02 1.147287488282344205e-02 -5.680832546783654707e-02 -1.311839068168392797e-01 -2.194064391906802858e-01 -2.337771101083670755e-01
1.831751850320864905e-01 2.089399135841818189e-01 8.866454387945879589e-02 1.174881159733833641e-01 9.883311437074983330e-02 4.333796704872155958e-02 -2.482675155883010479e-02 -9.142387287766119697e-02 -1.457380878995342688e-01 -1.716564153108133262e-01 -1.653828886706536494e-01 -1.338084117581688492e-01 -8.025555648810883680e-02 -1.053780344418526506e-02 6.212086502146783179e-02 1.246071156993576456e-01 1.655490207552727522e-01 1.748469581728344935e-01 1.509298910843614450e-01 1.005603490032939834e-01 3.244111985820800209e-02 -4.195711066562236857e-02 -1.087420200810367554e-01 -1.563413695165963013e-01 -1.757695738295451948e-01 -1.616167224696569149e-01 -1.167892188655240693e-01 -5.093964098245452182e-02 2.405463580404603591e-02 9.442194681074310425e-02 1.470925153713599220e-01 1.733208638360793641e-01 1.679406252768040897e-01 1.305435051940022906e-01 6.851584814976487137e-02 -5.515260243203211170e-03 -7.796135541611429187e-02 -1.354489852424917151e-01 -1.674700818166514338e-01 -1.699371740077381676e-01 -1.436691978570750206e-01 -9.218443159343640836e-02 -2.508477315256560716e-02 4.330403014921475197e-02 1.028148519304142722e-01 1.449925506625263094e-01 1.614500198379128781e-01 1.550356194000999388e-01 1.321164142534406172e-01 9.335184165160330394e-02 4.591902938058817218e-02 -3.111715694799477207e-03 -4.794891884811987998e-02 -8.615256349394363744e-02 -1.185652074184900123e-01 -1.419909938855065668e-01 -1.570234264273112357e-01 -1.495825262417279089e-01 -1.232071964185851298e-01 -7.876578466120641442e-02 -7.175966080697712170e-03 8.769099290455424633e-02 2.042047297184797772e-01 2.439100220060005653e-01
1.893177484335517025e-01 2.156799222187152365e-01 7.908536449387056078e-02 9.074342635027968229e-02 5.457232251614464735e-02 -1.076785987222709205e-02 -8.018374619435202078e-02 -1.394240560051418776e-01 -1.733014993356160605e-01 -1.659527791487289128e-01 -1.201338081792778095e-01 -5.059348717184455196e-02 2.949803968118959105e-02 1.034517582850838779e-01 1.543869624505671556e-01 1.728858651631165200e-01 1.541860841367171664e-01 9.952065969927573197e-02 2.142403804484311128e-02 -6.154877932922449973e-02 -1.309054803395895972e-01 -1.698941668743198796e-01 -1.697102861766122683e-01 -1.320311245960473223e-01 -6.497579441106676734e-02 1.724298047558358790e-02 9.573684488655517799e-02 1.530411176962624131e-01 1.759094094173075662e-01 1.577409009398094697e-01 1.029965437704472853e-01 2.524439798693622547e-02 -5.795941408160965730e-02 -1.275497033921578482e-01 -1.677330425470660025e-01 -1.705683887045167657e-01 -1.355869349745822128e-01 -6.976314529523897079e-02 1.158825033186980380e-02 8.918600925508667066e-02 1.466354776376338487e-01 1.717137921090579611e-01 1.589703368409164930e-01 1.152829990405822014e-01 5.237913756465987364e-02 -1.934831399008199795e-02 -8.423315549494980736e-02 -1.303398527943458451e-01 -1.558160270735579056e-01 -1.558117251135571479e-01 -1.322299974115350163e-01 -9.342322306340081206e-02 -4.548424232507816689e-02 2.086189846713621104e-03 4.990283493151333183e-02 9.380097065735731876e-02 1.346554563494989087e-01 1.573816590295306628e-01 1.579653005454781656e-01 1.343194439210088631e-01 7.041562742734046310e-02 -3.721348567638285004e-02 -1.798416179541997006e-01 -2.496607397972702980e-01
1.916900196583938565e-01 2.180614161369574533e-01 6.582012356197285141e-02 5.838732307475636568e-02 5.985389415205109691e-03 -6.377715045543524974e-02 -1.249042201761080689e-01 -1.638809665064362708e-01 -1.650309073395280768e-01 -1.191469723723611041e-01 -3.946129150469487867e-02 5.019722867039954489e-02 1.273907347067559093e-01 1.699204573482807346e-01 1.660990373978378509e-01 1.193670511229027870e-01 4.138949239435942701e-02 -4.836221652025060602e-02 -1.253175168578327670e-01 -1.692648702551185214e-01 -1.679976986260329208e-01 -1.199881367149036732e-01 -3.848379271901230386e-02 5.349815600987609804e-02 1.309644336415445587e-01 1.719508278251431765e-01 1.652831022093939894e-01 1.139694172356641166e-01 3.175027968085118030e-02 -5.932596775276310908e-02 -1.341029461308131665e-01 -1.725991845855825990e-01 -1.640587928003545692e-01 -1.098150409365656333e-01 -2.513549419649430475e-02 6.597515347839941202e-02 1.387274459001433535e-01 1.731586735086071416e-01 1.602324146184008202e-01 1.057270222744816635e-01 2.536519979170109504e-02 -6.077672836017648794e-02 -1.296415212787588311e-01 -1.647152586951009523e-01 -1.620338901196834158e-01 -1.220863828205728530e-01 -5.512691041858877594e-02 1.796201977221201923e-02 8.406613953974367837e-02 1.315169355083893321e-01 1.516391015371095219e-01 1.471849022782145411e-01 1.201948104308729892e-01 8.294072596465258684e-02 3.573493772937667151e-02 -1.727913101301763524e-02 -7.674470071840545915e-02 -1.299080347042419481e-01 -1.634558850917336437e-01 -1.699143353250281152e-01 -1.256335710542487993e-01 -1.614362120366110223e-02 1.476431096167168389e-01 2.515898285078171925e-01
1.902447492983403432e-01 2.160362741219063465e-01 4.948709596704520958e-02 2.242065058218346840e-02 -4.307602669892913322e-02 -1.102917462876189525e-01 -1.530559208004116656e-01 -1.606647882793299509e-01 -1.226364438092058251e-01 -4.283157129004233621e-02 5.284703828951779064e-02 1.335498104354626847e-01 1.740607407895574665e-01 1.583357056847221334e-01 9.114611563242323855e-02 -4.436716288305334738e-03 -9.863580512571992753e-02 -1.609861134948080974e-01 -1.712407657773950820e-01 -1.273950372610189452e-01 -4.306119636082015451e-02 5.551999304120860262e-02 1.363251548265979329e-01 1.737026787917753945e-01 1.552851029272513672e-01 8.580757913470961340e-02 -1.201673206538993871e-02 -1.061047835048420235e-01 -1.658396426312968575e-01 -1.709437892524374170e-01 -1.199169900900742824e-01 -3.024079235509606611e-02 6.899041103007344522e-02 1.454217163666282342e-01 1.742614469790521869e-01 1.472214088930955955e-01 7.346801710775953398e-02 -2.371724722100713306e-02 -1.127935008940942480e-01 -1.655363401685912284e-01 -1.672625160087889418e-01 -1.176946859685552571e-01 -3.290279427213539665e-02 5.800658472658160730e-02 1.302642915515817013e-01 1.657512471867227666e-01 1.542470493260210962e-01 1.067381431430413502e-01 3.933187257327257907e-02 -3.394911745914508394e-02 -9.438720574591666357e-02 -1.336397037675246813e-01 -1.453714887073452589e-01 -1.372258408800543783e-01 -1.096248925568585053e-01 -6.455864809582897990e-02 -1.328975877593973438e-03 7.355188017137324896e-02 1.389260779598739115e-01 1.804893509069824820e-01 1.667316969052791142e-01 6.830288358497643708e-02 -1.091483074399859782e-01 -2.504319951352923512e-01
1.850107139327779315e-01 2.096454262031103577e-01 3.084754196675717347e-02 -1.493247545124827200e-02 -8.872265364451896452e-02 -1.455748709646895456e-01 -1.609044734671632448e-01 -1.303186080979749917e-01 -5.488412264224667297e-02 4.409209173203865184e-02 1.295725465891643391e-01 1.705082074607825460e-01 1.507424608077138628e-01 7.401899228488666160e-02 -3.136384159791822529e-02 -1.256280844661613327e-01 -1.737720416945874036e-01 -1.562414013696834525e-01 -7.940032037910449425e-02 2.705873032219033650e-02 1.234065452626174203e-01 1.729105075845193407e-01 1.567476121576197867e-01 8.180443294753328431e-02 -2.388466302285344872e-02 -1.205265606170549259e-01 -1.713706444712725374e-01 -1.576691063210785559e-01 -8.436078182774664480e-02 2.129320458928104717e-02 1.189805734217085909e-01 1.717351084658511884e-01 1.594352933061856936e-01 8.617263528306702558e-02 -1.995303123300328982e-02 -1.181938366350255148e-01 -1.717020480288878603e-01 -1.604171960401714614e-01 -8.906425392375842687e-02 1.366209088135316753e-02 1.097964819920088791e-01 1.658374329860243523e-01 1.618843351523944207e-01 1.038804642123122984e-01 1.535761910463354953e-02 -7.651319633568484657e-02 -1.403456351481921771e-01 -1.602295921465004824e-01 -1.391153214878621258e-01 -8.278262790577789465e-02 -1.059831648636194376e-02 5.909893971511876593e-02 1.107984215102464226e-01 1.407197656355289872e-01 1.472081679736843285e-01 1.273684929139154431e-01 7.915842936263974006e-02 -9.536836069685466957e-04 -8.909934360380261653e-02 -1.647789241770085122e-01 -1.894499313139793584e-01 -1.155713417269238902e-01 6.597787686265829676e-02 2.470618647389886402e-01
1.760921431721949870e-01 1.990180264150786249e-01 1.077022588533659356e-02 -5.136220350444383603e-02 -1.273359216689773643e-01 -1.660334959019026668e-01 -1.474087533037519715e-01 -7.796670948735170970e-02 2.421673184192907682e-02 1.200952948111943669e-01 1.680914508964762022e-01 1.482333547286803221e-01 6.681196912736719895e-02 -4.429855808008792417e-02 -1.375091812437125305e-01 -1.728479172022814592e-01 -1.345897038302583115e-01 -3.758726173512094704e-02 7.631791485736118263e-02 1.575996543410774497e-01 1.708524019105479019e-01 1.093004588281000361e-01 -3.446567514549749478e-04 -1.099827279376790479e-01 -1.717555409132557609e-01 -1.580396174335535198e-01 -7.478700841880336903e-02 4.117108103192092250e-02 1.390805505845051360e-01 1.756850477360188123e-01 1.349292139639474974e-01 3.520879158308728996e-02 -7.971845768367868956e-02 -1.594577430823915787e-01 -1.691278958017858602e-01 -1.053469658692769984e-01 3.474857917093888710e-03 1.103952771397430088e-01 1.691451452457998217e-01 1.558185662214113532e-01 7.866225022192992189e-02 -3.018156367991008462e-02 -1.249015837944271179e-01 -1.676758492605216200e-01 -1.479123504000563749e-01 -7.426912467381996397e-02 2.352188975331433868e-02 1.066914948310771910e-01 1.545002646640783461e-01 1.540920596549958943e-01 1.105327897988453989e-01 4.245360152680618948e-02 -3.079707752787421912e-02 -9.228574254013025002e-02 -1.361803259635038510e-01 -1.527262047553414881e-01 -1.367249410912374230e-01 -7.196590302386339510e-02 2.312242059725906976e-02 1.253398015320754399e-01 1.917527194808631430e-01 1.549232374331282747e-01 -1.970864138723792819e-02 -2.424580522255556647e-01
1.636666440799576794e-01 1.843688426699934824e-01 -9.809075812956128196e-03 -8.461578336095734731e-02 -1.558548202865041865e-01 -1.695842335059898620e-01 -1.143589922844684137e-01 -1.244928155688356658e-02 9.831022946383619066e-02 1.663540288755919472e-01 1.570458165113318982e-01 7.446336605101548656e-02 -4.398302506329454520e-02 -1.422674384016411608e-01 -1.719067677018961404e-01 -1.182925307031180012e-01 -6.865486880628816901e-03 1.084702645341418803e-01 1.706381666894925819e-01 1.488636579465153487e-01 5.351625898320486879e-02 -6.872397246393614767e-02 -1.570466629552735582e-01 -1.674736033729945506e-01 -9.455275137168550614e-02 2.581349336239949915e-02 1.334899613695019194e-01 1.746267992511213729e-01 1.284826980531263985e-01 1.779360593795964798e-02 -1.019665434246396635e-01 -1.707296713622278583e-01 -1.540889961380491335e-01 -6.023611204294778559e-02 6.373664498945012802e-02 1.555980651100211110e-01 1.702117179674169645e-01 1.008314286431949841e-01 -1.780323651600417695e-02 -1.262213781738394935e-01 -1.735549810313343766e-01 -1.390943233981986327e-01 -4.027362431453089531e-02 7.286779692830790134e-02 1.518152529810699591e-01 1.659832783902658315e-01 1.108249875191755496e-01 1.823390653833661598e-02 -7.604899061090915346e-02 -1.406147614316254901e-01 -1.554090732867586533e-01 -1.250462376583231783e-01 -6.193587002114449291e-02 9.843579665393540484e-03 8.034680183725269320e-02 1.334336482808873847e-01 1.595388455437958819e-01 1.295781334286329189e-01 4.724569061163239742e-02 -6.800344123723443823e-02 -1.739138974570068608e-01 -1.841846194561691796e-01 -2.823678906330421082e-02 2.376683442801312274e-01
1.479816643038632529e-01 1.659939164943909640e-01 -2.993118979528682638e-02 -1.126368722144419077e-01 -1.720185554183280563e-01 -1.558654972727740173e-01 -6.613930168333037596e-02 5.517034335516587951e-02 1.520758642944230188e-01 1.714112132443984249e-01 9.969263104342447612e-02 -2.517462760287348528e-02 -1.370928334613581712e-01 -1.748853617721810583e-01 -1.166090754197223328e-01 5.915116853085444076e-03 1.253752950137446698e-01 1.754464106149942748e-01 1.276795169874597458e-01 8.571074016905927753e-03 -1.154347199171657651e-01 -1.748090272690170643e-01 -1.358953072461076828e-01 -2.046772507092724583e-02 1.065551817291770925e-01 1.735101429894745639e-01 1.424034338541279032e-01 3.074663382698323774e-02 -9.832514667458346069e-02 -1.717306548479721473e-01 -1.477948840701576450e-01 -4.014385362878491320e-02 9.009557930364399392e-02 1.692820727832367034e-01 1.526593912955672427e-01 5.017634443963468055e-02 -7.981470699418094505e-02 -1.649543568509135583e-01 -1.580023532984844714e-01 -6.476946776994925437e-02 6.170562369204771885e-02 1.545032752532175535e-01 1.644346824427523890e-01 9.108699265934781797e-02 -2.347024702916880243e-02 -1.252342635783739444e-01 -1.645674205569170878e-01 -1.314212277196189771e-01 -4.882200127249606419e-02 4.971585067653020579e-02 1.229256770567295487e-01 1.515744572209873631e-01 1.298467129019520716e-01 7.647259215909049668e-02 1.910058763792518016e-03 -7.537516999605935186e-02 -1.421758810149464647e-01 -1.598923540014652034e-01 -1.098177865513340346e-01 8.797465753178088446e-04 1.383146398655971110e-01 2.021096545884342455e-01 7.667909457777066784e-02 -2.337784650459472369e-01
1.293495643496541947e-01 1.442645803434054186e-01 -4.865825162800952591e-02 -1.336926952858060735e-01 -1.745457705447966412e-01 -1.262743236576049366e-01 -9.146111691489615739e-03 1.134738540204527218e-01 1.743963756611724703e-01 1.340143153850395785e-01 1.294342785806673612e-02 -1.160671477892203651e-01 -1.750788247243484919e-01 -1.271691912904333310e-01 -4.686154910488925457e-04 1.266398627001916743e-01 1.751360367597364354e-01 1.145115164544255465e-01 -1.799767687888887205e-02 -1.392961063790754683e-01 -1.730523989891714076e-01 -9.790615993283795226e-02 3.915583562557221897e-02 1.515308232567838254e-01 1.680301682183132361e-01 7.817119252722248834e-02 -6.135992073223210663e-02 -1.619663445425814363e-01 -1.596763119268464759e-01 -5.599983905991010730e-02 8.333203792853752234e-02 1.695840641819456873e-01 1.480418605778930641e-01 3.268692861912812081e-02 -1.032826661325198375e-01 -1.734573657405455160e-01 -1.344814099769651994e-01 -1.168765102569768385e-02 1.177661482010285421e-01 1.731770108245903050e-01 1.238120091864479411e-01 1.160696198606010233e-03 -1.203143635041539483e-01 -1.693298169275628540e-01 -1.256616684213955060e-01 -1.563406158870780591e-02 9.843632288639339589e-02 1.576617152001558997e-01 1.447352768864601513e-01 6.883798568424623343e-02 -2.930613431854433432e-02 -1.103221814126594258e-01 -1.457300108881947054e-01 -1.354458977719557589e-01 -8.388035475584121325e-02 -4.495938193599060065e-03 8.936809931404211815e-02 1.569521310133710212e-01 1.541089853242607333e-01 6.690125311825524668e-02 -8.900685037511495146e-02 -2.083520278908630730e-01 -1.247467645414619963e-01 2.318864185024409608e-01
1.131941144842937980e-01 1.252552885671969207e-01 -6.701813131976491755e-02 -1.517035684730904110e-01 -1.700543185358781295e-01 -8.875669676096460681e-02 4.870305676393212740e-02 1.570486391395103376e-01 1.674688515839365677e-01 6.866050471448666148e-02 -7.711675601537405778e-02 -1.711726997518902282e-01 -1.495061839578479546e-01 -2.600503361965483817e-02 1.158980472506923320e-01 1.777441938692181644e-01 1.165221305543261560e-01 -2.543609052199849105e-02 -1.498987230605421384e-01 -1.695031755796237438e-01 -7.052610275244937388e-02 7.765923118087265931e-02 1.713930684693937834e-01 1.444191193100107518e-01 1.587669933043825074e-02 -1.236091257809748267e-01 -1.758813922360870918e-01 -1.037774386903438095e-01 4.143736432160981947e-02 1.570895779867543807e-01 1.615651700331495189e-01 5.166589783328594254e-02 -9.429210560478352987e-02 -1.733517391695483523e-01 -1.299752410886502452e-01 4.599458970258481910e-03 1.349440737651921574e-01 1.709075307470201976e-01 8.819704040584866456e-02 -5.363815762527447684e-02 -1.572605067160709191e-01 -1.557263697722209017e-01 -5.180688975846182293e-02 8.122155354935167715e-02 1.610842787773306140e-01 1.438646598627692785e-01 4.341106626409827612e-02 -7.331605590934121841e-02 -1.482274308225467463e-01 -1.476507615754200642e-01 -8.025953516757258766e-02 1.553227107130637427e-02 9.775319852601398185e-02 1.407366531569837209e-01 1.360205268459283301e-01 8.312483701117388823e-02 -1.099934913010553253e-02 -1.156886546390216292e-01 -1.670125354730108147e-01 -1.238854702107982514e-01 2.764408873810252076e-02 1.952077137271937823e-01 1.670428580003220642e-01 -2.240257845547905524e-01
9.920597082579324377e-02 1.086076439970616869e-01 -8.487228258687964932e-02 -1.662592808361500196e-01 -1.587248053524430158e-01 -4.566766160082794124e-02 1.019941387770797736e-01 1.802387609961594583e-01 1.324551078916390290e-01 -1.101666938452182214e-02 -1.474501648262643294e-01 -1.735005959914323881e-01 -6.965851280249918398e-02 8.608878940327377438e-02 1.763202008609739690e-01 1.311334436527312464e-01 -1.419598188031888190e-02 -1.478328475619262450e-01 -1.670612295729354269e-01 -5.653493272965547795e-02 9.726558978117502696e-02 1.749654899941148478e-01 1.162248222655739432e-01 -3.339698536014423791e-02 -1.564623172976125909e-01 -1.570788879936503846e-01 -3.459798124197561303e-02 1.151756036152905005e-01 1.744431802132880016e-01 9.708463847499440580e-02 -5.665201966187171506e-02 -1.660901109976486434e-01 -1.453920094122952700e-01 -1.123113690321076753e-02 1.319007943226230828e-01 1.720678246689744673e-01 7.924829318974624393e-02 -7.409956762160277433e-02 -1.702429466556787396e-01 -1.366599811261828279e-01 -2.654016064160552232e-03 1.321452849125721030e-01 1.692085520506491914e-01 8.692723677688600492e-02 -5.045017815672046130e-02 -1.523478986368956012e-01 -1.524764160326406159e-01 -6.267820165430820767e-02 5.692887432776569390e-02 1.407479014676927542e-01 1.475970649106956856e-01 8.700548283944967154e-02 -7.056624271503646878e-03 -9.046121981078812657e-02 -1.398743302964219615e-01 -1.353295265387489121e-01 -7.058625618326562490e-02 4.650940718037504390e-02 1.463206863884214115e-01 1.607771904844462751e-01 3.748896475111593990e-02 -1.646603907477935391e-01 -2.017909482567761537e-01 2.114574777709882503e-01
8.711728589290740343e-02 9.400777808618092368e-02 -1.020859754448582984e-01 -1.770283152746832955e-01 -1.410128025135968799e-01 2.880100667792388791e-04 1.457396576974508695e-01 1.800341787033725993e-01 7.522730341015310129e-02 -8.839564075371035556e-02 -1.800652308961306070e-01 -1.223330765702447670e-01 3.547719526984789706e-02 1.620003227833480275e-01 1.516317997905790027e-01 1.243192722256872620e-02 -1.361295830285971509e-01 -1.682252420328419207e-01 -5.634831875844874965e-02 1.041870330115009929e-01 1.750469991069966980e-01 9.595462013453706640e-02 -6.602663106034184493e-02 -1.717378423133325283e-01 -1.298800884078701867e-01 2.333639173054730814e-02 1.570064091991331678e-01 1.557109999826769287e-01 2.071153599840280801e-02 -1.317046100943021492e-01 -1.709289452611948978e-01 -6.294662929404977458e-02 9.842281143746875460e-02 1.747698180076349694e-01 1.009789383712969002e-01 -5.898594254905022150e-02 -1.674981083039415730e-01 -1.337968377931972874e-01 1.289333401091116021e-02 1.472884824387482861e-01 1.595408800685119699e-01 4.278183543019978968e-02 -1.071585601131899573e-01 -1.701665883713314731e-01 -1.062639937424921799e-01 3.379704417026468954e-02 1.453891994872990312e-01 1.554009169798143408e-01 7.110926619525917425e-02 -5.205958166675409698e-02 -1.371826663862937556e-01 -1.481653066342761005e-01 -8.693455939919554620e-02 4.560641965425557900e-03 9.431854147996053539e-02 1.447545734933624317e-01 1.326222766074145187e-01 3.379277373797680284e-02 -9.659618659496727044e-02 -1.719155140530852222e-01 -9.807967330336309075e-02 1.201048860244896821e-01 2.278989279043503458e-01 -1.954494676213088256e-01
7.669657989390453456e-02 8.118043328037408135e-02 -1.185293129001575574e-01 -1.837653990750604538e-01 -1.176305280916469659e-01 4.622560285443037820e-02 1.758454997270617881e-01 1.564614467169585244e-01 5.383119556367174131e-03 -1.473342745041842927e-01 -1.666188896919901241e-01 -3.344661593857489734e-02 1.277336645018187500e-01 1.698246796334961506e-01 5.375004636885917508e-02 -1.131040559999230283e-01 -1.738258342575630111e-01 -7.254256284252796894e-02 9.749587421230904161e-02 1.769046894317496399e-01 9.083861218145730665e-02 -7.975216856462455373e-02 -1.760829658512775564e-01 -1.070835150231075200e-01 6.182806386220992406e-02 1.719765280039047273e-01 1.202582741987644338e-01 -4.496825562352269046e-02 -1.670684562493952863e-01 -1.315303615302215456e-01 2.842785703592044452e-02 1.618329432868406970e-01 1.426208786563250286e-01 -1.041779991452273200e-02 -1.541606484967539825e-01 -1.534868583618822224e-01 -1.060561831801939969e-02 1.413595037704449831e-01 1.627206235722798988e-01 3.590951700013550463e-02 -1.205852868464815791e-01 -1.690482191143043433e-01 -6.874424697152309305e-02 8.670131966275168578e-02 1.673093969688833060e-01 1.133320476451402659e-01 -2.739018969124278058e-02 -1.402143697395853705e-01 -1.546032631307080185e-01 -6.721392809254511658e-02 5.457944280637672813e-02 1.389443064482070167e-01 1.438060743090684712e-01 8.340102325725028132e-02 -1.556692124347893239e-02 -1.087884684869470098e-01 -1.582450034511290182e-01 -1.062733774401078274e-01 2.794724260124463108e-02 1.559921147609087122e-01 1.468738743418895321e-01 -6.585944777881382051e-02 -2.449507710109026515e-01 1.772037724989894147e-01
6.774430831384416207e-02 6.988377341055806991e-02 -1.340782111715178859e-01 -1.863170901775398069e-01 -8.951820768199884870e-02 8.926153621663110438e-02 1.894940792869708734e-01 1.125802681094874025e-01 -6.536386787339289184e-02 -1.755373002371137525e-01 -1.105507691501565332e-01 6.575243533210958780e-02 1.736191520197563343e-01 1.062733580722298316e-01 -7.007709640432845111e-02 -1.764609503321188100e-01 -1.039581942429246425e-01 7.319433718479781414e-02 1.767127861454373672e-01 1.001951506901510858e-01 -7.743252160980294840e-02 -1.750907162334335576e-01 -9.360573028972599130e-02 8.414440123075626887e-02 1.749302733523512010e-01 8.644659138553804911e-02 -9.139671922434230988e-02 -1.759891123237972144e-01 -8.023322111584345329e-02 9.731257359195351342e-02 1.756319954917524850e-01 7.393415412157923472e-02 -1.024845038905316252e-01 -1.735082776564421114e-01 -6.705973453202153378e-02 1.075507558385619400e-01 1.719391341012670438e-01 6.283962702557656377e-02 -1.096812912416719049e-01 -1.720919484439727420e-01 -6.658175474777032476e-02 1.021698053775041554e-01 1.721314460910629007e-01 8.197478979811159694e-02 -7.730905119436394524e-02 -1.668147979425828875e-01 -1.119149408825885345e-01 2.753445207245014403e-02 1.406277334920375821e-01 1.484460334607675402e-01 5.694212333894718009e-02 -6.390369781407266581e-02 -1.394569610326122922e-01 -1.395050810088146187e-01 -6.889518354771012598e-02 3.897461014522098782e-02 1.409021990304674399e-01 1.543504617899392195e-01 4.622843808448310471e-02 -1.159862627801309110e-01 -1.785059045268736766e-01 6.642283997325498790e-03 2.531421958346379286e-01 -1.578013415385177975e-01
6.008904092913076866e-02 5.990482426278966044e-02 -1.486153360439617654e-01 -1.846252719325169322e-01 -5.780626695319127095e-02 1.266943716871973269e-01 1.854080349632974134e-01 5.408634998400651400e-02 -1.251486737952574591e-01 -1.671212455103057437e-01 -2.620331907347457634e-02 1.446780469717032502e-01 1.564759105415735319e-01 -1.943633084432623819e-03 -1.600777092889303921e-01 -1.428082279271267185e-01 3.023905470056293537e-02 1.684272945602083016e-01 1.206665894601506028e-01 -6.114686192481901678e-02 -1.740470412640079956e-01 -9.398592720060726380e-02 9.122245596464860495e-02 1.759132672044663170e-01 6.563129188509227163e-02 -1.167931510465369804e-01 -1.701234501660097431e-01 -3.438261056114760156e-02 1.384885145959631192e-01 1.569821062502569087e-01 5.705444684532102280e-04 -1.568331226703409964e-01 -1.397293566930510045e-01 3.192946657696400098e-02 1.689705632832365911e-01 1.195271790390368960e-01 -5.994315410905203673e-02 -1.730452990603059682e-01 -9.760446492963834042e-02 8.208389823949728548e-02 1.722815866809707663e-01 8.164215294012894253e-02 -9.333734034859017537e-02 -1.708851846908319150e-01 -8.281090795181725306e-02 8.208318461644219244e-02 1.668163435152667240e-01 1.047194781428971433e-01 -3.784430883230732040e-02 -1.450580035314564253e-01 -1.393671422652420500e-01 -4.149542667902701015e-02 7.601627060700494320e-02 1.424950347843827181e-01 1.300750528872275658e-01 4.299122894288391616e-02 -8.573957902611015203e-02 -1.675083309117003094e-01 -1.119917518882097979e-01 5.840427942665479821e-02 1.899860904009169627e-01 5.292304734137541489e-02 -2.531753377119301818e-01 1.381654537251875425e-01
5.358417908423709908e-02 5.105545836424948969e-02 -1.620309882895972498e-01 -1.787284767501434446e-01 -2.376987605399323925e-02 1.561743867496590554e-01 1.639697769058707233e-01 -1.142789023759468656e-02 -1.639447817980612399e-01 -1.238417952111214027e-01 6.484704497370331888e-02 1.789950956521706160e-01 8.252742813651670062e-02 -1.093437339634208555e-01 -1.728080912924664647e-01 -3.064651279490464980e-02 1.457242960026741696e-01 1.474457626146404854e-01 -2.774269334532203715e-02 -1.708395775623013646e-01 -1.095971298750532674e-01 8.183088995853048109e-02 1.763057561826468500e-01 5.975143010465823468e-02 -1.271098370470048478e-01 -1.610029732857773954e-01 -1.418564102201285392e-03 1.604892157930666030e-01 1.295732531147018585e-01 -5.626591987688249474e-02 -1.755473701523209140e-01 -8.457809351095152417e-02 1.064738647918364867e-01 1.695795242499352484e-01 2.984961442824180314e-02 -1.454216610309227720e-01 -1.474307823246903126e-01 2.415496143677264146e-02 1.678865135990739721e-01 1.159879610593776561e-01 -6.665639482962008866e-02 -1.725181645325269963e-01 -8.448829848426507583e-02 9.292105950800237657e-02 1.688589761996998895e-01 7.099460050929262689e-02 -9.558872646276900253e-02 -1.652462895072386584e-01 -8.930761918517447773e-02 5.889909870562824723e-02 1.501273684706644074e-01 1.279640845302175423e-01 1.958318597381751916e-02 -9.155762937380582112e-02 -1.473988354031010584e-01 -1.122069099589428076e-01 7.771186127911129844e-03 1.433822427922119558e-01 1.575134929322086763e-01 7.977082819317591125e-03 -1.808216325468489094e-01 -1.087221254513956320e-01 2.461290981886682661e-01 -1.190426278602982613e-01
4.810514837064355786e-02 4.316884828529141127e-02 -1.742239314737143718e-01 -1.687610084962259116e-01 1.122232630572696753e-02 1.758510709014741158e-01 1.271856973185968021e-01 -7.545880850512139137e-02 -1.752456923192254878e-01 -5.472753568911842281e-02 1.393092751863579393e-01 1.581226103230974067e-01 -2.138087634083361832e-02 -1.707877158125298556e-01 -1.021232297085492707e-01 9.836315915997530246e-02 1.710349532592465582e-01 2.472695494725348289e-02 -1.549165992440212358e-01 -1.362281544428602664e-01 5.627480410844017816e-02 1.751846814943408270e-01 6.861183649523643069e-02 -1.270372347608463848e-01 -1.582475061899146496e-01 1.401595199297020998e-02 1.693507806388646619e-01 1.067452870012582100e-01 -9.233100237807417843e-02 -1.717004099579271803e-01 -2.955256358003366390e-02 1.511146371426664581e-01 1.367184466561668643e-01 -5.297395643683691646e-02 -1.755949860229818471e-01 -7.354545533417834735e-02 1.205203985499026381e-01 1.610103538385575794e-01 -2.293816099393817132e-03 -1.618450422807835298e-01 -1.209469112827826071e-01 6.655449957486356261e-02 1.733506359766135985e-01 7.607917386077608923e-02 -1.032103431262284959e-01 -1.660431585786461273e-01 -4.819692626042273997e-02 1.122761622253538594e-01 1.612931803503706296e-01 6.123472986918791078e-02 -8.378071792196047085e-02 -1.554878293136914558e-01 -1.073747741095479602e-01 6.122561143035697324e-03 1.154006672283972024e-01 1.481646786874783739e-01 7.246812557972938384e-02 -8.786753447401370043e-02 -1.751186749084889804e-01 -7.360168995154482696e-02 1.528035581305234869e-01 1.574505656573431944e-01 -2.333212931739415963e-01 1.009988184471156958e-01
4.354701294954144847e-02 3.609632159225719533e-02 -1.851021558994325189e-01 -1.549498836224819376e-01 4.576326724227576526e-02 1.844892853341665584e-01 7.849839355775588279e-02 -1.296952935958469166e-01 -1.571561284057797769e-01 2.580351120546001131e-02 1.781356348343788587e-01 8.849620160683950576e-02 -1.175273098216955553e-01 -1.604512644129891252e-01 1.785697458380971700e-02 1.732975677459082375e-01 9.050872378172436505e-02 -1.150534018880253473e-01 -1.635110792161260929e-01 1.345196674827916009e-02 1.700696341044495019e-01 9.200042944132975908e-02 -1.141040996043892058e-01 -1.636671455912585837e-01 1.180641369520056376e-02 1.699508621332181946e-01 9.381257650678695437e-02 -1.123622802755996908e-01 -1.624698560363053434e-01 1.137167361096666322e-02 1.706787386302223708e-01 9.482981882288718523e-02 -1.103874532883616227e-01 -1.630365646652867095e-01 8.853963606106142123e-03 1.687757901891821233e-01 9.800819896203909198e-02 -1.052247938238869973e-01 -1.666831644593535222e-01 -4.946517149376256257e-03 1.605193303343520339e-01 1.155882650386954452e-01 -7.914892638766773958e-02 -1.713708585528352646e-01 -5.547557451692430863e-02 1.245128136646699996e-01 1.563412467763379554e-01 1.802116442040191738e-02 -1.331555951568073048e-01 -1.475843371702920404e-01 -2.571796950912456914e-02 1.115872347925743885e-01 1.511824010163186072e-01 8.190275488827344907e-02 -4.507627833679598434e-02 -1.406705570596325505e-01 -1.344655904258074686e-01 1.338870286778800524e-02 1.623891689020256213e-01 1.295906520910991566e-01 -1.095355482072830622e-01 -1.967869586130692461e-01 2.161765335115582998e-01 -8.442790541009846661e-02
3.982246583191183242e-02 2.970455815970474145e-02 -1.945835729260604052e-01 -1.376096606991716320e-01 7.846401956354728813e-02 1.815467946894085416e-01 2.246447775261956048e-02 -1.670975361158875683e-01 -1.127098928216908463e-01 1.009516517223049137e-01 1.713941856095517191e-01 -8.416229167772990710e-03 -1.710079609037155057e-01 -8.267869080597035902e-02 1.292175368668476432e-01 1.529614329149293350e-01 -4.602454640896810889e-02 -1.754471466288959336e-01 -4.694756895130134527e-02 1.517695387471851010e-01 1.264807521727767392e-01 -8.389502495974293650e-02 -1.720557524915735936e-01 -6.841205323005303436e-03 1.668504857446471978e-01 9.447341653920487969e-02 -1.181701612241789073e-01 -1.574089779285781920e-01 3.445415330552824285e-02 1.746800131289489577e-01 5.772845970220791961e-02 -1.447047615815202637e-01 -1.335892873118128543e-01 7.322682055516460675e-02 1.736919981195952645e-01 2.011596122121838554e-02 -1.608711373668936240e-01 -1.081329448720687175e-01 1.016696093468183459e-01 1.654773226714699730e-01 -3.346493446917839839e-03 -1.662620214497193549e-01 -9.892048135714820445e-02 9.990604946457133650e-02 1.650016407905807447e-01 1.974208882838384554e-02 -1.474955055769742174e-01 -1.366748977616846217e-01 2.218032668920763215e-02 1.516519145744969488e-01 1.228065773472057365e-01 -1.650958954374249707e-02 -1.333541653859126597e-01 -1.402304195812863197e-01 -4.026992616293371963e-02 9.241934728913200892e-02 1.629365125071334242e-01 6.412732746852212173e-02 -1.222126751834723829e-01 -1.689368810792660491e-01 5.580529506714253241e-02 2.254410377567879209e-01 -1.961105081337179701e-01 6.956914907473613074e-02
3.686015662677328414e-02 2.387307700686662135e-02 -2.025966344217449144e-01 -1.171352761113183399e-01 1.080096519772888314e-01 1.672083040913399099e-01 -3.567187346993413305e-02 -1.828107845487234595e-01 -4.936106865089179285e-02 1.550401277007930068e-01 1.208094172249457865e-01 -1.027336851237324461e-01 -1.624078202147408445e-01 2.984294082654554564e-02 1.782042124185347909e-01 4.853456886031466688e-02 -1.540777044527077699e-01 -1.147827179674509451e-01 1.055515103377907271e-01 1.618909820940018784e-01 -3.415438652350817617e-02 -1.752473666109153616e-01 -4.187720022402707104e-02 1.580713358907236687e-01 1.097656241013441336e-01 -1.096438524043753943e-01 -1.582840253055062818e-01 4.139198660366018301e-02 1.747484740452806828e-01 3.430064266472213075e-02 -1.611601714482540082e-01 -1.046426737483157898e-01 1.142217112393327794e-01 1.539725772369653078e-01 -4.717392088543712753e-02 -1.752281055756630679e-01 -3.193048611866502323e-02 1.597843430132968867e-01 1.062076327287659744e-01 -1.088837747291694913e-01 -1.582128118271702855e-01 2.750694547420628674e-02 1.730505470938631940e-01 6.908963903551575136e-02 -1.271074151212367720e-01 -1.484676193073746209e-01 2.802715400592751399e-02 1.628173218197994376e-01 1.032270167097012054e-01 -7.107608990948756367e-02 -1.586286615544357792e-01 -8.657358568635535601e-02 6.146515344053965491e-02 1.479592154537234805e-01 1.130094443652848030e-01 -1.768386830920652686e-02 -1.513808096895747080e-01 -1.287923810279545112e-01 6.188315994948285353e-02 1.872847895845300425e-01 3.095222012630896233e-03 -2.430942025143459917e-01 1.744375946876894345e-01 -5.653031454837483677e-02
3.460332472845295548e-02 1.849196528327894801e-02 -2.090808726759281200e-01 -9.399304909083044945e-02 1.332121038472021401e-01 1.423738648929231132e-01 -9.046971796134076205e-02 -1.747954842709134038e-01 2.226610580087328220e-02 1.767854669038238791e-01 3.932111603925320803e-02 -1.653752776243341549e-01 -9.484898534853905550e-02 1.298218716478780899e-01 1.411709124236812107e-01 -8.257423206387295989e-02 -1.667871668579680167e-01 2.508155263396034951e-02 1.772571984500379561e-01 3.526694497884012153e-02 -1.631828220656314776e-01 -8.999847860287929491e-02 1.340910494854374579e-01 1.361424644561950725e-01 -8.687264789913669294e-02 -1.644656785398711241e-01 3.181546101529535153e-02 1.760742949701975257e-01 2.779691907160823650e-02 -1.657183608207366543e-01 -8.433091393690207715e-02 1.376339032706616339e-01 1.303431735355393140e-01 -9.237401792276932200e-02 -1.633322255612778273e-01 3.541992953619973322e-02 1.741038858549846247e-01 2.767054023507655933e-02 -1.651587376522899442e-01 -9.077081973973599727e-02 1.262536173621226221e-01 1.428888941933854351e-01 -6.486923853227798131e-02 -1.714743265380042347e-01 -2.466919648645936672e-02 1.560910583708451094e-01 1.130386503605462084e-01 -7.853536983885146816e-02 -1.659832125160553562e-01 -4.954492173292404655e-02 1.153624460117825823e-01 1.514127550041868553e-01 3.537824755195866783e-02 -1.027428072846122281e-01 -1.501836762436239980e-01 -6.223648317029129018e-02 1.032217123150778321e-01 1.680006853377293274e-01 8.474734701295436046e-03 -1.832320654608592114e-01 -6.200507225676964856e-02 2.502586736047650584e-01 -1.523050246566107768e-01 4.531348509432311933e-02
3.300871176035198584e-02 1.345980659558384217e-02 -2.139873566973588548e-01 -6.871006095155800242e-02 1.530579583478992034e-01 1.086023769272821543e-01 -1.368005621805730154e-01 -1.440920084942579060e-01 9.015902918695851975e-02 1.616513438619715803e-01 -5.222568412116664061e-02 -1.770267327944676783e-01 7.142750056876291664e-03 1.752379192570502064e-01 3.599377749463882753e-02 -1.682877510170163460e-01 -7.628828399601601806e-02 1.476396037803480721e-01 1.132830612230640022e-01 -1.211462536107071886e-01 -1.412006501135840975e-01 8.594420509842215505e-02 1.634407377449370036e-01 -4.670801821241020446e-02 -1.730638238394157091e-01 4.656770548755788386e-03 1.756429451370291051e-01 3.799441197197728909e-02 -1.648513126431468967e-01 -7.762894609326842499e-02 1.472523605605588759e-01 1.139721825518490855e-01 -1.179729714154004461e-01 -1.425198782486746807e-01 8.324400743950519099e-02 1.640793046610421468e-01 -3.968468441924435930e-02 -1.738591478253641298e-01 -7.701030774074034239e-03 1.715689009156762534e-01 6.035959955620981421e-02 -1.509760158316378609e-01 -1.119763781929038610e-01 1.076426362947872917e-01 1.550571543887477310e-01 -3.604561777093128611e-02 -1.706333965660328245e-01 -5.937516396507479949e-02 1.275659402006499854e-01 1.437610702791465855e-01 -1.456492893774688491e-02 -1.493238079905038762e-01 -1.186816063927402243e-01 2.102125217180204203e-02 1.405585401507959964e-01 1.252748097467290544e-01 -3.044534951203653472e-02 -1.747195037935003192e-01 -7.779410222141927567e-02 1.581766206190588220e-01 1.164126885602958794e-01 -2.480856536310566962e-01 1.306535904112696989e-01 -3.584108616336564163e-02
3.204573243774554853e-02 8.681769627644069301e-03 -2.172790614543655685e-01 -4.186215042305343331e-02 1.667491930104127995e-01 6.801373372345567714e-02 -1.703283334675838867e-01 -9.468561947968269499e-02 1.429313718198133021e-01 1.127949090418799566e-01 -1.304129451051631583e-01 -1.340955590128710406e-01 1.065414624444491476e-01 1.470031559387993125e-01 -8.655771587083332941e-02 -1.614848792335224492e-01 6.141799346051220881e-02 1.683266295982914496e-01 -3.740251235570034999e-02 -1.752300873239891754e-01 1.144968659809658153e-02 1.752787578154359205e-01 1.408005196675078848e-02 -1.743494959095123198e-01 -3.922617999555492313e-02 1.674391001753889330e-01 6.401004625158247807e-02 -1.589468042588805807e-01 -8.652250085326364248e-02 1.454291887406125583e-01 1.086359253718686690e-01 -1.299354339536359926e-01 -1.269815760421179607e-01 1.101167945075358645e-01 1.449979922951772637e-01 -8.748480027294540384e-02 -1.578794136105185208e-01 6.002610808958919186e-02 1.699342232930892427e-01 -2.734094328734002280e-02 -1.734503402319780285e-01 -1.270166724638249409e-02 1.714392270806295582e-01 6.086142459143922129e-02 -1.477448290205171100e-01 -1.140497674157890384e-01 1.017481679639795356e-01 1.581083438551141029e-01 -1.116518207725008052e-02 -1.599274550868596267e-01 -9.410213377769838239e-02 8.144816921023075029e-02 1.559411900058409739e-01 6.838339459023211331e-02 -8.763345307105002702e-02 -1.546739479180691546e-01 -4.970725336818153373e-02 1.484535261849126986e-01 1.358964087865309756e-01 -1.157998441561281650e-01 -1.628135348887259359e-01 2.381524123947504068e-01 -1.102023649683734896e-01 2.798023765917896297e-02
3.169588795800528519e-02 4.067821030246978643e-03 -2.189311472710518958e-01 -1.406079849817685155e-02 1.737352690364176444e-01 2.315575319718831543e-02 -1.879151901775728828e-01 -3.298918784225345069e-02 1.717326782817942543e-01 4.040817129429640636e-02 -1.752400523915439989e-01 -4.981871937539224249e-02 1.672625699416645517e-01 5.698438097564860472e-02 -1.673274101395418600e-01 -6.590550349130205876e-02 1.611186525141729275e-01 7.286862373854972874e-02 -1.594586929559562161e-01 -8.130121446030502685e-02 1.535044211512025802e-01 8.798042987824122863e-02 -1.506762197110079748e-01 -9.590849538471138414e-02 1.444831075079663629e-01 1.022286451797049106e-01 -1.407224096748771747e-01 -1.096590782080818782e-01 1.340347189082915225e-01 1.156520253540929688e-01 -1.293353906775838724e-01 -1.227762435873013119e-01 1.216374684547692764e-01 1.288482805066852865e-01 -1.152995559014634991e-01 -1.363968334044856345e-01 1.047221570888892117e-01 1.436933966443063038e-01 -9.386727845032748208e-02 -1.529752876624066726e-01 7.456924459802088956e-02 1.623097813297676717e-01 -5.074190486911097503e-02 -1.710101167121578225e-01 8.883276812377639831e-03 1.720601602034202149e-01 4.293677547628605567e-02 -1.513324082730043985e-01 -1.128689071313526554e-01 8.914062055821776742e-02 1.576118117060157919e-01 2.241925997128624976e-02 -1.330734895025305342e-01 -1.346762060823403218e-01 7.942443168156865588e-03 1.432145244076961366e-01 1.190231363091114603e-01 -9.483603445131140453e-02 -1.749579302619219678e-01 6.131855500397144498e-02 1.988930642033887863e-01 -2.222542405868117021e-01 9.145322852727072460e-02 -2.156416187248176228e-02
3.195241066789287349e-02 -4.689710981296296862e-04 -2.189311472710519513e-01 1.406079849817181565e-02 1.737352690364178109e-01 -2.315575319719192018e-02 -1.879151901775736044e-01 3.298918784225104289e-02 1.717326782817934216e-01 -4.040817129429810639e-02 -1.752400523915577102e-01 4.981871937386771892e-02 1.672625699490766504e-01 -5.698438088064858992e-02 -1.673274102853481438e-01 6.590550104574244283e-02 1.611186583155356511e-01 -7.286858475468600826e-02 -1.594587441208284440e-01 8.130087719060870299e-02 1.535050103919695652e-01 -8.797806390525463038e-02 -1.506792340733389690e-01 9.589735293031993735e-02 1.445005981413203799e-01 -1.021818682558708474e-01 -1.407843202947622330e-01 1.095081129442848494e-01 1.342707777171556482e-01 -1.152003013195773001e-01 -1.299824932481280504e-01 1.216455099723704747e-01 1.235061600258992587e-01 -1.261764156427304662e-01 -1.195624939087263500e-01 1.308245246238051163e-01 1.148401172054147462e-01 -1.326373653027750343e-01 -1.139787406677628817e-01 1.329511757349255141e-01 1.156806031832036119e-01 -1.278283253631253280e-01 -1.236410005633886977e-01 1.160692221762814058e-01 1.384923754769659954e-01 -9.058643505277072516e-02 -1.568009595354262486e-01 4.334918516698450797e-02 1.698138809938407601e-01 3.046555279430551363e-02 -1.453055511459752647e-01 -1.173701030506690834e-01 5.923749725440945191e-02 1.556576725963630392e-01 7.449442969839262241e-02 -9.459758719745932354e-02 -1.624736911835606146e-01 2.409053447052400890e-02 1.904168618182526529e-01 -6.503814104963778894e-04 -2.235464891996730152e-01 2.022210067778918985e-01 -7.471014774301736050e-02 1.640993701051071327e-02
3.282013318308361904e-02 -5.014075107507042980e-03 -2.172790614543657628e-01 4.186215042304854139e-02 1.667491930104127162e-01 -6.801373372345911883e-02 -1.703283334675849414e-01 9.468561947968065495e-02 1.429313718198109429e-01 -1.127949090418813305e-01 -1.304129451052006006e-01 1.340955590118942387e-01 1.065414624636193408e-01 -1.470031558872071376e-01 -8.655771623137958892e-02 1.614848782596715326e-01 6.141800698442820283e-02 -1.683266188570798350e-01 -3.740262461821189377e-02 1.752300501409748135e-01 1.145088316103433715e-02 -1.752788468140172862e-01 1.407441108940007436e-02 1.743519348620931053e-01 -3.919658750838635186e-02 -1.674571800762545137e-01 6.391621710381414911e-02 1.590341323478580982e-01 -8.620942999772333859e-02 -1.457718730545989327e-01 1.078982675589787721e-01 1.310153074754092928e-01 -1.252113524838622260e-01 -1.131628495535617618e-01 1.417641512342503185e-01 9.491897155107945072e-02 -1.521169793147555127e-01 -7.679174755170431466e-02 1.621708376498477711e-01 6.140403437064398395e-02 -1.649165833438204498e-01 -5.188735685574858564e-02 1.687346529424212371e-01 5.126498100066782804e-02 -1.636917494267622342e-01 -6.476427687764010899e-02 1.559439379317355268e-01 9.421057683584094233e-02 -1.253938840241721475e-01 -1.347744244464695873e-01 6.318722614533105186e-02 1.629372769983820080e-01 3.738166755783953188e-02 -1.248349881653565835e-01 -1.356051494812336167e-01 2.186112096987580244e-02 1.712990547433862476e-01 5.119704203127090070e-02 -1.812547305653353924e-01 -6.037587207087198593e-02 2.367655375896710324e-01 -1.797709135733958630e-01 6.010802657372098928e-02 -1.233236071305022011e-02
3.431557942951977969e-02 -9.653105929433939900e-03 -2.139873566973590491e-01 6.871006095155379745e-02 1.530579583478986483e-01 -1.086023769272853323e-01 -1.368005621805737371e-01 1.440920084942563240e-01 9.015902918695539725e-02 -1.616513438619722742e-01 -5.222568412121701698e-02 1.770267327943901847e-01 7.142750079880229828e-03 -1.752379192722094969e-01 3.599377710908518296e-02 1.682877520959704942e-01 -7.628827178023686595e-02 -1.476396288947090518e-01 1.132829781015416148e-01 1.211465481031787222e-01 -1.412000032527563342e-01 -8.594664190564522965e-02 1.634388175753003769e-01 4.672099238799771320e-02 -1.730607211846457716e-01 -4.714273441041802633e-03 1.756559895215858424e-01 -3.780785798160968270e-02 -1.649833279687871190e-01 7.709846582247656399e-02 1.477905510730753158e-01 -1.128028820525411868e-01 -1.199188023747331938e-01 1.402986741742987542e-01 8.824972966163373289e-02 -1.610399800742217113e-01 -5.219812032484026643e-02 1.715553675011261547e-01 1.701111598876933750e-02 -1.755863702300164420e-01 1.279127940700959531e-02 1.731416394976943718e-01 -3.697119870392776009e-02 -1.697577924149430428e-01 4.407537313153793435e-02 1.686238883243464104e-01 -4.064235710323756828e-02 -1.702713295396065252e-01 5.848462326217729497e-03 1.681841120348099294e-01 4.963983145842199712e-02 -1.400794977863306368e-01 -1.207264439564650765e-01 5.291557593072236665e-02 1.582303186217424162e-01 5.648170776198396109e-02 -1.444385010266938385e-01 -1.184809353426555939e-01 1.497042314521253581e-01 1.166647128605278888e-01 -2.394328541122653919e-01 1.564071035970369394e-01 -4.764637498580870378e-02 9.154053471365067307e-03
3.646727932171029557e-02 -1.447343778005685984e-02 -2.090808726759281200e-01 9.399304909082732695e-02 1.332121038472022234e-01 -1.423738648929256945e-01 -9.046971796134159471e-02 1.747954842709132928e-01 2.226610580086987173e-02 -1.767854669038244342e-01 3.932111603920481618e-02 1.653752776251823098e-01 -9.484898533119462405e-02 -1.298218717223673657e-01 1.411709122149735207e-01 8.257423453692334936e-02 -1.667871640657317411e-01 -2.508159513659364431e-02 1.772572106571451700e-01 -3.526658279344327407e-02 -1.631833430388218154e-01 8.999623699484196604e-02 1.340949626052924393e-01 -1.361348157347235244e-01 -8.689980354265695872e-02 1.644485814805662360e-01 3.191498772667597517e-02 -1.760828638434545623e-01 2.744404464771358493e-02 1.659310973615040208e-01 -8.352549700969652546e-02 -1.386525395256436866e-01 1.286907052657860762e-01 9.570107320837817344e-02 -1.613279383633904884e-01 -4.378958056206314065e-02 1.737433067294040234e-01 -9.904184269305189164e-03 -1.725359846028901856e-01 5.990406466849274025e-02 1.552452005082486097e-01 -9.833840653032251133e-02 -1.339415840085678711e-01 1.250673592574778337e-01 1.150442937652547126e-01 -1.370697220292157736e-01 -1.051560603880009465e-01 1.345094106720637339e-01 1.181634216805023813e-01 -1.129018102453222816e-01 -1.400490964117099002e-01 5.857257045319074623e-02 1.603983623652846247e-01 3.642030718161930192e-02 -1.366262403522208735e-01 -1.213687669050261819e-01 8.817570422430288934e-02 1.673613269516198709e-01 -1.005234066692624328e-01 -1.642938397036607656e-01 2.330673556352653164e-01 -1.333568414340951247e-01 3.722383451007725552e-02 -6.712184295208767533e-03
3.931631307094311106e-02 -1.956584981118141692e-02 -2.025966344217448034e-01 1.171352761113160917e-01 1.080096519772890395e-01 -1.672083040913423801e-01 -3.567187346993504898e-02 1.828107845487240424e-01 -4.936106865089470025e-02 -1.550401277007925349e-01 1.208094172249138121e-01 1.027336851251996336e-01 -1.624078202101814639e-01 -2.984294092579600766e-02 1.782042124939233196e-01 -4.853456648839308413e-02 -1.540777128568475984e-01 1.147826889564142055e-01 1.055516068790059298e-01 -1.618908740173025940e-01 -3.415556015071899432e-02 1.752476308644012326e-01 -4.187191467489857072e-02 -1.580782165579898702e-01 1.097438569375624728e-01 1.096901172445528816e-01 -1.582457518705027988e-01 -4.157936035947925463e-02 1.747636543743402715e-01 -3.372795837771218330e-02 -1.615766686008012765e-01 1.034486962784112313e-01 1.162216071313395549e-01 -1.522580960188522348e-01 -5.257688338395005018e-02 1.750371688674688120e-01 -1.945812733916026105e-02 -1.666760237994347471e-01 8.637610073187129700e-02 1.344137700204768582e-01 -1.341485833852568976e-01 -8.807720574853183937e-02 1.651517990584090434e-01 4.019839802341171331e-02 -1.734190256443419453e-01 -4.947117956572251105e-03 1.752974597891976127e-01 -1.012827849228288904e-02 -1.735972788862351623e-01 -2.226515487065432349e-03 1.659534952137186603e-01 4.780367976232764021e-02 -1.424572822461460664e-01 -1.146736379543889933e-01 7.743062692770830147e-02 1.578282927857040663e-01 -1.428481342994920508e-02 -1.910526971070896640e-01 4.002279738365212280e-02 2.007312974898745883e-01 -2.195600840273396193e-01 1.115485786027280574e-01 -2.867057520079745875e-02 4.862348755084820902e-03
4.291709550834385545e-02 -2.502623570425370134e-02 -1.945835729260603497e-01 1.376096606991698001e-01 7.846401956354757956e-02 -1.815467946894099016e-01 2.246447775261890129e-02 1.670975361158901773e-01 -1.127098928216924006e-01 -1.009516517223049414e-01 1.713941856095455574e-01 8.416229169330276261e-03 -1.710079609137553636e-01 8.267869072748880444e-02 1.292175371831674746e-01 -1.529614320675719008e-01 -4.602456030104649237e-02 1.754471517883006704e-01 -4.694746649425671908e-02 -1.517697768342252118e-01 1.264800635164301523e-01 8.389747675292706652e-02 -1.720550217921909264e-01 6.828380643664443139e-03 1.668622023739197158e-01 -9.442866564217761161e-02 -1.182481340408922665e-01 1.573397135891066723e-01 3.480520306499422512e-02 -1.747533077619046749e-01 5.688108752128672591e-02 1.456539661665089136e-01 -1.320715586957552090e-01 -7.672947094733793827e-02 1.730136131206195249e-01 -1.185167844029146218e-02 -1.658208791167732898e-01 9.427591161558993016e-02 1.209263303677113044e-01 -1.530494672470414097e-01 -5.061898355519232201e-02 1.751859851146791713e-01 -2.371790571479851645e-02 -1.674672702397839996e-01 7.937576852374080005e-02 1.438244492300626287e-01 -1.185811140243660244e-01 -1.217951927642589860e-01 1.278166364215283235e-01 1.173750003248294482e-01 -1.154971768748188909e-01 -1.357002570633455141e-01 7.376030850313929077e-02 1.576950703458993297e-01 2.859324346084087930e-03 -1.582138159452974313e-01 -6.274687262934154630e-02 1.870501189201509429e-01 2.496253649696608332e-02 -2.248469659826983769e-01 2.009319994562626388e-01 -9.161945596086826238e-02 2.177658240081105021e-02 -3.480189246484756069e-03
4.733841539784108127e-02 -3.095740940293205054e-02 -1.851021558994320471e-01 1.549498836224807163e-01 4.576326724227650078e-02 -1.844892853341667804e-01 7.849839355775532768e-02 1.296952935958497199e-01 -1.571561284057797769e-01 -2.580351120545911620e-02 1.781356348343997031e-01 -8.849620160575318029e-02 -1.175273098421070334e-01 1.604512643906564895e-01 1.785697497193112354e-02 -1.732975689153284926e-01 9.050871370230416380e-02 1.150534368124124379e-01 -1.635110526054016633e-01 -1.345233421195474177e-02 1.700700821439914967e-01 -9.199836216441630021e-02 -1.141086341178502161e-01 1.636640140716010827e-01 1.183572694257946888e-02 -1.699690435245093945e-01 9.373544663358510109e-02 1.125166991952470941e-01 -1.623712902289489446e-01 -1.194754169546432231e-02 1.709671003519076249e-01 -9.362628775544290516e-02 -1.124169188929620283e-01 1.618617655713727455e-01 1.428174081291499684e-02 -1.713491921892774938e-01 8.794480960436747152e-02 1.190617084588393992e-01 -1.590176087133007288e-01 -2.860043158777490421e-02 1.740249091172177687e-01 -6.424866260457849643e-02 -1.429387851231014028e-01 1.344542243802440140e-01 8.486226878801460261e-02 -1.683934256730141021e-01 -2.438617617837006077e-02 1.754431833039261923e-01 -7.199524582180240329e-03 -1.730679303070211672e-01 1.180854607728566708e-02 1.699095714295561499e-01 2.127234896049376434e-02 -1.528988179647114698e-01 -8.287095206586034268e-02 1.234066571194532280e-01 1.287277644297631918e-01 -1.570051668644692755e-01 -8.799278635928489689e-02 2.367602208204533654e-01 -1.791349213547841490e-01 7.394461065808234645e-02 -1.631476872568039110e-02 2.461339552567256596e-03
5.266474959014064150e-02 -3.747104098698161162e-02 -1.742239314737142608e-01 1.687610084962250234e-01 1.122232630572792163e-02 -1.758510709014736439e-01 1.271856973185964967e-01 7.545880850512381999e-02 -1.752456923192233507e-01 5.472753568912026162e-02 1.393092751863994061e-01 -1.581226103228715041e-01 -2.138087636312547765e-02 1.707877158554046426e-01 -1.021232294527439355e-01 -9.836316161809180447e-02 1.710349536244772095e-01 -2.472691609320763415e-02 -1.549166678218886761e-01 1.362279853253692830e-01 5.627593359797564837e-02 -1.751851128538194358e-01 6.860722846263490882e-02 1.270473348548637194e-01 -1.582389121456203585e-01 -1.407036211150802969e-02 1.693873178173609384e-01 -1.066144467614407176e-01 -9.264058430512846221e-02 1.716369108128028564e-01 -2.869041803528171383e-02 -1.519886053180468932e-01 1.353499154191216691e-01 5.653968093865816003e-02 -1.762266704001580198e-01 6.638379790461912400e-02 1.295928346666523623e-01 -1.546633112699579704e-01 -2.560250641224991186e-02 1.731066196070712715e-01 -8.560073392815283067e-02 -1.195996555185012411e-01 1.608911987510246999e-01 2.760280777984147615e-02 -1.754291308284584017e-01 5.866058221397520839e-02 1.507944034851281256e-01 -1.158544270414175459e-01 -1.186914346875878601e-01 1.406364954072422402e-01 9.823737668476241469e-02 -1.370925166713495569e-01 -1.098055558705803569e-01 1.024521458144191099e-01 1.422137054964414671e-01 -6.193714409171146434e-02 -1.723650791741595523e-01 1.059641346499562847e-01 1.437216612340140309e-01 -2.375785100612886891e-01 1.559064192258740322e-01 -5.867975413917634470e-02 1.205860428850033007e-02 -1.720221681678865125e-03
5.899787712402797257e-02 -4.468975913756340068e-02 -1.620309882895972498e-01 1.787284767501436389e-01 -2.376987605399207351e-02 -1.561743867496580007e-01 1.639697769058705012e-01 1.142789023759661383e-02 -1.639447817980574651e-01 1.238417952111243447e-01 6.484704497375193277e-02 -1.789950956528834625e-01 8.252742812155666741e-02 1.093437340504943844e-01 -1.728080912997570773e-01 3.064651054378495984e-02 1.457243063773341341e-01 -1.474457478759202134e-01 -2.774279985948347252e-02 1.708397516108799141e-01 -1.095964192261014852e-01 -8.183329988651695530e-02 1.763062011941448626e-01 -5.974067310407905201e-02 -1.271324234547151211e-01 1.609879908746888744e-01 -1.325511434440144586e-03 -1.605851614124710336e-01 1.293788605492372235e-01 5.680751884696638720e-02 -1.757078331468571175e-01 8.338096839211163458e-02 1.085073338632443207e-01 -1.689526959314805177e-01 2.476147477415341358e-02 1.502958299351905003e-01 -1.415537618712780499e-01 -4.076135522629230346e-02 1.745583767834677502e-01 -9.141560266202156115e-02 -1.072486990706092158e-01 1.687074909087211694e-01 -1.109787090064439687e-02 -1.638693948001864187e-01 1.128307295865885185e-01 9.843865197005310930e-02 -1.697237811470940771e-01 -1.889164285210403332e-02 1.775127664749691636e-01 -3.633370212637931224e-02 -1.655110851402589456e-01 5.032411596365483214e-02 1.620736083314504028e-01 -2.182090320736599851e-02 -1.665739611459632064e-01 -1.251796275636586804e-02 1.870075499679511588e-01 -4.120598321666613106e-02 -1.883178538588622941e-01 2.290834683899902746e-01 -1.326803571988010022e-01 4.580950502579179962e-02 -8.794523059224420777e-03 1.188141818947000038e-03
6.645882411618286856e-02 -5.274945977764020077e-02 -1.486153360439622095e-01 1.846252719325174041e-01 -5.780626695318983460e-02 -1.266943716871963277e-01 1.854080349632969138e-01 -5.408634998400533439e-02 -1.251486737952535455e-01 1.671212455103095740e-01 -2.620331907343374789e-02 -1.446780469730949981e-01 1.564759105400561345e-01 1.943633174882442895e-03 -1.600777095490035218e-01 1.428082272330295777e-01 3.023906798324188169e-02 -1.684273137738576398e-01 1.206665309618260573e-01 6.114721598142604936e-02 -1.740474180342214960e-01 9.398407950691395341e-02 9.122727845573908034e-02 -1.759148451775523203e-01 6.560769623467076206e-02 1.168365920959378162e-01 -1.701117240777273998e-01 3.421749723951213878e-02 1.387248615834528187e-01 -1.567959424754330755e-01 -2.795315872677927357e-04 1.576285807930717930e-01 -1.385217713062216194e-01 -3.544407403540114632e-02 1.707871989304652338e-01 -1.142723982567025731e-01 -7.114977051164278476e-02 1.754418972131329135e-01 -7.925463062684491578e-02 -1.099247703197068493e-01 1.698880177713918971e-01 -2.740126964225063355e-02 -1.507171864597202926e-01 1.439782400541352037e-01 4.865223739019278876e-02 -1.782813183541291924e-01 6.720927282887936838e-02 1.425902723231450842e-01 -1.354781847222447377e-01 -8.750375853794872816e-02 1.603803470391976516e-01 5.678937414257115290e-02 -1.611394058447137845e-01 -6.547462315320742854e-02 1.508158703551688018e-01 8.448676251722921082e-02 -1.713199089801101527e-01 -2.905903703737010985e-02 2.196084931940532059e-01 -2.134144905614265564e-01 1.105478953173486406e-01 -3.519551328747567293e-02 6.329733788556089931e-03 -8.110399910979891039e-04
7.519017660486325416e-02 -6.180186435010713575e-02 -1.340782111715184965e-01 1.863170901775408339e-01 -8.951820768199710010e-02 -8.926153621662927251e-02 1.894940792869704016e-01 -1.125802681094869445e-01 -6.536386787338943627e-02 1.755373002371180269e-01 -1.105507691501360357e-01 -6.575243533367465532e-02 1.736191520321767323e-01 -1.062733580197732924e-01 -7.007709677409700022e-02 1.764609515847453403e-01 -1.039581869512514745e-01 -7.319437534415221269e-02 1.767128204854981344e-01 -1.001949351723651349e-01 -7.743358909529321488e-02 1.750913013747902591e-01 -9.360205877579104439e-02 -8.415595391290280058e-02 1.749360792928323638e-01 -8.640646615947364384e-02 -9.147990700608898962e-02 1.760143237258058324e-01 -7.997225377358833931e-02 -9.778780061897694720e-02 1.756713678637309706e-01 -7.275981014600660379e-02 -1.044957082995242453e-01 1.734126733321391112e-01 -6.263382009449082466e-02 -1.139625404928019115e-01 1.710616481273494749e-01 -4.820332539375914160e-02 -1.270903612389330251e-01 1.678775189623115671e-01 -2.591758301053925795e-02 -1.451395386318084235e-01 1.561295164063123408e-01 1.347981918386247438e-02 -1.684413038802683449e-01 1.173536634485394942e-01 8.405051457137142912e-02 -1.762506123888762377e-01 1.613925456025947641e-02 1.691049809527472303e-01 -8.516903614120112376e-02 -1.435543835797673529e-01 1.078215945561133149e-01 1.350029123639018835e-01 -9.953389910247562034e-02 -1.400454282446225163e-01 1.289263690555781938e-01 9.689820701267898295e-02 -2.369852244184075252e-01 1.927876177711878580e-01 -9.025937553646633249e-02 2.662015981053423089e-02 -4.496260886664435637e-03 5.471566347888614807e-04
8.535880554719539604e-02 -7.201737589337488255e-02 -1.185293129001582235e-01 1.837653990750616750e-01 -1.176305280916448287e-01 -4.622560285442867123e-02 1.758454997270606501e-01 -1.564614467169592738e-01 5.383119556369503865e-03 1.473342745041874569e-01 -1.666188896919956197e-01 3.344661593740060751e-02 1.277336645228915879e-01 -1.698246796418120264e-01 5.375004608654725818e-02 1.131040584067182775e-01 -1.738258376594559451e-01 7.254253391564204068e-02 9.749597038998984722e-02 -1.769047985681408974e-01 9.083790181954354281e-02 7.975448012414870780e-02 -1.760844650764468999e-01 1.070763121119685246e-01 6.185454385140003175e-02 -1.719942316169165708e-01 1.202056549394467377e-01 4.513594311444060064e-02 -1.672120050543768055e-01 1.312451852112843653e-01 2.924104751648785167e-02 -1.625492209473641259e-01 1.415831394793903020e-01 1.377095538119556609e-02 -1.569413854482630544e-01 1.506338044474535565e-01 4.199666327524011178e-04 -1.511007440456389461e-01 1.557668343950472933e-01 -6.551509421754680290e-03 -1.498299440730456178e-01 1.543635565890878469e-01 8.171922620578311695e-04 -1.586925872727652231e-01 1.421356271610503819e-01 3.666654685939100405e-02 -1.766671270696004159e-01 9.820997378950911683e-02 1.134684862479064943e-01 -1.679564281054878316e-01 -2.763952762699344382e-02 1.776589087695805147e-01 -1.957707329605536464e-02 -1.682313079720786919e-01 2.522460506610398404e-02 1.694296694548489135e-01 -6.725174194427802066e-02 -1.556051399046640693e-01 2.411391032535341872e-01 -1.692733838315315653e-01 7.225554627272776087e-02 -1.982329431985451959e-02 3.152097751822485316e-03 -3.647966342400743816e-04
9.715905604888666613e-02 -8.358828667783940736e-02 -1.020859754448589507e-01 1.770283152746849331e-01 -1.410128025135944652e-01 -2.880100667777644725e-04 1.457396576974498703e-01 -1.800341787033735153e-01 7.522730341015365640e-02 8.839564075371283969e-02 -1.800652308961599446e-01 1.223330765698835004e-01 3.547719529074909450e-02 -1.620003228465521916e-01 1.516317997411308627e-01 -1.243192513757007851e-02 -1.361295945660871420e-01 1.682252427570931630e-01 -5.634824000539192385e-02 -1.041873584539631248e-01 1.750473124695102189e-01 -9.595303153711430555e-02 -6.603138316992752943e-02 1.717434633379150144e-01 -1.298679449600573244e-01 -2.338481565891615058e-02 1.570591328227995687e-01 -1.556680553468609007e-01 2.041933364210027357e-02 1.320897890859540624e-01 -1.708600599798416886e-01 6.181142497706704209e-02 1.003851641340425399e-01 -1.751645115377642170e-01 9.746641452415943929e-02 6.599895233922466187e-02 -1.713307260600132331e-01 1.249428418902460841e-01 3.348814015468477151e-02 -1.635595371743144844e-01 1.437358387746665578e-01 1.037007404420646484e-02 -1.573759362359173075e-01 1.533199940054790766e-01 7.794828230009747533e-03 -1.626838645916779125e-01 1.447644155294390833e-01 4.256136375084725726e-02 -1.808004180260068816e-01 8.434365484727111839e-02 1.300001991019289482e-01 -1.467858440937956366e-01 -7.579314137589589218e-02 1.571288682738931075e-01 5.518751822608188723e-02 -1.684682391125135459e-01 -4.102453079651521319e-03 2.003006557269976229e-01 -2.336995633881533141e-01 1.446436187804886475e-01 -5.671657744335592555e-02 1.453090947885443684e-02 -2.180310845617077203e-03 2.403019911852259931e-04
1.108164617795689144e-01 -9.673239778242953557e-02 -8.487228258688063465e-02 1.662592808361519903e-01 -1.587248053524411007e-01 4.566766160082896819e-02 1.019941387770787605e-01 -1.802387609961603465e-01 1.324551078916374469e-01 1.101666938452174581e-02 -1.474501648263085996e-01 1.735005959920095098e-01 -6.965851279043269728e-02 -8.608878949033733907e-02 1.763202010622309801e-01 -1.311334431420246027e-01 -1.419599361571785047e-02 1.478328760334888525e-01 -1.670612301812504918e-01 5.653468789865997990e-02 9.726658207971521086e-02 -1.749662107967858704e-01 1.162222589385547566e-01 3.340802761626195799e-02 -1.564793681122853553e-01 1.570673174555978491e-01 -3.452250652363168804e-02 -1.153169915637473619e-01 1.744886018719602749e-01 -9.673062267102330858e-02 -5.740707897441232888e-02 1.667291419114190487e-01 -1.445300755525215364e-01 8.140574867651038937e-03 1.353518830081191504e-01 -1.717373402810878358e-01 7.051001580553327430e-02 8.774556757065776758e-02 -1.760698697896787290e-01 1.203175789337228713e-01 3.702646827474928570e-02 -1.637603661850520198e-01 1.510124368243132842e-01 -2.090870792992873071e-03 -1.516219383949786448e-01 1.615245550303029409e-01 -1.036942981193346262e-02 -1.577240956377614634e-01 1.482074815746259877e-01 4.139233169744629959e-02 -1.789074090215198864e-01 6.236575781183913841e-02 1.491908498130547489e-01 -1.055375031464092922e-01 -1.244442120116908412e-01 1.387219262118783436e-01 7.508823885812465626e-02 -2.281741694207841953e-01 2.168480615585916815e-01 -1.202859784138315541e-01 4.361871027660711719e-02 -1.047574970337237198e-02 1.486824540749771438e-03 -1.562897393533395590e-04
1.265920555663424818e-01 -1.116971187427119733e-01 -6.701813131976593063e-02 1.517035684730924094e-01 -1.700543185358758258e-01 8.875669676096592520e-02 4.870305676393062166e-02 -1.570486391395110870e-01 1.674688515839324598e-01 -6.866050471448911785e-02 -7.711675601541984060e-02 1.711726997531922700e-01 -1.495061839595157038e-01 2.600503354973755094e-02 1.158980475870479004e-01 -1.777441952049834129e-01 1.165221264741681251e-01 2.543612480686198787e-02 -1.498987984879911750e-01 1.695032253299730840e-01 -7.052541574362136689e-02 -7.766138957072310500e-02 1.713954040294418668e-01 -1.444162435664757271e-01 1.585399771007402550e-02 1.236477966915669885e-01 -1.758939315103109635e-01 1.036817086258468718e-01 4.172534766640660642e-02 -1.573714668624472124e-01 1.614059369547966583e-01 -5.058574263662044684e-02 -9.617909158875270759e-02 1.741736603427845587e-01 -1.275335591423094328e-01 -1.125552838424583209e-02 1.422201517487572398e-01 -1.695985832437226504e-01 7.251323112387982051e-02 8.005327805744180680e-02 -1.731126742156653131e-01 1.331221147920999825e-01 1.199712041865769706e-02 -1.516856404254361690e-01 1.647950184906191717e-01 -3.368707143719098379e-02 -1.323440170754309197e-01 1.751087228682999541e-01 -3.338206316558040704e-02 -1.488586143653295446e-01 1.541090837826679105e-01 4.536512484785770738e-02 -1.789995710749762159e-01 2.730726590555145397e-02 1.686520118991599870e-01 -8.650691430626504530e-02 -1.367402527227184750e-01 2.384139483970010853e-01 -1.929629926267281415e-01 9.717711706369068503e-02 -3.279057696160554702e-02 7.410599865108106164e-03 -9.974763567495669152e-04 1.001716251912720978e-04
1.447873585543288100e-01 -1.287641244367574989e-01 -4.865825162801044185e-02 1.336926952858076834e-01 -1.745457705447944485e-01 1.262743236576054917e-01 -9.146111691491118009e-03 -1.134738540204527496e-01 1.743963756611670024e-01 -1.340143153850447411e-01 1.294342785803383016e-02 1.160671477907728733e-01 -1.750788247388803398e-01 1.271691912692227422e-01 -4.686152030062324010e-04 -1.266398650270321169e-01 1.751360428190493757e-01 -1.145115014441953766e-01 -1.799776272056336987e-02 1.392963933671041987e-01 -1.730526623979424250e-01 9.790486332920553258e-02 3.916016748840543682e-02 -1.515391049418353675e-01 1.680313168953909142e-01 -7.813817560804690865e-02 -6.143620381859053736e-02 1.620613091348019619e-01 -1.596319650565968806e-01 5.561001288944274895e-02 8.401258589624188700e-02 -1.701503158257951509e-01 1.473587037136692424e-01 -2.994602023964599430e-02 -1.070672606448165032e-01 1.753934915007695494e-01 -1.294617364794288794e-01 -1.604656922690051411e-03 1.325362665930957251e-01 -1.762073600036891396e-01 9.924435264524825162e-02 4.732741549764046124e-02 -1.630201967513485450e-01 1.621006911625798297e-01 -3.560011037488092916e-02 -1.212100454595256005e-01 1.833024999611620465e-01 -8.355495088967615502e-02 -1.009134387127516297e-01 1.866971333476246664e-01 -6.579507574034469675e-02 -1.386639350147572947e-01 1.569927039463145657e-01 5.793512985498864426e-02 -1.798226099281935997e-01 2.118202926876822448e-02 1.822929775156887089e-01 -2.319113167533218001e-01 1.643338415066599445e-01 -7.590110653734595536e-02 2.396369446966354136e-02 -5.115422165795238327e-03 6.547843013116536309e-04 -6.294477415441582376e-05
1.657501432939994523e-01 -1.482546568621269656e-01 -2.993118979528775273e-02 1.126368722144431289e-01 -1.720185554183252252e-01 1.558654972727746002e-01 -6.613930168333181925e-02 -5.517034335516571297e-02 1.520758642944180228e-01 -1.714112132444043368e-01 9.969263104341453963e-02 2.517462760411318459e-02 -1.370928334825314288e-01 1.748853618073526184e-01 -1.166090753310104200e-01 -5.915118731262231783e-03 1.253753067957335821e-01 -1.754464246327076815e-01 1.276794901195794918e-01 -8.570816729363666883e-03 -1.154356295206877409e-01 1.748098613317453365e-01 -1.358939204453795957e-01 2.045896706283116193e-02 1.065771365718093250e-01 -1.735271062861300784e-01 1.423785171890904477e-01 -3.062137798799854232e-02 -9.857891337045740499e-02 1.719071558757681029e-01 -1.475670056275986408e-01 3.913378729854608690e-02 9.188114864960271466e-02 -1.704491225810941257e-01 1.513394626646445973e-01 -4.470589682677311022e-02 -8.864241095395501702e-02 1.705111006188285705e-01 -1.524523089222842576e-01 4.258163048935051376e-02 9.517507553835076461e-02 -1.748994828214480712e-01 1.456499950044052305e-01 -1.893651483184749518e-02 -1.248329213442614244e-01 1.823487273320988922e-01 -1.064999644956441810e-01 -6.055544144642524551e-02 1.815190243864865105e-01 -1.367141667261292381e-01 -5.033555501404708699e-02 1.855637856129328800e-01 -8.992393922976008036e-02 -1.300104544126668982e-01 1.568790042012764563e-01 4.684052668757945209e-02 -2.077885151653036666e-01 2.108367546695321393e-01 -1.329634608525931128e-01 5.669849619859382989e-02 -1.681399278069354783e-02 3.399669666922832192e-03 -4.147296419366064846e-04 3.822571943923905947e-05
1.834064659362677208e-01 -1.647443740606552853e-01 -9.809075812956789125e-03 8.461578336095794406e-02 -1.558548202865017995e-01 1.695842335059900563e-01 -1.143589922844696627e-01 1.244928155688423098e-02 9.831022946383258243e-02 -1.663540288755984420e-01 1.570458165113482740e-01 -7.446336605058508085e-02 -4.398302508135748523e-02 1.422674384728367103e-01 -1.719067678546648270e-01 1.182925304801934613e-01 -6.865477976763518196e-03 -1.084702950596582727e-01 1.706382177587261184e-01 -1.488636688769089111e-01 5.351565296097206964e-02 6.872589332895139014e-02 -1.570495951150056024e-01 1.674753184121800242e-01 -9.454054288725988187e-02 -2.585275904039447195e-02 1.335491835104174463e-01 -1.746720627409442950e-01 1.283776403214458017e-01 -1.740688186054007922e-02 -1.025709251318694393e-01 1.712694610017038432e-01 -1.536543506259531178e-01 5.795922477091342007e-02 6.756013235101963887e-02 -1.594403667624665066e-01 1.697270286974827957e-01 -9.176957225849102784e-02 -3.477031470621282094e-02 1.450833603337368383e-01 -1.781440703575056517e-01 1.130095718165708418e-01 1.675996578933306932e-02 -1.419058362400845152e-01 1.832545768864911051e-01 -1.089615138145811901e-01 -4.091419542546556598e-02 1.708557793786777690e-01 -1.716961864668805349e-01 2.726586871148741278e-02 1.499533422360131707e-01 -1.777059724491802939e-01 2.945464695820908989e-04 1.780490293119164347e-01 -1.112796157316142398e-01 -1.097641599527920120e-01 2.202978968118152747e-01 -1.864146292212611189e-01 1.056547262808614079e-01 -4.174731829204119532e-02 1.165002850234307490e-02 -2.233874874716021679e-03 2.599399749076261915e-04 -2.298447045760258835e-05
1.974040984026240730e-01 -1.778995212443716667e-01 1.077022588533604192e-02 5.136220350444375971e-02 -1.273359216689753104e-01 1.660334959019028056e-01 -1.474087533037531650e-01 7.796670948735261175e-02 2.421673184192733863e-02 -1.200952948111984747e-01 1.680914508965133669e-01 -1.482333547292274956e-01 6.681196912063699922e-02 4.429855814951606102e-02 -1.375091815398041262e-01 1.728479187385149607e-01 -1.345897040756392771e-01 3.758723919161139487e-02 7.631799577605558049e-02 -1.575999100790325680e-01 1.708526924038696881e-01 -1.092995804839960450e-01 -3.482018944570187285e-04 1.099920590243859270e-01 -1.717685436268426014e-01 1.580346136122538769e-01 -7.473871663793441034e-02 -4.130133738855443909e-02 1.392865691653111804e-01 -1.757798117526470083e-01 1.346769382678962013e-01 -3.430109726217694249e-02 -8.138741004480411212e-02 1.609454328033526893e-01 -1.690208388990034893e-01 1.018515981172782719e-01 1.167844650913295139e-02 -1.203306359992952629e-01 1.749021936313449321e-01 -1.494518277110709614e-01 5.217785455140806772e-02 7.148178060770847553e-02 -1.629175112519269941e-01 1.746831484682798974e-01 -9.147907197291779702e-02 -4.520989877916089389e-02 1.626427863788214301e-01 -1.838298995374132161e-01 7.604783772546216958e-02 9.547286610131039408e-02 -1.978144413304266380e-01 1.176407320360936259e-01 9.105869815785633259e-02 -1.943085717163748061e-01 5.018303373169444997e-02 1.623135466895161971e-01 -2.210374077062352560e-01 1.606174217853686137e-01 -8.248512709926410225e-02 3.030150693517424249e-02 -7.971261616315557935e-03 1.451222623017254599e-03 -1.612121371634126410e-04 1.368256802910694135e-05
2.074637989100306668e-01 -1.874538373563428006e-01 3.084754196675677795e-02 1.493247545124729535e-02 -8.872265364451746572e-02 1.455748709646896288e-01 -1.609044734671644383e-01 1.303186080979763795e-01 -5.488412264224613868e-02 -4.409209173203987309e-02 1.295725465892083317e-01 -1.705082074620830335e-01 1.507424608152611312e-01 -7.401899225247360325e-02 -3.136384186043577466e-02 1.256280867167227366e-01 -1.737720505883661448e-01 1.562414036103100534e-01 -7.940028009769838080e-02 -2.705897846073020835e-02 1.234073843118823621e-01 -1.729115195083343604e-01 1.567475831442536327e-01 -8.179971495784463253e-02 -2.390358964742289941e-02 1.205595150881734051e-01 -1.714037865820656203e-01 1.576678210169913386e-01 -8.421567318993486428e-02 -2.165605550224362907e-02 1.195065054362985935e-01 -1.722497743780705415e-01 1.592354490099269770e-01 -8.442474535586692863e-02 -2.340758269905734643e-02 1.229885828766263539e-01 -1.750963947094042183e-01 1.577467018578175839e-01 -7.756602600467807362e-02 -3.516383076006356079e-02 1.351591329112918904e-01 -1.788354013477379545e-01 1.475220206231478148e-01 -4.944526505063978616e-02 -7.559298329972877206e-02 1.669149996325255958e-01 -1.790984712357469311e-01 9.175271782542346322e-02 5.832531560499323170e-02 -1.800213314832178613e-01 1.772677134547391842e-01 -2.269861566102743949e-02 -1.638855703260741759e-01 1.771877530486340169e-01 1.803811336684888258e-02 -2.012428026617245902e-01 2.120620870007147163e-01 -1.350812019455269741e-01 6.329373574024524385e-02 -2.168326283992889902e-02 5.386140386007665266e-03 -9.320729278277498954e-04 9.892720512028615012e-05 -8.063568564762811687e-06
2.133848826880418992e-01 -1.932139441455352213e-01 4.948709596704499447e-02 -2.242065058218468271e-02 -4.307602669892819647e-02 1.102917462876192023e-01 -1.530559208004122762e-01 1.606647882793312554e-01 -1.226364438092025499e-01 4.283157129004518116e-02 5.284703828955389371e-02 -1.335498104369892136e-01 1.740607408077460005e-01 -1.583357057040296889e-01 9.114611555378507313e-02 4.436717764829543192e-03 -9.863581594979643763e-02 1.609861369943736131e-01 -1.712407974739817984e-01 1.273950300562836369e-01 -4.306069459538128252e-02 -5.552164308586732960e-02 1.363283613562455143e-01 -1.737081481439414210e-01 1.552859641637001076e-01 -8.578640915375376763e-02 -1.207394751705608872e-02 1.062226243524540537e-01 -1.659913788267710633e-01 1.709711783143222363e-01 -1.196583993503400334e-01 2.944468199052742777e-02 7.050325522726987038e-02 -1.470828398471082099e-01 1.751691672421728796e-01 -1.459684490975166893e-01 6.779077481318075693e-02 3.393150252519108734e-02 -1.251790163013881685e-01 1.755153998096424250e-01 -1.642384488621523864e-01 9.271916189671497444e-02 1.440452664817059615e-02 -1.208738382766988972e-01 1.813927998646599205e-01 -1.666753457895589208e-01 7.916561392698527599e-02 5.326359657376557311e-02 -1.654407795488965771e-01 1.910672232140369076e-01 -9.539428049871510884e-02 -8.058088593645822140e-02 2.028958429901159821e-01 -1.307195706461997120e-01 -8.521400183226765512e-02 2.253157726788966864e-01 -1.958440040810426330e-01 1.110385108421944184e-01 -4.775295785934212389e-02 1.529874102648655712e-02 -3.594068889677730100e-03 5.918273789898984482e-04 -6.006268776098536502e-05 4.704208035491140435e-06
2.150492255606692993e-01 -1.950632600723337384e-01 6.582012356197287917e-02 -5.838732307475822531e-02 5.985389415205298776e-03 6.377715045543581873e-02 -1.249042201761080551e-01 1.638809665064377696e-01 -1.650309073395227200e-01 1.191469723723677376e-01 -3.946129150467950902e-02 -5.019722867153745410e-02 1.273907347270994417e-01 -1.699204574066863205e-01 1.660990375402509878e-01 -1.193670513691035273e-01 4.138948753965555893e-02 4.836224139550595463e-02 -1.253175881340778397e-01 1.692650980191601207e-01 -1.679980239206304571e-01 1.199876801650552605e-01 -3.848136751666722533e-02 -5.350611633965979969e-02 1.309821798200381526e-01 -1.719696451653357494e-01 1.652893206876490384e-01 -1.139316027364946499e-01 3.158625655128342175e-02 5.964958444657441489e-02 -1.345521839038276435e-01 1.730908147485993309e-01 -1.640736118370232366e-01 1.086221894839626140e-01 -2.237620520635616797e-02 -7.069020964207706204e-02 1.443841193155255831e-01 -1.764159605427926270e-01 1.580819092531297321e-01 -9.416673951225330852e-02 8.320021852571788269e-04 9.386357914096998822e-02 -1.623900755366610993e-01 1.824968897586044247e-01 -1.393482026502334548e-01 4.433001158922668383e-02 7.275906775708465557e-02 -1.691688223367239507e-01 1.928521612264144924e-01 -1.237261614748111777e-01 -2.010641549913886467e-02 1.641264484699709314e-01 -2.005640942957140627e-01 6.314166223423992030e-02 1.444763096545125802e-01 -2.350180784127215428e-01 1.749102661111608947e-01 -8.931325434307753330e-02 3.543535497418087016e-02 -1.064391964763381632e-02 2.368432972223497631e-03 -3.715000199191244865e-04 3.607806760358140649e-05 -2.716557877685193693e-06
2.124236205221969320e-01 -1.929643598296371942e-01 7.908536449387094935e-02 -9.074342635028173620e-02 5.457232251614393959e-02 1.076785987222770268e-02 -8.018374619435143791e-02 1.394240560051423217e-01 -1.733014993356100930e-01 1.659527791487374060e-01 -1.201338081792881207e-01 5.059348717155148778e-02 2.949803969429291503e-02 -1.034517583502482102e-01 1.543869627203772465e-01 -1.728858669287701988e-01 1.541860885684230853e-01 -9.952065305025130371e-02 2.142399149638375341e-02 6.154901293986329847e-02 -1.309062450575405323e-01 1.698952763447124092e-01 -1.697113843542879807e-01 1.320309554361762394e-01 -6.496654311100079349e-02 -1.727080162302929017e-02 9.578988184396630690e-02 -1.531353852846848163e-01 1.760087622896723270e-01 -1.577193924487465537e-01 1.027492396145842785e-01 -2.456800927936113321e-02 -5.928010612914506178e-02 1.292315732523175997e-01 -1.693469003741294165e-01 1.713542530407008713e-01 -1.333723645901052635e-01 6.278536019653777056e-02 2.361380873221066018e-02 -1.062453180397597979e-01 1.637237310583457561e-01 -1.791665422815633124e-01 1.496506428944372469e-01 -7.961364136128505631e-02 -1.650467285005070492e-02 1.109717985493162834e-01 -1.786051532032621458e-01 1.904545918983742425e-01 -1.269629409509225038e-01 5.057114336165522209e-03 1.307464244755738580e-01 -2.058516542381199355e-01 1.579857473968015735e-01 1.500586238069468760e-02 -1.909240978610823036e-01 2.321085940019977090e-01 -1.515710873059299135e-01 7.035956749960647905e-02 -2.586999959172840008e-02 7.303022507602630227e-03 -1.541376302848118879e-03 2.305316742554496966e-04 -2.143927645808552218e-05 1.552739677834288078e-06
2.055604402927395935e-01 -1.869597317252012225e-01 8.866454387945921223e-02 -1.174881159733855707e-01 9.883311437074819572e-02 -4.333796704872083100e-02 -2.482675155882928253e-02 9.142387287766157167e-02 -1.457380878995284401e-01 1.716564153108214863e-01 -1.653828886706857071e-01 1.338084117588353439e-01 -8.025555648821433574e-02 1.053780340669415241e-02 6.212086525384163949e-02 -1.246071177845097244e-01 1.655490309203845045e-01 -1.748469735707514072e-01 1.509299076884561830e-01 -1.005603332408856188e-01 3.244073334932260494e-02 4.195841708822804078e-02 -1.087449901845958800e-01 1.563485545031433888e-01 -1.757804862620230280e-01 1.616200196996149252e-01 -1.167742731630472819e-01 5.087863905153966471e-02 2.421937321061872969e-02 -9.469758817801314510e-02 1.474707438012715366e-01 -1.737922156784426075e-01 1.681441012908822530e-01 -1.298914595368348135e-01 6.665818035172417499e-02 9.253884654997115988e-03 -8.385914750804315809e-02 1.420484518836211685e-01 -1.733565047478372312e-01 1.725979678485191071e-01 -1.366476248298463536e-01 7.085925453771672877e-02 1.140673568589373882e-02 -9.528588307655261325e-02 1.593544928044114406e-01 -1.859654853972963484e-01 1.699664417385585713e-01 -1.048879196796903279e-01 -7.759856352296650708e-04 1.173206962558811933e-01 -2.001752317485774868e-01 1.950622190893166463e-01 -8.390112143267250411e-02 -9.281012589290971171e-02 2.218466350954687027e-01 -2.191147129818812878e-01 1.277467368542712367e-01 -5.432661573482244766e-02 1.858582966180487989e-02 -4.941861227088958398e-03 9.906774164915109048e-04 -1.414158312293558955e-04 1.260328034738396688e-05 -8.784143229607924336e-07
1.945965926338661944e-01 -1.771709175980928086e-01 9.411118916336196072e-02 -1.369675474451687303e-01 1.352590552813330294e-01 -9.303050699931386669e-02 3.382355709922985065e-02 2.798577160769599032e-02 -8.804003156994881507e-02 1.348452390947504353e-01 -1.618660947474641620e-01 1.705393154805157629e-01 -1.577391024551792476e-01 1.196867948654008751e-01 -6.255784982445580789e-02 -2.957992192657729180e-03 6.800303036135028900e-02 -1.226992771474090943e-01 1.590122679124748584e-01 -1.738006034570060976e-01 1.644995962700356862e-01 -1.299000554223200543e-01 7.537403495886188520e-02 -1.024704080685511290e-02 -5.624394513353222352e-02 1.141258228628755783e-01 -1.549339861553454822e-01 1.740858847864445169e-01 -1.683318722875606632e-01 1.366793924305104713e-01 -8.421699141903891961e-02 1.967451224989001657e-02 4.777135252186101577e-02 -1.078718224982432722e-01 1.519379407089879175e-01 -1.747103158748077034e-01 1.714985873102559677e-01 -1.407222316916929006e-01 8.788600722985615010e-02 -2.099458182921700930e-02 -5.048161171863034535e-02 1.141527144238061869e-01 -1.614426939461304500e-01 1.847501545230058884e-01 -1.729127036582700783e-01 1.258338581777182497e-01 -5.204927950524868008e-02 -3.990532436527147869e-02 1.293292031947271825e-01 -1.945350475626827225e-01 2.058601314623327017e-01 -1.345870343032062044e-01 -7.627171997287522827e-03 1.605949868482006160e-01 -2.365727182360138903e-01 1.988559422171819469e-01 -1.048857696485364227e-01 4.113374690560579749e-02 -1.314177410132368745e-02 3.298191494487955153e-03 -6.288154457140117219e-04 8.575156402878728436e-05 -7.328887475107400207e-06 4.918047161727265924e-07
1.797507892629366388e-01 -1.637960526795448901e-01 9.517143959819711341e-02 -1.479771470339740769e-01 1.609625319277347144e-01 -1.332493601956550033e-01 8.798710901736592205e-02 -4.017803245339953561e-02 -1.213770807857051347e-02 6.463641776404685513e-02 -1.106204111435355464e-01 1.480261627560935656e-01 -1.717971489309430555e-01 1.738573129134971529e-01 -1.545959431678123053e-01 1.204328397136918832e-01 -7.427979606028040083e-02 1.890361232897547553e-02 3.916878866724796820e-02 -9.344651798866433767e-02 1.379034774734966551e-01 -1.657806286718294664e-01 1.741327569298972699e-01 -1.643303371168316207e-01 1.369973286206356000e-01 -9.322747211173894322e-02 3.830384372091437395e-02 2.080092124907319609e-02 -7.759089465175367240e-02 1.250696154827996565e-01 -1.580585901146016603e-01 1.743536802599402469e-01 -1.714260105437412085e-01 1.476512594942180068e-01 -1.064023591612596603e-01 5.341683137465371572e-02 5.974047871380886408e-03 -6.489049409071896701e-02 1.168919671670551608e-01 -1.572230130428337036e-01 1.786568684147982200e-01 -1.760296680562855320e-01 1.519204007603755235e-01 -1.081290251753393855e-01 4.596845404548317859e-02 2.597744355781384309e-02 -9.980887270264952871e-02 1.632897587928796579e-01 -1.974059693235072910e-01 1.958222376830740519e-01 -1.458951262225170742e-01 3.942831765914038555e-02 1.002160820371938016e-01 -2.110077354225234070e-01 2.360624410507232707e-01 -1.740523653413200977e-01 8.395668892247433457e-02 -3.054413855942758604e-02 9.144958955529905106e-03 -2.170767740782254644e-03 3.941277942071870792e-04 -5.139493014379924548e-05 4.215338852304546478e-06 -2.724830698358318143e-07
1.613191828474179468e-01 -1.471058551934290026e-01 9.179587834960674375e-02 -1.498361004932483864e-01 1.739059387002369894e-01 -1.598988721144357639e-01 1.304790099245854429e-01 -1.015573374923233047e-01 6.627436099847013040e-02 -2.158115668583752630e-02 -2.675647349362240968e-02 7.408985099579926126e-02 -1.167770796286100587e-01 1.481659743040882049e-01 -1.659709747652765854e-01 1.729111672673544486e-01 -1.676965312413368214e-01 1.467246255259815335e-01 -1.121860974366988700e-01 6.948989388124633682e-02 -2.169646365894531762e-02 -2.812390719687944685e-02 7.568788452639359232e-02 -1.177541480243375488e-01 1.507113487664549500e-01 -1.699949110501896010e-01 1.743344725294064534e-01 -1.655221511493295827e-01 1.437326869556096176e-01 -1.088905115925147965e-01 6.435464971505416854e-02 -1.476759385038733073e-02 -3.603205755556682793e-02 8.358078576427195594e-02 -1.241234609361515223e-01 1.555761381680631494e-01 -1.742502352417371614e-01 1.763635825513755750e-01 -1.631383908545961103e-01 1.370317310438071423e-01 -9.780265391018337640e-02 4.785700555028910008e-02 7.900160166865085806e-03 -6.586329997587057894e-02 1.185637402523426476e-01 -1.594107327861653545e-01 1.885012756497347897e-01 -1.966041293797874401e-01 1.725285797338672877e-01 -1.203805258880321222e-01 3.908518776278466222e-02 6.740859648890891453e-02 -1.781780807272530798e-01 2.395303222668657972e-01 -2.223709050068886084e-01 1.470457438430025909e-01 -6.549077280733445194e-02 2.222912587915944899e-02 -6.259139578191161984e-03 1.408330008655220593e-03 -2.438486966008215277e-04 3.043774126238754462e-05 -2.397561640522759410e-06 1.493687961778853299e-07
1.396694591162400412e-01 -1.274381468686895391e-01 8.414183574786471276e-02 -1.424294534153819625e-01 1.730632059114070864e-01 -1.702652111727106787e-01 1.556626314134075539e-01 -1.457875783576788598e-01 1.309827074384387335e-01 -1.024536420766233441e-01 6.499705198884042634e-02 -2.558470946165157522e-02 -1.480197831889153333e-02 5.441416930897843146e-02 -9.074782848354684406e-02 1.235770329245576699e-01 -1.507915578794110090e-01 1.675745141235337743e-01 -1.732869371984599727e-01 1.710153848750843864e-01 -1.603708154138183684e-01 1.389726147757557040e-01 -1.084727802293134202e-01 7.260863789799729129e-02 -3.307354522738902014e-02 -8.646107471641578321e-03 4.999260573869439978e-02 -8.895447490333910356e-02 1.231628761650294668e-01 -1.492662366424928333e-01 1.661489170934324078e-01 -1.747749765975092073e-01 1.739024198713381708e-01 -1.614154679903851419e-01 1.388798697333098187e-01 -1.092440581729820781e-01 7.319803539376878998e-02 -3.187318716014597708e-02 -1.194233616074266355e-02 5.616246102384848948e-02 -9.755482886572178214e-02 1.320832144195571711e-01 -1.600969938524315905e-01 1.809301115281961581e-01 -1.872258395703763068e-01 1.776836466716682772e-01 -1.572395465198159759e-01 1.211904177498867585e-01 -6.617536677891550090e-02 -2.656464883246442438e-03 8.136948601443867723e-02 -1.606704849097339016e-01 2.290259436374073865e-01 -2.444843541335970372e-01 1.981009971248772483e-01 -1.196367451953558175e-01 4.965403475395414185e-02 -1.581906411081417455e-02 4.205777221414621833e-03 -8.993326360464239458e-04 1.487599003541539605e-04 -1.779667818598282944e-05 1.347569353770745691e-06 -8.096839022281568224e-08
1.152335019447506270e-01 -1.051910152701837631e-01 7.256605633462777372e-02 -1.262152198097970524e-01 1.585011399735310467e-01 -1.632927295814459168e-01 1.601973200120758445e-01 -1.653999964374190113e-01 1.686074175227041949e-01 -1.579510352376244098e-01 1.375851238981725955e-01 -1.163713371440065619e-01 9.312486769929310959e-02 -6.433294084037473326e-02 3.182454018189473377e-02 1.479050202821966019e-03 -3.468606923012153981e-02 6.625244831745311092e-02 -9.497792398245519241e-02 1.214079260040744901e-01 -1.443722694244636007e-01 1.605941764199682875e-01 -1.697891259846004419e-01 1.743109475141129960e-01 -1.735175169956220953e-01 1.648136990747664510e-01 -1.490146915984063847e-01 1.288960854828769265e-01 -1.046843069442464080e-01 7.572512902070978325e-02 -4.347606276499711708e-02 9.850632041510893472e-03 2.411864551929023340e-02 -5.701690734035552016e-02 8.780213899938409117e-02 -1.163964180622607814e-01 1.410163530835980006e-01 -1.589054147235605952e-01 1.708721988429897642e-01 -1.785477523978276637e-01 1.788702361204001778e-01 -1.695814859581076528e-01 1.542106937481041717e-01 -1.336426959866411912e-01 1.042563213403333577e-01 -6.739623595788497845e-02 2.572356516070752053e-02 2.145106199609219874e-02 -7.186812629095613858e-02 1.258005605342995270e-01 -1.783682120648986125e-01 2.187563381951967978e-01 -2.451505555889857413e-01 2.266747892429855082e-01 -1.659339890479663848e-01 9.302482314963803067e-02 -3.632963728886223070e-02 1.093948953848709708e-02 -2.760054564711584418e-03 5.628648172837085340e-04 -8.916858439228490005e-05 1.024363155932530415e-05 -7.467115621283204051e-07 4.331713338258814213e-08
8.849877773814404658e-02 -8.081475634379733930e-02 5.760807148383292192e-02 -1.021960593233386949e-01 1.313741274177488705e-01 -1.396914643879071383e-01 1.434815409803555930e-01 -1.570828210160726268e-01 1.713687317254537490e-01 -1.743280808374607915e-01 1.696039511458144466e-01 -1.667314505821730908e-01 1.636070271626330619e-01 -1.535285296093026053e-01 1.377919139364875978e-01 -1.214898175350862253e-01 1.042381766327738490e-01 -8.337165886242278723e-02 5.974111005040694256e-02 -3.549244266882786714e-02 1.086905616671390677e-02 1.410756036790496160e-02 -3.882098255784087459e-02 6.316665478431958414e-02 -8.657642186777851634e-02 1.074147653849946565e-01 -1.254651927653361032e-01 1.420273089455869331e-01 -1.563540897441953181e-01 1.660929870274955311e-01 -1.716143005619944206e-01 1.750559340994119195e-01 -1.755605246653607066e-01 1.708068825934912771e-01 -1.618583049379434258e-01 1.510223697668219289e-01 -1.372897126829307757e-01 1.190917445218086096e-01 -9.804407230413493546e-02 7.563065572059955721e-02 -5.097150807653454130e-02 2.411142971029322027e-02 4.040531909194036014e-03 -3.366218744918028638e-02 6.325009765720844557e-02 -9.182263032657608792e-02 1.224937426863573625e-01 -1.527326211541089052e-01 1.770203415781067269e-01 -2.016488830082724115e-01 2.222651746115670568e-01 -2.284610850530151838e-01 2.245688138156130831e-01 -1.888431370218245364e-01 1.282921781898440916e-01 -6.782823343260863114e-02 2.519703205354065570e-02 -7.233366273287633597e-03 1.743762719736498962e-03 -3.409332879994128075e-04 5.193896573445333357e-05 -5.748570847656025456e-06 4.044905493678590741e-07 -2.270283649597853972e-08
5.999861098751327337e-02 -5.480276025993537081e-02 3.996505257632495395e-02 -7.185727453377281637e-02 9.383262258605165607e-02 -1.018648314248094405e-01 1.077326729935172284e-01 -1.222404978832339756e-01 1.386956859003985743e-01 -1.475286122614168360e-01 1.516122540382481287e-01 -1.591703307739224527e-01 1.683042464522148396e-01 -1.722003467920078523e-01 1.718640138933086314e-01 -1.729238179001979514e-01 1.745877557787992307e-01 -1.722127851655737563e-01 1.663982448020132343e-01 -1.610267598363247510e-01 1.556275025765394004e-01 -1.471466969906811695e-01 1.361115481993859788e-01 -1.251088466018771550e-01 1.138183433733147010e-01 -1.004428933720620809e-01 8.546967857908760458e-02 -7.041723512812629593e-02 5.511228621992187576e-02 -3.882091322047319382e-02 2.191100388803710747e-02 -4.926985541657576476e-03 -1.208857488235952175e-02 2.890174678194802962e-02 -4.546016569801773766e-02 6.220997029247499199e-02 -7.863794933977273638e-02 9.355787020188019443e-02 -1.077880316224216900e-01 1.227558745756352071e-01 -1.365860502473117966e-01 1.474287902319411370e-01 -1.583956548852390733e-01 1.708913300532885204e-01 -1.797201100317605826e-01 1.849410690583484784e-01 -1.932138436199049014e-01 2.003538486537165264e-01 -2.001289719923144139e-01 2.010425293372795630e-01 -1.996993002421451613e-01 1.876468079432834501e-01 -1.708067715728734115e-01 1.350844803265072447e-01 -8.715480294781273451e-02 4.415953529524237892e-02 -1.579943367894342393e-02 4.371399555001142904e-03 -1.016523838785962858e-03 1.920761916662712420e-04 -2.833087990136788411e-05 3.038952934558718377e-06 -2.074731956700357385e-07 1.131656502542169213e-08
3.030154499313344324e-02 -2.768152502697176012e-02 2.045931678762631309e-02 -3.707496245455004641e-02 4.885267350083889737e-02 -5.366487539468373785e-02 5.769286880368004050e-02 -6.675653334297924901e-02 7.734417102784234277e-02 -8.419015818141323271e-02 8.891518142554889759e-02 -9.631465302549234442e-02 1.053278151910156113e-01 -1.117714394698849228e-01 1.162631426140797730e-01 -1.225379074995698175e-01 1.300821296743939204e-01 -1.355003770191989809e-01 1.391874999469364105e-01 -1.442554633665474040e-01 1.502878336233063883e-01 -1.543694507028831597e-01 1.568991160767352344e-01 -1.606171743731566737e-01 1.650605077813578903e-01 -1.676076447470353226e-01 1.687536653012671195e-01 -1.710215362704523290e-01 1.738279724334684806e-01 -1.747192611292414932e-01 1.743686764856389737e-01 -1.751964406398603680e-01 1.763917333047052560e-01 -1.755679160545309814e-01 1.737569683808456167e-01 -1.733547487313949753e-01 1.730368297926284937e-01 -1.704538718880419523e-01 1.674446449491052147e-01 -1.662770071363473823e-01 1.644419909836355997e-01 -1.599895639939465652e-01 1.564043360528615534e-01 -1.549032602948316184e-01 1.508700755501979351e-01 -1.446589175344167033e-01 1.414577865145487945e-01 -1.380581558891820493e-01 1.303269515445538429e-01 -1.240893960508239607e-01 1.174002803596475158e-01 -1.054317682742669932e-01 9.208391162192730572e-02 -7.033763738542016253e-02 4.402167043914591293e-02 -2.173476313782845074e-02 7.596116896057085281e-03 -2.052928764528103456e-03 4.663356139193563913e-04 -8.614371667431881309e-05 1.243164430725142353e-05 -1.305112826718778129e-06 8.724388638213745199e-08 -4.663220299041516919e-09
