1.452984845446159958e-03 4.505633087877072146e-03 1.317904835411544233e-02 -2.884904547088375237e-02 -4.012561299749988625e-02 -4.542222427645104671e-02 5.401379158975942729e-02 6.549047380729476620e-02 -7.290481443918579718e-02 -7.824855533813279695e-02 8.687187312766024572e-02 9.618394294818134738e-02 1.022044644887406817e-01 1.074541391664683987e-01 1.151954163439768419e-01 -1.228075189616234797e-01 -1.276654401751955159e-01 1.322483928384862728e-01 1.387797226850503718e-01 1.447658888095336438e-01 1.483366609560360649e-01 -1.518767378950958979e-01 1.570014620782101689e-01 -1.613216015959833272e-01 1.634447911554928468e-01 1.656895259956657207e-01 1.692731769458255264e-01 -1.718680551498682763e-01 1.724077712880633939e-01 1.731742212601800057e-01 1.751125271851975418e-01 1.759380480020571735e-01 1.747845717971792112e-01 -1.738860499202838084e-01 1.740633406101762815e-01 1.731282960163522122e-01 1.701882104514825800e-01 1.673430638708093554e-01 1.656285485103701771e-01 -1.631120764319001770e-01 1.583702166702695424e-01 1.532122029426831733e-01 1.495794508855952665e-01 1.460404910360068864e-01 1.398631684992369673e-01 1.323451624341127342e-01 1.270435864604738396e-01 1.231699384223545607e-01 1.167428353573957411e-01 1.086948867838484906e-01 1.023237333553723150e-01 9.653925689858994241e-02 9.188664410178275233e-02 8.799062358083102608e-02 8.178640592544235421e-02 7.853349368221365645e-02 7.467453055237528725e-02 7.312938305860278154e-02 7.568015993869670055e-02 7.543541074054734008e-02 7.008578310499594122e-02 6.538658396919291849e-02 7.020393663741826551e-02 5.127320737466167094e-02
2.954742999092158182e-03 9.092233590309169514e-03 2.630723085100268935e-02 -5.702553324874960056e-02 -7.866088721737356237e-02 -8.795329186844140501e-02 1.028300783300489102e-01 1.224680576575796070e-01 -1.336869334931354014e-01 -1.400887506798731974e-01 1.513087178570131086e-01 1.627042322439561095e-01 1.674148439741848515e-01 1.696218123954395807e-01 1.745431243197793081e-01 -1.780992665632091521e-01 -1.764287995364587636e-01 1.730859504544886018e-01 1.710751394711002848e-01 1.672555054563317212e-01 1.594831054498290213e-01 -1.505131729828931009e-01 1.420715415046543417e-01 -1.319721760500594254e-01 1.191556596249355171e-01 1.055539353158701649e-01 9.209304551927385840e-02 -7.751776697792071846e-02 6.147469804962815004e-02 4.505629392121106996e-02 2.867827722812926056e-02 1.199729948300245000e-02 -4.892391170208293914e-03 2.174107235966156113e-02 -3.845969693305940906e-02 -5.454767403736630188e-02 -6.958137628833220567e-02 -8.405459248928608129e-02 -9.826495119619668706e-02 1.111392134192885350e-01 -1.216364007701839084e-01 -1.306964151841543686e-01 -1.397370155701707917e-01 -1.477007322153729152e-01 -1.518872303223813836e-01 -1.531962560584217981e-01 -1.555749034258457064e-01 -1.585446981302257863e-01 -1.571151069241044085e-01 -1.522100873242992758e-01 -1.485373094038818509e-01 -1.447341261543574897e-01 -1.416511072241482538e-01 -1.390893804010880364e-01 -1.322453513266808323e-01 -1.297296621708901865e-01 -1.260162587001855405e-01 -1.258897669581957035e-01 -1.329094581781887774e-01 -1.352067231051800600e-01 -1.283201056645873750e-01 -1.225170168015969202e-01 -1.345093399153924618e-01 -1.009832163264698657e-01
4.555684975197019440e-03 1.384222392763897157e-02 3.933387795530460251e-02 -8.387258497565143467e-02 -1.140785153783058226e-01 -1.248860702582538229e-01 1.417514879461571065e-01 1.635264239869252401e-01 -1.722394373400462364e-01 -1.725529831981811035e-01 1.766694466950337050e-01 1.790456471337849020e-01 1.720274893021652707e-01 1.603025006753886483e-01 1.492708550944802925e-01 -1.354775520049779636e-01 -1.161524737626569576e-01 9.428552261670121448e-02 7.210629700622324390e-02 4.847303158061693623e-02 2.313046431576037953e-02 2.714889825661167752e-03 -2.844010000472404001e-02 5.335928962711502382e-02 -7.657712654054524282e-02 -9.844554468670613234e-02 -1.191701015512229012e-01 1.369053640681142658e-01 -1.504883102117067495e-01 -1.614521406776869283e-01 -1.704169588058399576e-01 -1.751213582349304132e-01 -1.746495656981122968e-01 1.711710839989289967e-01 -1.655705092696770631e-01 -1.559475470243026352e-01 -1.417468480755131599e-01 -1.251337378791145538e-01 -1.073427110973840665e-01 8.739901755046573795e-02 -6.496176634196870747e-02 -4.174094789224429974e-02 -1.905785881138422413e-02 3.320597663002582307e-03 2.506697679655842115e-02 4.497464917446359484e-02 6.345733252044800932e-02 8.089868234213867804e-02 9.470555151677959027e-02 1.044611757468842800e-01 1.133116708215230056e-01 1.204631476799392503e-01 1.264967414085786113e-01 1.318933491117337264e-01 1.320779951802742713e-01 1.357995220077092557e-01 1.380151023965367763e-01 1.436147522419383427e-01 1.577618679586378359e-01 1.669328165339707404e-01 1.648917824841087398e-01 1.642094601360619410e-01 1.875388506541320333e-01 1.476398619106392418e-01
6.309550657321892804e-03 1.884096267862190102e-02 5.220871201768214481e-02 -1.087643154315044575e-01 -1.449747550009133079e-01 -1.538697619933563632e-01 1.670327877989020438e-01 1.833285316341269622e-01 -1.821517718338120095e-01 -1.688336535467797050e-01 1.564045442324409341e-01 1.401684059594829335e-01 1.143728002824448697e-01 8.342382090449189380e-02 5.163081770778209234e-02 -1.837447422683177387e-02 1.591048322508511678e-02 -4.968559041999399961e-02 -8.218899281305103166e-02 -1.112521100956896103e-01 -1.346145526294344197e-01 1.532036922952943192e-01 -1.678071658272090871e-01 1.756237675090403794e-01 -1.749824781746343594e-01 -1.682695767074584015e-01 -1.569276324054830474e-01 1.392664059345659622e-01 -1.151337756492185338e-01 -8.706287000402447573e-02 -5.658755378624288901e-02 -2.393850148679913664e-02 9.782044437920434446e-03 -4.314496721754252501e-02 7.504726278322702837e-02 1.036889296062678545e-01 1.275446122157654072e-01 1.469243482187455596e-01 1.619735950331272489e-01 -1.707188294566700515e-01 1.715655072540961390e-01 1.663499697180896297e-01 1.575978036651511649e-01 1.444014363505523868e-01 1.247212088734104690e-01 1.011907718990358029e-01 7.792464542773605563e-02 5.446640972528960650e-02 2.968755229502186704e-02 5.928128776802495982e-03 -1.596130662592274915e-02 -3.588329678360394764e-02 -5.338253105856942404e-02 -6.944609270343002350e-02 -8.139589462945180653e-02 -9.468882870471961866e-02 -1.069842500893114223e-01 -1.214263168665394577e-01 -1.442342492105351537e-01 -1.640953679120640551e-01 -1.737058955747665945e-01 -1.852817010681103993e-01 -2.249063417812462440e-01 -1.898939757394746131e-01
8.275213220726230709e-03 2.417827849659255623e-02 6.488204132643844713e-02 -1.311204237939641859e-01 -1.701250643452921762e-01 -1.730595346060504192e-01 1.762412718197390593e-01 1.793003701589255539e-01 -1.617757027316211738e-01 -1.297106879441373428e-01 9.574750717960281432e-02 5.806246236411101436e-02 1.531955673891267564e-02 -2.861376528990421109e-02 -7.104027509543585361e-02 1.088303205448021838e-01 1.381401585495075357e-01 -1.593137431009035154e-01 -1.734214831661944622e-01 -1.770083386521217605e-01 -1.678603432232052550e-01 1.491133250557200585e-01 -1.234095861461635690e-01 9.031303577248443737e-02 -5.098979456226463564e-02 -8.751961018607831364e-03 3.379384435404381160e-02 -7.409230271138916857e-02 1.094361695670965917e-01 1.388014776433111885e-01 1.611518420449802869e-01 1.734918937581208520e-01 1.743795287316682041e-01 -1.657825835671569159e-01 1.489962776749479412e-01 1.232847188861012355e-01 8.960524067886307953e-02 5.133900422160116161e-02 1.124436163788648108e-02 2.893614691337643638e-02 -6.683567889025669728e-02 -1.002059422371334996e-01 -1.282342799774535136e-01 -1.494477757481275648e-01 -1.606105594502831302e-01 -1.622228000261301817e-01 -1.590127689195741656e-01 -1.511456451173135429e-01 -1.347733579538015203e-01 -1.128375470957157095e-01 -9.019934018860244207e-02 -6.671027234214076118e-02 -4.422005535920772723e-02 -2.209345259865485092e-02 -3.784681849028682672e-04 2.073902998505291334e-02 4.266458672053239504e-02 6.555438133654940824e-02 9.567817623344115896e-02 1.273678483459010080e-01 1.533995599970723600e-01 1.832009370958078698e-01 2.435904398252535519e-01 2.265956611094834539e-01
1.051865536737847662e-02 2.995008435404906619e-02 7.730495189765701491e-02 -1.504197221894042480e-01 -1.885326359054202428e-01 -1.812339455041633018e-01 1.684908489021942624e-01 1.519655469407452386e-01 -1.144993859567071254e-01 -6.338799125419174174e-02 1.036327172176658255e-02 -4.195026193688061733e-02 -8.927877710030769631e-02 -1.285921016760391833e-01 -1.592704440167001800e-01 1.762035748639009247e-01 1.749939800950666424e-01 -1.588233377722656214e-01 -1.315893880503920255e-01 -9.325476188151303469e-02 -4.585929944925147550e-02 -5.429127519120251731e-03 5.613312855325043593e-02 -1.017415260289573770e-01 1.378096114864779120e-01 1.626942217134042523e-01 1.753134723163985442e-01 -1.726846635454974410e-01 1.541553093473140290e-01 1.231764960129571596e-01 8.297950336369366853e-02 3.576779225910053234e-02 -1.466620607798107927e-02 6.387949870607941005e-02 -1.079805620815739303e-01 -1.425498626735708652e-01 -1.642035197034009963e-01 -1.727461571269096607e-01 -1.686878360154456802e-01 1.510428828350423580e-01 -1.202656410509541779e-01 -8.089662980764553146e-02 -3.780840094561720155e-02 6.775582845336260672e-03 4.977308758379765663e-02 8.671028834255739559e-02 1.169596904666975884e-01 1.402882211264001588e-01 1.519118955718806174e-01 1.522936400457729489e-01 1.471022030281837201e-01 1.360875677414112583e-01 1.217071400233249862e-01 1.044696970034014322e-01 8.201792773077049015e-02 6.037800677223485735e-02 3.489063929090022859e-02 8.462970317346720298e-03 -2.392522006390010794e-02 -6.442124642515223432e-02 -1.075246340905699205e-01 -1.583727399191688923e-01 -2.421767542363656156e-01 -2.568391202365062909e-01
1.311518421117553040e-02 3.626010112405802371e-02 8.942949626362295401e-02 -1.662122861439354338e-01 -1.994679038836154605e-01 -1.778726876554865000e-01 1.445273074738855912e-01 1.048772251882590656e-01 -4.818398118154006843e-02 1.622687390394399534e-02 -7.769732245847878194e-02 -1.290252961975117407e-01 -1.615616276036437315e-01 -1.743753937618422734e-01 -1.702849598208149573e-01 1.467055596217849978e-01 1.036948892973452024e-01 -4.855334529395165244e-02 1.120994086936593845e-02 6.926629886007561188e-02 1.185550464198216192e-01 -1.544937172565579442e-01 1.742048025941939082e-01 -1.735446329698777657e-01 1.514567330125895506e-01 1.123977033113253560e-01 6.158528472163140449e-02 -3.793350443877965220e-03 -5.447057027504104837e-02 -1.067554854269075482e-01 -1.475658190645324497e-01 -1.710574624526339516e-01 -1.739744134620898053e-01 1.578028322207103984e-01 -1.251439593179167753e-01 -7.837073252388131184e-02 -2.245989490127348401e-02 3.545513775059695033e-02 8.888397078231921600e-02 -1.319235621884331244e-01 1.592996912472436633e-01 1.693330409262600034e-01 1.636862502137072239e-01 1.427082106034447406e-01 1.066257311636332056e-01 6.186159172370840620e-02 1.573639002788653624e-02 -2.956234683899176124e-02 -6.989944759053041967e-02 -1.007256628124533065e-01 -1.236803110381716475e-01 -1.376731771227419909e-01 -1.437493608164813474e-01 -1.433565211010397744e-01 -1.324684965072215337e-01 -1.206332661728251598e-01 -1.016313864427468017e-01 -8.016151827489688408e-02 -5.365426514161855676e-02 -1.173393731481325170e-02 4.387815104603818434e-02 1.140371489116948495e-01 2.209483425319936911e-01 2.799914458137955919e-01
1.615195916189695810e-02 4.322172147169026785e-02 1.012088785308767475e-01 -1.781299436710420125e-01 -2.024974598055814534e-01 -1.631897074981829010e-01 1.066565516218673515e-01 4.415626001268112971e-02 2.614351073499180875e-02 9.243903868657230016e-02 -1.456922547268778290e-01 -1.763082239849851074e-01 -1.753653831404525243e-01 -1.466683076156666543e-01 -9.874389244754985806e-02 3.655337022890393223e-02 -3.169157335775057982e-02 9.527699347504471616e-02 1.454079937598016237e-01 1.732816941442795744e-01 1.733229150943759733e-01 -1.476775301335997159e-01 1.015058091042384536e-01 -4.022989595243683242e-02 -2.739365780421913060e-02 -9.109053276115250397e-02 -1.418085217690288058e-01 1.709744416917080012e-01 -1.735784077915366874e-01 -1.509529188968063984e-01 -1.071465883466879154e-01 -4.742992350296662551e-02 1.954209098384372678e-02 -8.362240200604106888e-02 1.356532478119215068e-01 1.672698078277214395e-01 1.734170576497560401e-01 1.549714181893697973e-01 1.159770103919431639e-01 -6.114254684786812888e-02 -2.142712581594015744e-03 -6.366504226758590290e-02 -1.152850816017141622e-01 -1.513367517098275217e-01 -1.658189438054764875e-01 -1.585634888578560109e-01 -1.364418083538416482e-01 -1.023680882619697335e-01 -5.781794195631843186e-02 -1.105417270486296934e-02 3.274337754261499173e-02 7.071084999161825202e-02 1.003560038817777195e-01 1.226410747862390488e-01 1.326675126146965311e-01 1.393499348061542076e-01 1.370063458829416103e-01 1.298536885620845127e-01 1.184073085917277668e-01 8.549616746290553126e-02 2.688455912787934832e-02 -5.579651433092216312e-02 -1.818200668854955959e-01 -2.957041544615893747e-01
1.973091766305320668e-02 5.096004755011018794e-02 1.125976349936527870e-01 -1.858948584637755141e-01 -1.975012302343840120e-01 -1.381195870987589891e-01 5.852271428701710798e-02 -2.230443127187478267e-02 9.612382998015868429e-02 1.492671647743601948e-01 -1.760615464452268686e-01 -1.692167319674904302e-01 -1.256936151471851892e-01 -5.714797380423090878e-02 2.066904590567641975e-02 -9.369473029883425286e-02 -1.474914425199039536e-01 1.732513369079296539e-01 1.680359341890317326e-01 1.309349883674300330e-01 6.779185003804145959e-02 8.142061044189592006e-03 -8.235163645656315423e-02 1.406338726578952869e-01 -1.714275356611338896e-01 -1.704278447828432297e-01 -1.387362651748472453e-01 8.090773385290089825e-02 -7.420446219840153707e-03 6.748333077018249526e-02 1.300234512363247219e-01 1.678297207717944217e-01 1.734341539594652926e-01 -1.473538128184274654e-01 9.517054249532547194e-02 2.565194936540872092e-02 -4.847984632244359965e-02 -1.133623092223235707e-01 -1.577869429567348158e-01 1.736860119092836496e-01 -1.577395480703602804e-01 -1.150738671842059524e-01 -5.595884250166824336e-02 1.049810032979940806e-02 7.372916619141511863e-02 1.220709255564351309e-01 1.518027014718641154e-01 1.617980894284907767e-01 1.480783751655946334e-01 1.163869546020253887e-01 7.615929991142278421e-02 3.150120512374689208e-02 -1.129435365107141730e-02 -5.101186989228810587e-02 -8.268548740615420944e-02 -1.102614234219535250e-01 -1.302768018785546433e-01 -1.440388375928624287e-01 -1.549048567922428621e-01 -1.419126187089696511e-01 -9.309367763686095254e-02 -9.149102162646765082e-03 1.281285194706066333e-01 3.039076602913547975e-01
2.397219699381636371e-02 5.961413911925238923e-02 1.235518096056056614e-01 -1.893260070915779858e-01 -1.846772357617458282e-01 -1.042580573428676938e-01 4.757498699346946434e-03 -8.586584334935302987e-02 1.501205695526312556e-01 1.747946570718516002e-01 -1.609621996717589820e-01 -1.099378750383686737e-01 -3.052559308725270870e-02 5.645733048081785777e-02 1.300614566678969519e-01 -1.724323692411093290e-01 -1.721360099751576833e-01 1.314733788179691387e-01 6.173156710398819413e-02 -2.200574387541795809e-02 -1.004369941211389894e-01 1.557465024742513970e-01 -1.760263099040696722e-01 1.552780925076527319e-01 -9.758158169471144172e-02 -1.748176138959635709e-02 6.632972795203882777e-02 -1.344836594446762734e-01 1.709338965538670096e-01 1.685123240468543726e-01 1.284410695676706238e-01 5.887049013635211464e-02 -2.440686763389902925e-02 1.020661385289656359e-01 -1.567123327001319621e-01 -1.753834045093613792e-01 -1.536169293214154352e-01 -9.802975714333307666e-02 -2.231421719846897814e-02 -5.732047481092009816e-02 1.234783749968902250e-01 1.620628485982205935e-01 1.678012338283124127e-01 1.408756927269550763e-01 8.574320069373402020e-02 1.705035411546264312e-02 -4.986253868242151305e-02 -1.064929233921037000e-01 -1.421648262689851061e-01 -1.525816460206013414e-01 -1.438361115985958283e-01 -1.182891603021844901e-01 -8.304433319026838234e-02 -4.181350251609899926e-02 1.529130371578951058e-03 4.351035762606871027e-02 8.370192058762239429e-02 1.190221036767982465e-01 1.545947237735020297e-01 1.697207094992763676e-01 1.440315404252606457e-01 7.294515894767113207e-02 -6.430325379565868249e-02 -3.047902244064786825e-01
2.901816699693344007e-02 6.933951248637248987e-02 1.340291236325737989e-01 -1.883433991988634759e-01 -1.645337426587689944e-01 -6.376042853640737085e-02 -4.946550964519914190e-02 -1.382658386129942962e-01 1.791550902408790835e-01 1.636685185606062964e-01 -1.042936845279575780e-01 -1.675357663470929473e-02 7.569151954906036539e-02 1.462687354003644191e-01 1.763989774667061028e-01 -1.563720307030285195e-01 -9.039399893348047665e-02 -1.179720570561268358e-03 -9.193882045246391799e-02 -1.563593621884026286e-01 -1.757759713004389823e-01 1.462061327167091251e-01 -7.693557915488191679e-02 -1.360578081005866385e-02 1.002880882536177076e-01 1.592912573041139201e-01 1.748233771854994234e-01 -1.415639742714923655e-01 6.836851672097170318e-02 -2.364319448304033969e-02 -1.089953938905541264e-01 -1.638241079015810564e-01 -1.727586719887051758e-01 1.345954920007146338e-01 -6.053156664583253521e-02 2.964647380522617004e-02 1.113541803311815376e-01 1.626961587280909005e-01 1.711205434525359392e-01 -1.346663567081653468e-01 6.283599045882512502e-02 -2.336965433544313173e-02 -1.011424519980212572e-01 -1.534106984527459916e-01 -1.672622259343394535e-01 -1.420877359061069878e-01 -9.079108524224155374e-02 -2.445109980868674995e-02 4.388286951702942418e-02 9.816254116374258099e-02 1.336155118023194255e-01 1.467664464093059451e-01 1.400441668248944282e-01 1.175288912832724991e-01 8.021215167172503213e-02 3.801527382208250844e-02 -1.166899615218846935e-02 -6.177854061701067157e-02 -1.177338696682837665e-01 -1.635632193584301564e-01 -1.716780707588954347e-01 -1.280711098627747846e-01 -4.544361356815662320e-03 2.987640473567674260e-01
3.503820910187937371e-02 8.031093517509264867e-02 1.439891388315893417e-01 -1.829699423198911101e-01 -1.378691182476047550e-01 -1.920440338094471858e-02 -9.892867390742075828e-02 -1.726931150902432655e-01 1.783994989535130360e-01 1.182218490055120391e-01 -2.069088455861334969e-02 8.159761636172960242e-02 1.545112134695348083e-01 1.744352920636174642e-01 1.372167878226603632e-01 -5.434319151959220162e-02 4.721492960211116224e-02 -1.330173905945911117e-01 -1.750654626794836688e-01 -1.586442998372308844e-01 -8.854728726167288011e-02 -1.085303855823177219e-02 1.064069038555721658e-01 -1.664086313252967908e-01 1.706943429781708488e-01 1.189595307223285242e-01 2.878229446558834559e-02 7.063539692953176019e-02 -1.465581657126657222e-01 -1.746665527032508214e-01 -1.462923973659308596e-01 -7.003620216785953756e-02 2.925764383849198749e-02 -1.189225153029875859e-01 1.701238813218452495e-01 1.660665337875746328e-01 1.080782944371175835e-01 1.624094680404378904e-02 -7.935629055350268413e-02 1.492805043903456808e-01 -1.719363403910566246e-01 -1.422444021900711175e-01 -7.324431128308819816e-02 1.461859641678204223e-02 9.649085330068309097e-02 1.481457632326522722e-01 1.617268493335031199e-01 1.384121106743844976e-01 8.308095388821078175e-02 1.456768599989402557e-02 -5.107659196081757585e-02 -1.029413511309570373e-01 -1.340914269148827387e-01 -1.450802237827718832e-01 -1.319758357008483374e-01 -1.066396075825223472e-01 -6.387295256483421779e-02 -1.210926639862426428e-02 5.317757195015482968e-02 1.249429153525203617e-01 1.719439947241658551e-01 1.682415984629048178e-01 7.307224955487731655e-02 -2.864220008950337792e-01
4.223440206389982715e-02 9.272556654388042219e-02 1.533934135263269050e-01 -1.733309078355011190e-01 -1.057401884063913222e-01 2.657399562543215701e-02 -1.388723756906754536e-01 -1.846725850449394968e-01 1.479794362683587994e-01 4.798460472940044991e-02 6.825542379780616398e-02 1.547836585395932774e-01 1.774037911564111392e-01 1.290862264007291427e-01 3.151074338509845391e-02 7.756185171099480580e-02 1.556432421235346419e-01 -1.729126898473815066e-01 -1.238661099703918245e-01 -2.693058574601948571e-02 8.057499142091373301e-02 -1.569617463238985045e-01 1.732238279549422888e-01 -1.225278990093435494e-01 2.415252003444688655e-02 -8.350752631150321070e-02 -1.591652335568154719e-01 1.734232678684619333e-01 -1.206253438244863502e-01 -2.179772660649668264e-02 8.504571656933554435e-02 1.590597589656772837e-01 1.719478851294480581e-01 -1.197235590309457393e-01 2.291160639343089306e-02 -8.203483843924876118e-02 -1.556282833581814906e-01 -1.709353261433981530e-01 -1.240525566285820419e-01 3.282179882690668127e-02 6.950596257596147742e-02 1.451117349344852592e-01 1.699618764269978377e-01 1.388083682357364179e-01 6.226983050712284196e-02 -3.003513524195390236e-02 -1.082225192893129379e-01 -1.548084458213251080e-01 -1.565676633616910063e-01 -1.188989119344499856e-01 -5.920712314208596838e-02 8.402764833335860453e-03 6.794452785952763418e-02 1.133230920714160400e-01 1.346406296310664608e-01 1.393350853383716337e-01 1.201836001183289315e-01 8.279802779258595147e-02 2.386344368939867858e-02 -6.176199563470190224e-02 -1.452039916856630031e-01 -1.891077772320895189e-01 -1.361550445131906872e-01 2.684889640513152820e-01
5.084830527592304472e-02 1.068065007917040482e-01 1.622056509766045818e-01 -1.596510105218642006e-01 -6.942035132628639194e-02 7.066094102492070927e-02 -1.654530117667162847e-01 -1.726470768223516972e-01 9.295318477441592842e-02 -3.231478913250562107e-02 1.395744804775872761e-01 1.802335745280317647e-01 1.360830200157427949e-01 2.933386794468831674e-02 -8.947197492658498508e-02 1.668257904738583430e-01 1.678781318059713312e-01 -9.328976224834463482e-02 2.237448240501893615e-02 1.275300063953525298e-01 1.751769184229613752e-01 -1.446994857458424877e-01 5.034430881953496500e-02 6.617249587620586959e-02 -1.530866795919108292e-01 -1.721588858410671719e-01 -1.153758025459642178e-01 7.582231123271162415e-03 1.035502918129233563e-01 1.689994649020948037e-01 1.602225144568303061e-01 8.087514885542267107e-02 -3.409145351486807946e-02 1.339270577391553918e-01 -1.752236900997463931e-01 -1.402216641395035435e-01 -4.438620454202684557e-02 6.976306923435002250e-02 1.531610092620754315e-01 -1.718053502129004706e-01 1.185435806385667229e-01 1.818959913300749812e-02 -8.608569891175331390e-02 -1.556980558473481657e-01 -1.646592205327990777e-01 -1.134843948686307946e-01 -2.871128389649806392e-02 6.194755821320251793e-02 1.290850166805805055e-01 1.532743660791758000e-01 1.379032143570362023e-01 9.052049931878694555e-02 2.874826988805547628e-02 -3.535534728031649448e-02 -8.747195995523314449e-02 -1.253919859864938979e-01 -1.405812541900124946e-01 -1.315672223804142671e-01 -9.550096733177539099e-02 -1.340807416345973779e-02 9.607340383951262774e-02 1.886808444644942351e-01 1.892875589806030379e-01 -2.457718182452541256e-01
6.116906735328187655e-02 1.228067760196093205e-01 1.703918394692875149e-01 -1.422491697757167495e-01 -3.034910764019426582e-02 1.102502675774959390e-01 -1.761128467712774481e-01 -1.381797464392958141e-01 2.247057209533035241e-02 -1.058379212346592657e-01 1.748478376639079068e-01 1.500984711519062487e-01 4.550542985888316599e-02 -8.278122704073215266e-02 -1.670779259912721360e-01 1.643740751621264873e-01 7.635797306755284786e-02 5.081557553733961202e-02 1.514473570684220782e-01 1.742725868226664143e-01 1.077652214715903722e-01 1.356140851271494217e-02 -1.276670303848941868e-01 1.766616111482598450e-01 -1.357567533359830547e-01 -2.616731150436394163e-02 9.639626056409196508e-02 -1.700048116003420873e-01 1.575477611304630376e-01 6.576411571517702670e-02 -5.881671406513940686e-02 -1.535593981006478093e-01 -1.710017167146697104e-01 1.029666417838148579e-01 1.585643745967292573e-02 1.263008434012333203e-01 1.738541100925030114e-01 1.359059773566979323e-01 3.304594850756800706e-02 8.454908002085584351e-02 -1.609254900397037724e-01 -1.608818299799345541e-01 -8.943904413361465633e-02 1.926292574048959344e-02 1.175348761483278881e-01 1.624073347178162374e-01 1.439752108242839113e-01 7.487993662006484086e-02 -1.829597379876772567e-02 -9.750464571656639046e-02 -1.428499083411318427e-01 -1.455740065443249798e-01 -1.129150411849679098e-01 -5.708931133138889225e-02 8.111426675045338777e-03 6.977516068576031238e-02 1.192962490846058987e-01 1.457547732778907423e-01 1.453652110713380408e-01 8.592531926508992224e-02 -3.250599381676910760e-02 -1.674430065975021642e-01 -2.289112946867043474e-01 2.191118878995515218e-01
7.354313217750133025e-02 1.410139213921121903e-01 1.779203835899025588e-01 -1.215310746476130216e-01 9.924992753645592650e-03 1.428220866621353613e-01 -1.698261326037334984e-01 -8.575088810659423078e-02 -5.174847284463032770e-02 -1.571673309686014153e-01 1.649660017809148893e-01 7.367217898135913767e-02 -6.154337560870849766e-02 -1.600082363021770315e-01 -1.636830908988129163e-01 7.155458293048071183e-02 -6.235430719762886931e-02 1.597969009805678686e-01 1.643161754913649020e-01 7.381610805300219125e-02 -5.931391529705334204e-02 1.581391559251198731e-01 -1.658709578108089611e-01 7.834876282911794332e-02 5.411662142242375934e-02 1.554892647844775821e-01 1.678204239877563730e-01 -8.425822735365132155e-02 -4.737791369589694490e-02 -1.518950138344036249e-01 -1.698586585562106288e-01 -9.133705342047433728e-02 3.890524472609706991e-02 -1.468430760752535147e-01 1.717504905118176495e-01 1.003935704236341708e-01 -2.681731110021255693e-02 -1.382206967516199647e-01 -1.729293326505464135e-01 1.141480635970927859e-01 5.412552204497747023e-03 1.196596919907061130e-01 1.702465535176591049e-01 1.363993215434773920e-01 3.646582127211654006e-02 -7.574930798577753088e-02 -1.491040724049313149e-01 -1.594938918239569570e-01 -1.046001625670231056e-01 -1.563184882927357022e-02 7.146622612030366362e-02 1.300552467435411863e-01 1.473022664733888432e-01 1.267031126018781928e-01 7.421172563621854235e-02 8.833965705355401737e-03 -6.293567495615512430e-02 -1.219413926809383569e-01 -1.623173997306179006e-01 -1.419852150291359416e-01 -3.559819777141232100e-02 1.281554843885353567e-01 2.526409332792800555e-01 -1.893430414411322593e-01
8.838586820837181224e-02 1.617551241120954719e-01 1.847622261683046219e-01 -9.797972601455468000e-02 4.980572592728150366e-02 1.663031789688718398e-01 -1.471978115651405294e-01 -2.217555561163101971e-02 -1.173627229192267668e-01 -1.755394786155810294e-01 1.124809987108705694e-01 -2.547501580698428511e-02 -1.463158462797077008e-01 -1.697998950110151117e-01 -8.093331430190435494e-02 -6.060340342308262462e-02 -1.625292622815052712e-01 1.583257069087321001e-01 5.110681978053813190e-02 -8.898902978467294889e-02 -1.715361589301149514e-01 1.431579505650842354e-01 -2.243050263122919191e-02 -1.125670784776941630e-01 1.752093287151560985e-01 1.252228370533401691e-01 -5.094912140035504078e-03 1.320040185144189804e-01 -1.744422263411767038e-01 -1.052807165907646836e-01 3.101162135030513523e-02 1.473492124033685957e-01 1.699201074488472518e-01 -8.458302887126700753e-02 -5.387950054074153866e-02 -1.580263179721874689e-01 -1.629253053416835073e-01 -6.637313234243857885e-02 6.984394437201238426e-02 -1.626794506760302905e-01 1.569175672152807455e-01 5.851369239704465319e-02 -7.040649226741153843e-02 -1.582092790495364110e-01 -1.577136674483672618e-01 -7.435826495509739731e-02 3.999753585261018457e-02 1.324133726544813316e-01 1.607760661717322348e-01 1.199199494116551662e-01 3.819010676097233520e-02 -5.153960339186379469e-02 -1.168519622940537850e-01 -1.456724404964850617e-01 -1.295608773976567873e-01 -8.448813034476708450e-02 -1.175488634770486228e-02 6.660698043303288352e-02 1.428375228214352477e-01 1.712450425404598298e-01 9.801532287342702709e-02 -7.541219502916227113e-02 -2.593790470733472464e-01 1.572578720058091795e-01
1.027429384562732889e-01 1.790845495254830833e-01 1.836736859680361267e-01 -6.831684333484194793e-02 8.576692250240784687e-02 1.727027384449732195e-01 -1.046553909602161575e-01 4.514853661091329518e-02 -1.588772847058573523e-01 -1.502447989389900929e-01 2.655351331180207802e-02 -1.157704586940200842e-01 -1.724121456720023038e-01 -1.013967075877809515e-01 4.421507252678649746e-02 -1.570761946389427899e-01 -1.559061737539362003e-01 4.123429284930275884e-02 -1.033126537566150388e-01 -1.731535958844827305e-01 -1.184113286961206990e-01 -2.185862720211314419e-02 1.464497249194314510e-01 -1.660392336891373388e-01 6.677133061145650028e-02 -8.060723391035888585e-02 -1.703942811261851542e-01 1.386389603337515042e-01 -8.003843794368461703e-03 1.286236713216013794e-01 1.737319299030635478e-01 9.561768810832434184e-02 -5.033337340304142038e-02 1.607693919595493126e-01 -1.577553286447368197e-01 -4.434989552861503398e-02 9.996555394220517365e-02 1.743276156683989941e-01 1.287564336162710099e-01 3.398437515581346092e-03 -1.326482995913360330e-01 -1.723364390331945661e-01 -1.016143552348423434e-01 3.072982846371003982e-02 1.424016488597345254e-01 1.658216883249881424e-01 9.852919456753567173e-02 -1.760141279874482059e-02 -1.205318459291957328e-01 -1.592508004557960655e-01 -1.294488237483680249e-01 -5.009652775077797632e-02 3.961184671164266757e-02 1.123349818637251335e-01 1.432206045684606133e-01 1.359270584531546977e-01 8.348556617115066025e-02 3.206647613516889171e-03 -9.717600576727311590e-02 -1.753517194081168906e-01 -1.495998087979745761e-01 1.796195306745143952e-02 2.594505563272745396e-01 -1.297263364122562823e-01
1.165354531857257098e-01 1.926366812958604513e-01 1.747014854206091761e-01 -3.439266364008315008e-02 1.149785619647538670e-01 1.613634458138612504e-01 -4.795435037599467265e-02 1.048403052619368142e-01 -1.677674071286810453e-01 -8.757554265276397409e-02 -6.726877574193554366e-02 -1.658393758891945902e-01 -1.293670304656272529e-01 1.370085469138518017e-02 1.462004684127406473e-01 -1.610575688334382471e-01 -4.683707571444709061e-02 -1.059692118746726336e-01 -1.744257017911961805e-01 -1.043004442128909193e-01 4.885251389659966970e-02 -1.639664944369764732e-01 1.492330054167207432e-01 -1.677836438019742957e-02 -1.291397803840307335e-01 -1.734257888057654240e-01 -8.095095753561976082e-02 -7.489215899504467200e-02 1.719035606849016184e-01 1.337190162487302825e-01 -9.360724969747940757e-03 -1.445858232003333910e-01 -1.665497473733804079e-01 5.816194566466719590e-02 9.499369712361857565e-02 1.738122842709170779e-01 1.181001802242488824e-01 -2.824343811459743489e-02 -1.516190979330187261e-01 1.603776671864605430e-01 -4.949393459962234121e-02 9.608424920379493583e-02 1.701818316501946537e-01 1.260417085655677061e-01 -3.613739423548424992e-03 -1.260233425514953043e-01 -1.662012626665495263e-01 -1.093413977444749607e-01 7.900335246659570890e-03 1.123641714458944313e-01 1.577336888893584588e-01 1.301270161719539631e-01 5.366871788559822443e-02 -3.881946927365587108e-02 -1.111855360959615041e-01 -1.488406377668440583e-01 -1.345780065271936499e-01 -7.240855932561601760e-02 3.388134911663240323e-02 1.542176484975019413e-01 1.853441946054551204e-01 4.043516871821706965e-02 -2.535851911872913367e-01 1.062583108435236345e-01
1.296876248008045629e-01 2.021256746570486429e-01 1.582307302166380547e-01 1.676775521519598047e-03 1.351417903604131832e-01 1.334499961857280037e-01 1.523433902496048285e-02 1.468089051646148946e-01 -1.422075601224209729e-01 -3.121180651595622819e-03 -1.410909325971017036e-01 -1.582844226239362162e-01 -3.444262651215828502e-02 1.224890124542782482e-01 1.715956896717380498e-01 -7.020316731025905144e-02 9.300868366179909641e-02 -1.757867772430441178e-01 -1.048901324585174710e-01 5.672414843713836918e-02 1.690264642273077156e-01 -1.342308039530678843e-01 -1.723741346512865091e-02 1.529689195230040932e-01 -1.558730898017993138e-01 -2.309993240507330139e-02 1.295167508024348269e-01 -1.694924391280062947e-01 6.257948938212423706e-02 -9.906608818926722348e-02 -1.749073398215317821e-01 -9.981495693672216840e-02 6.154328343695608661e-02 -1.703602732119492702e-01 1.330401477780104869e-01 -1.733710305554581402e-02 -1.530475168269034847e-01 -1.590948365494943006e-01 -3.260588120087986458e-02 -1.194898902246990385e-01 1.729813096424293872e-01 8.632814239530139933e-02 -6.513444061745123081e-02 -1.644349077065009601e-01 -1.386874841180631701e-01 -1.371800095630044090e-02 1.139827112704424467e-01 1.648947698154600294e-01 1.099470893785528536e-01 -4.629573986848418629e-03 -1.093698897795209873e-01 -1.536091369664663586e-01 -1.262233197943910534e-01 -4.869203769404062410e-02 4.397443715448213358e-02 1.200322424296901558e-01 1.528316488433143772e-01 1.264407228021668661e-01 3.561903296333649577e-02 -1.113496269827466967e-01 -2.021960688687552965e-01 -9.630262419044095801e-02 2.427045694038585943e-01 -8.639599663401596741e-02
1.421271842854933132e-01 2.073513855184661581e-01 1.349683797608140501e-01 3.764162497762706117e-02 1.446698320693242945e-01 9.182946948770137618e-02 7.636200495726090665e-02 1.639595784741596229e-01 -8.744629561410409424e-02 8.210959960963459814e-02 -1.729643952350994052e-01 -9.573070313514550622e-02 7.429409855282127773e-02 1.748695412189906484e-01 1.070969182492533256e-01 6.198907309815739064e-02 1.717383996212682451e-01 -1.172328592767817729e-01 4.922386850542682935e-02 1.676209965553763781e-01 1.262724830862869407e-01 3.618425365091843676e-02 -1.641579665292431101e-01 1.359420294074526747e-01 2.159330522111018932e-02 1.596127394548650380e-01 1.463548283618942847e-01 5.070069619570894554e-03 -1.520386962342745729e-01 -1.556230287992064198e-01 -1.243472290869767488e-02 1.417041144265142050e-01 1.624236601820246151e-01 -3.014878718982776790e-02 -1.296948300407290144e-01 -1.677112421246438612e-01 -4.939177556393233026e-02 1.146989256508562233e-01 1.724644867531368864e-01 -7.401438023059568605e-02 -9.091633794782594258e-02 -1.738411945261776892e-01 -1.066174520012676541e-01 4.811334687422770540e-02 1.614693587451379031e-01 1.430808662776064943e-01 2.068117299908241516e-02 -1.124610708172587153e-01 -1.629166369032352679e-01 -1.060148760411096791e-01 7.857735247258502975e-03 1.104522678372882039e-01 1.497783815843597710e-01 1.194766870313247048e-01 3.708040740322904316e-02 -5.795459047303339051e-02 -1.342959503205612692e-01 -1.543334803041897796e-01 -9.919594833643276266e-02 5.311314944328040383e-02 1.992144530371792177e-01 1.466878924882568935e-01 -2.278404069393744624e-01 6.971198515442683652e-02
1.537857783100190778e-01 2.082035919515925759e-01 1.059129029895209961e-01 7.125855939069843104e-02 1.428128635020317339e-01 4.077684349007253128e-02 1.271588069070448968e-01 1.533930177490931412e-01 -1.472849078516388563e-02 1.469149705211348633e-01 -1.534126500825021833e-01 8.636896196608168574e-05 1.532371043281776368e-01 1.467205922245183869e-01 -1.350681480759362632e-02 1.576801923656137305e-01 1.376187440974980247e-01 2.693248130192388290e-02 1.636460765476993040e-01 1.303893450072958760e-01 -3.819803364617730540e-02 1.686767614374020674e-01 -1.248976170061149998e-01 -4.706944848455887898e-02 1.707718758276528803e-01 1.185471946513365071e-01 -5.561156687342595772e-02 1.715828200542221516e-01 -1.108485016928549144e-01 6.466703971147694241e-02 1.733674017978341919e-01 1.039252642040313507e-01 -7.248444276187136770e-02 1.753497909138146404e-01 -9.926343088511357937e-02 7.690597436084133098e-02 1.753078088279342306e-01 9.686314837345094686e-02 -7.694560716049381188e-02 1.732445364277442890e-01 -9.933979688431469890e-02 6.985610105509400258e-02 1.700600992668447886e-01 1.137853618773524561e-01 -4.485882080926660576e-02 -1.599428470162303217e-01 -1.410330667206977917e-01 -1.386259497667794230e-02 1.195500364874563515e-01 1.603764427473960141e-01 9.788763844359886501e-02 -1.941152214996847564e-02 -1.153840600079154705e-01 -1.490769996464819391e-01 -1.067876013442162347e-01 -2.001862634711739503e-02 8.389454309680417776e-02 1.508275323645710542e-01 1.461773392748757505e-01 1.235960819435573572e-02 -1.774675769221112920e-01 -1.893271368120440501e-01 2.100585326225593852e-01 -5.580860762505088224e-02
1.645993448211367227e-01 2.046643190169317728e-01 7.231142198713602642e-02 1.004307057894908844e-01 1.297170215961321316e-01 -1.446410286994520913e-02 1.607525464297615558e-01 1.168954915275710882e-01 6.101371589851967148e-02 1.751740858575979720e-01 -8.824875800524399627e-02 9.587343061162448277e-02 1.707283479845848884e-01 5.100508712190132687e-02 -1.270347202997117175e-01 1.605242416992943288e-01 1.306975642291195207e-02 1.514298890228049366e-01 1.461118462225768078e-01 -2.206879371389586578e-02 -1.658487213799771376e-01 1.243891521334997002e-01 5.601631054113722502e-02 -1.726095022466543893e-01 9.623285739630263458e-02 -8.872300400591745517e-02 -1.744384965966639667e-01 6.561329777366052551e-02 1.168501112790387708e-01 1.699228940700568680e-01 3.403630501480499337e-02 -1.387069180830324544e-01 -1.575584601737030632e-01 1.297657710937862420e-03 1.556147113036536467e-01 1.404473368519284782e-01 -2.938717964640149422e-02 -1.674376939973151734e-01 -1.237189451848836746e-01 -5.148242455866380157e-02 1.718046596475202026e-01 1.113044138040713144e-01 -6.037167471145654662e-02 -1.692240720237416784e-01 -1.108232662053389994e-01 5.081707444543193813e-02 1.606329138929787903e-01 1.318115650282259133e-01 -5.340020205781264434e-03 -1.295443802327167770e-01 -1.572754473787787710e-01 -8.041410255035612298e-02 3.647960808478804134e-02 1.275796536738479370e-01 1.439649764490854023e-01 9.264730139792458352e-02 -1.388329531389757322e-02 -1.171743492845072898e-01 -1.690960995900216701e-01 -7.641701802070430261e-02 1.397156542085452313e-01 2.227286272771639986e-01 -1.903932431502330103e-01 4.431804521776230160e-02
1.745084650525583758e-01 1.968082178956847283e-01 3.560618288700239525e-02 1.233384370615166065e-01 1.064129033499190274e-01 -6.821939483916575342e-02 1.725983932283603473e-01 6.063687707678585420e-02 1.242271442966410844e-01 1.598572681957667885e-01 3.152965918926954256e-03 1.583475464271607569e-01 1.197534203875718628e-01 -6.819885970925390617e-02 -1.740128293580477936e-01 6.884655514647977648e-02 -1.200673735053130464e-01 1.653428730081764331e-01 1.075994838690742111e-02 -1.550245026431148199e-01 -1.336345646690790812e-01 -5.026337995370273870e-02 1.733990070094506841e-01 -8.739424186023701802e-02 -1.043750741901544599e-01 -1.716032010465280977e-01 -3.247547292704332927e-02 -1.445554619521184914e-01 1.479462778193231243e-01 -2.710766938731468123e-02 -1.691368430038077408e-01 -1.079451483443361753e-01 8.310718331938282688e-02 -1.755951292935046260e-01 5.870296848410101048e-02 -1.268381483490780837e-01 -1.621737110770581081e-01 -5.870850930116871050e-03 1.556947245728275697e-01 -1.361081813961761700e-01 -4.027635408564466529e-02 -1.702325842972498005e-01 -1.110658903121524987e-01 6.597059585717171548e-02 1.715685669458685281e-01 9.870848382821165168e-02 -6.523888870553681829e-02 -1.646563174898161841e-01 -1.126499202510460179e-01 2.989460482474168637e-02 1.421349091593478164e-01 1.465727865439349076e-01 5.671233241455160556e-02 -6.261609575061216626e-02 -1.377432524231542443e-01 -1.406806127406049489e-01 -5.934079252078465483e-02 6.054597225761117196e-02 1.647484563588797746e-01 1.310879658262613101e-01 -8.994419056065990070e-02 -2.461787631084373651e-01 1.697949825249817080e-01 -3.490275817321701612e-02
1.834586900212815397e-01 1.848009913293935380e-01 -2.627348361571032499e-03 1.385528720974351091e-01 7.473446143974364630e-02 -1.149676539912365542e-01 1.610937462173605006e-01 -5.872352365243127363e-03 1.619313191601996493e-01 1.047746965179459366e-01 9.361726033734836527e-02 1.658009625197147119e-01 2.075449276227987749e-02 -1.559964305766512460e-01 -1.298306765313669842e-01 -6.337015427009540236e-02 -1.743081840209216582e-01 5.851122403817417966e-02 -1.332682631994164535e-01 -1.509833706889657234e-01 2.739258496206533472e-02 -1.722378631805817073e-01 9.411997269811332723e-02 1.045290786908988634e-01 -1.682478472215522824e-01 -1.389387749704100623e-02 1.580404664686040905e-01 -1.251630533365310494e-01 -6.988454990244069576e-02 -1.759204871240143409e-01 -5.510881673526889235e-02 1.355971508266601566e-01 1.519740721799686944e-01 2.761254379407194690e-02 -1.709742012346832374e-01 -9.541534429231526837e-02 1.023399667342385355e-01 1.707516883673903529e-01 2.479342354314791400e-02 1.503043224295574909e-01 -1.392749025333360757e-01 4.188958959299078633e-02 1.699457993435721515e-01 9.946167909899446269e-02 -8.494779355150558486e-02 -1.713371113299093917e-01 -7.723392050288324651e-02 9.091524265436964902e-02 1.653451604423429311e-01 8.603298959562655224e-02 -5.972222889002312685e-02 -1.512548002732758412e-01 -1.289956788242646035e-01 -2.370108272411986655e-02 9.046448673233435656e-02 1.518749237260263729e-01 1.192030467910920322e-01 7.711168998363094468e-03 -1.344399699647184643e-01 -1.700638447542379139e-01 3.282327675671661144e-02 2.596819193313418817e-01 -1.490927610121945412e-01 2.725588831130164313e-02
1.914008397157803965e-01 1.688958985785536937e-01 -4.074810830059561600e-02 1.451250029595350377e-01 3.717467855261632342e-02 -1.499072167113530696e-01 1.277950462406599874e-01 -7.138886539292249589e-02 1.663839281197724007e-01 2.362859419270904940e-02 1.562475773693223768e-01 1.156438555671573110e-01 -8.656748532602363821e-02 -1.719558128203532432e-01 -1.763400708914382789e-02 -1.582725183970285499e-01 -1.140110166641178230e-01 -9.104930812782471850e-02 -1.698352653440848847e-01 -1.351658628193454226e-02 1.620154904055005896e-01 -1.137000406073343933e-01 -9.190598029578032901e-02 1.688230156663429737e-01 -1.170937958646168543e-02 1.632953989812539752e-01 1.122822543297797016e-01 9.299694290023419185e-02 -1.701343534532679669e-01 -1.177672988922930271e-02 1.622821745277987782e-01 1.118712846520060478e-01 -9.336291640022259530e-02 1.710809983974630188e-01 -1.410416167253542193e-02 1.608061763473808137e-01 1.162085386600332504e-01 -8.705210037112248722e-02 -1.716337837308790359e-01 2.715529285231532350e-02 1.537721618196966622e-01 1.328067606519200972e-01 -5.620898547036182885e-02 -1.722468943809922493e-01 -7.495356882549027155e-02 1.100074075998499906e-01 1.653623333016952246e-01 4.202052884378517511e-02 -1.219357039412008875e-01 -1.574832340555648302e-01 -5.120263261438347951e-02 9.267033866629184602e-02 1.535013717010402234e-01 1.025794071187714207e-01 -1.649683328154518541e-02 -1.238849575640458833e-01 -1.526990735237972741e-01 -7.452210519158430913e-02 8.345702422253702124e-02 1.893469264875441982e-01 2.683339952911764636e-02 -2.638502960148477738e-01 1.289713010221381906e-01 -2.110138836005652496e-02
1.982912733320667531e-01 1.494284136184379774e-01 -7.711987385352697677e-02 1.426448897229290191e-01 -3.310621640244015926e-03 -1.694493284646225451e-01 7.720720828112931367e-02 -1.248371485070143422e-01 1.366706562606667397e-01 -6.339530696529804832e-02 1.724228761758820339e-01 2.530421345359133711e-02 -1.591738210194117153e-01 -1.087275234571658949e-01 1.038006059622151173e-01 -1.599790323393388003e-01 2.120283566916690565e-02 -1.741194313203659194e-01 -6.945515947345362595e-02 1.358949567288399995e-01 1.404684762704778989e-01 6.400008730868704532e-02 -1.736961594324819003e-01 2.698481391459136777e-02 1.601690796734444311e-01 1.115429872564789177e-01 -1.013420371341662990e-01 1.634738742345380746e-01 1.587542487993027704e-02 1.733234374259736144e-01 7.532547992039084761e-02 -1.323778042413892297e-01 -1.456937023222258099e-01 -5.579890695909817122e-02 1.747064108346896016e-01 3.826481005932605428e-02 -1.546869868946079418e-01 -1.234863857605712906e-01 8.446556702504590119e-02 -1.702157732182130734e-01 1.417102315856180392e-02 -1.618466886074383382e-01 -1.149356739560324497e-01 8.410251173791437329e-02 1.711798324286400719e-01 3.762115778866770288e-02 -1.363959402760880901e-01 -1.487190269736179127e-01 7.457644827599062450e-03 1.472448687214671093e-01 1.389272249280645577e-01 4.719237859665311417e-03 -1.214357259529872252e-01 -1.482385430460444187e-01 -6.243241186248579128e-02 6.441240801626005319e-02 1.530791446935906019e-01 1.276728099794273152e-01 -1.993595453926184577e-02 -1.875152781492998855e-01 -8.454738236018768949e-02 2.597622796462545902e-01 -1.099617266438050883e-01 1.619372609654276193e-02
2.040921290727182591e-01 1.268091492427246003e-01 -1.101814924560523268e-01 1.312672306818632451e-01 -4.353538747804569509e-02 -1.715867562831416837e-01 1.617416046011573016e-02 -1.571818127073279225e-01 7.889293487221037127e-02 -1.346491264060143411e-01 1.373339698658656571e-01 -7.382783221513240790e-02 -1.679476285027826921e-01 4.571067578073033724e-03 1.708570995504311851e-01 -6.748484685547004314e-02 1.424842962023570025e-01 -1.300356806857234093e-01 8.693029618431521999e-02 1.652146470107404841e-01 -1.647887484309025138e-02 1.746255342818416878e-01 -5.848754978780620895e-02 -1.478018683463296346e-01 1.222198993360339853e-01 -9.659442308809110256e-02 -1.634581743251649066e-01 -2.565656096722826462e-02 1.751770576196341744e-01 5.008643718570699593e-02 -1.529106098391056490e-01 -1.157004869663457863e-01 1.032043531452886687e-01 -1.619206853491982623e-01 -3.150423038468546516e-02 -1.744776946086943059e-01 -4.663036475994473268e-02 1.543711948268260969e-01 1.180094519020189608e-01 9.651646467522832784e-02 -1.655735160784438942e-01 1.309319092808212438e-02 1.699007951989179865e-01 8.293354299310863598e-02 -1.212050240077775093e-01 -1.565615347438929494e-01 1.059281533525333920e-02 1.606833659875092635e-01 1.121053068595552621e-01 -6.063978143703529361e-02 -1.629236233133563305e-01 -1.008093872918575246e-01 4.482303286206416881e-02 1.461926837371471943e-01 1.237895149999923006e-01 1.122536024033636212e-02 -1.209498159338535245e-01 -1.580169183124595367e-01 -4.661262116254293042e-02 1.656184556772558325e-01 1.365473816328544865e-01 -2.488077181870127497e-01 9.244376719406990905e-02 -1.231709516317402303e-02
2.087715321912130551e-01 1.015151963214094427e-01 -1.385138900028314302e-01 1.117017129668192721e-01 -8.033407044337796676e-02 -1.560999581011393023e-01 -4.704705740486617160e-02 -1.629550186900901865e-01 4.915051360286968804e-03 -1.724079155640140248e-01 6.141337719947534413e-02 -1.473070712622152056e-01 -1.093704000836890067e-01 1.157646283017639416e-01 1.484065263470541463e-01 6.474654470977560250e-02 1.701392683772223469e-01 9.008985283782928316e-03 1.732192827447411043e-01 4.853235046017486537e-02 -1.575419220365734951e-01 1.022362889097598176e-01 1.230552250641298584e-01 -1.421232167170794203e-01 -7.584232895428848209e-02 -1.693058393892227786e-01 1.880097531699419927e-02 -1.740447504470024886e-01 3.973432509333097579e-02 -1.622593036206969042e-01 -9.437301485109489407e-02 1.290519352680917775e-01 1.387437942182124240e-01 8.249556775759633864e-02 -1.665324303586974419e-01 2.380263649036541695e-02 1.757625360043253981e-01 3.947720798364999506e-02 -1.597642063684676650e-01 1.002518429281276657e-01 1.209180288957895505e-01 1.503714165945006509e-01 -5.272559472441699230e-02 -1.731180775193828236e-01 -3.259086866530513243e-02 1.541456948299380347e-01 1.233822745261362736e-01 -7.002596547449731201e-02 -1.680656193958916522e-01 -5.775280957466396442e-02 1.122723022928828335e-01 1.565336803063660243e-01 4.843419060133309639e-02 -9.750368772643536186e-02 -1.506455808889362036e-01 -8.428357025694033222e-02 6.368965356810107892e-02 1.609096332306428068e-01 1.068396044490487473e-01 -1.267702687600740785e-01 -1.800101237360538509e-01 2.325364218878034628e-01 -7.665694322783134229e-02 9.284133374792518170e-03
2.123037701384143938e-01 7.408006088742187523e-02 -1.609009804883907990e-01 8.516874545746880298e-02 -1.108107427694188102e-01 -1.245796326246024072e-01 -1.039033723171380458e-01 -1.411808106566627974e-01 -7.007210667046102903e-02 -1.672788783622388975e-01 -3.276643973854841130e-02 -1.696018220247348940e-01 -6.933012349616426637e-03 1.736472179144875616e-01 4.821008890151447235e-02 1.588531288870044245e-01 8.599565879851470140e-02 1.414746765762026626e-01 1.198324502621924414e-01 -1.110385175744449254e-01 -1.467472083247672587e-01 -7.730078866670625493e-02 1.650340560646460786e-01 3.708734414739366797e-02 -1.745483484866887924e-01 -4.648234910874916512e-03 1.729534470504272836e-01 -4.603851219439423353e-02 -1.625666619968151871e-01 -8.595013667545785274e-02 1.411683507366277845e-01 1.194297083380514435e-01 -1.125857293163093631e-01 1.483536728963980589e-01 7.501473541679376522e-02 1.660727258346381130e-01 -3.251880100823375391e-02 -1.760076052473890929e-01 -1.627254696284428231e-02 -1.695811630306907625e-01 6.711044581869565762e-02 -1.491591603425456436e-01 -1.182096264689284082e-01 1.022093966470477566e-01 1.592086798103867218e-01 -3.195081888500980044e-02 -1.711623940645999320e-01 -6.583067692043759189e-02 1.283135982738467240e-01 1.474054197347183515e-01 -1.012452762062082158e-02 -1.495970522056321861e-01 -1.250093117590543312e-01 1.787689609861551482e-02 1.361258776615760779e-01 1.373356893074166030e-01 6.531437841457090818e-03 -1.366785643110457749e-01 -1.528965121153997575e-01 7.553847289022763700e-02 2.131659610222881862e-01 -2.125227523618744285e-01 6.271802570585337244e-02 -6.934201204977173336e-03
2.146694338487892539e-01 4.508241130129059249e-02 -1.763818629724620002e-01 5.332333517299896880e-02 -1.325669968361875839e-01 -8.026333356596179747e-02 -1.467028063586950648e-01 -9.554010085137575048e-02 -1.306704035156908139e-01 -1.205379031854116739e-01 -1.172042460747806936e-01 -1.329653728246060485e-01 9.828467998200415834e-02 1.515632240071558556e-01 -7.724221241664354365e-02 1.594219811084806593e-01 -5.465573284460720216e-02 1.706259185650759180e-01 -3.018159138081910262e-02 -1.724834391837188063e-01 5.500038064291297608e-03 -1.758235032348649807e-01 1.983824580381393296e-02 1.710145672360824931e-01 -4.458908058483416342e-02 1.665268846452145346e-01 6.853524881983324990e-02 1.550820117450896207e-01 -9.134081252245988825e-02 1.432692228987855754e-01 1.119564913784254767e-01 -1.256226569139614058e-01 -1.311539691708272226e-01 -1.069744854601195339e-01 1.469840419127792785e-01 -8.293658262995293184e-02 -1.611995462097421949e-01 5.645572057313149456e-02 1.703193267747470374e-01 2.306493764886368217e-02 -1.759563766978739507e-01 -1.567142790161143648e-02 1.699798328388407442e-01 6.412262329488548074e-02 -1.507086028371005804e-01 -1.156231320438987076e-01 9.897207936324167732e-02 1.609001970970073137e-01 -1.525557297910053352e-02 -1.627988313940346154e-01 -9.736325536136819503e-02 8.297283508044049627e-02 1.580935934751064587e-01 6.779102511862789004e-02 -8.479461632033671870e-02 -1.583522102926670228e-01 -7.556101809226314914e-02 9.015341106334885668e-02 1.793902477602350165e-01 -1.724404582475251579e-02 -2.352819415121786273e-01 1.902550224773545684e-01 -5.064215517189390309e-02 5.131307658951838289e-03
2.158555243900256160e-01 1.513387284132182604e-02 -1.842920654663904867e-01 1.815185538775801813e-02 -1.438906914696822248e-01 -2.770293011975714231e-02 -1.696551091051348714e-01 -3.374841432590134499e-02 -1.644363645488224057e-01 -4.381217559930276895e-02 -1.667952696373490584e-01 -5.012771611096055596e-02 1.640878532213314311e-01 5.968258517385615497e-02 -1.622295644661766734e-01 6.611814323116854686e-02 -1.593928204822640249e-01 7.517448760999026480e-02 -1.558586297775679808e-01 -8.150286272082971073e-02 1.524456978160629028e-01 -9.007599472876261226e-02 -1.478573433140721038e-01 9.613374790432430150e-02 1.437839169409091955e-01 1.042293326628415395e-01 -1.383466520611129069e-01 1.099224046998609206e-01 1.335743645880246022e-01 1.176163234545417324e-01 -1.272382699198013056e-01 -1.230560407137659962e-01 1.214630331565292876e-01 -1.307398425041183809e-01 -1.134525193570369989e-01 -1.366018951663135195e-01 1.051946966402136641e-01 1.453545485299304607e-01 -9.240459618548596543e-02 1.530063698184199461e-01 7.664447858043826889e-02 1.637074249962207906e-01 -4.998657591027478447e-02 -1.714114955646740268e-01 1.397785832243107762e-02 1.745330494329742355e-01 4.295547665281391342e-02 -1.550597907918139784e-01 -1.073381618962895440e-01 9.616838553156355218e-02 1.621169920910977835e-01 1.690026515596030482e-02 -1.365263086053476183e-01 -1.334096322820952640e-01 1.083616527552761118e-02 1.431800988805577435e-01 1.302181542125899760e-01 -2.945479719905822955e-02 -1.838572645332611499e-01 -4.272361940418516191e-02 2.465470432002819512e-01 -1.670542186159887921e-01 4.036530955326983472e-02 -3.761789169363468754e-03
2.158555243900256437e-01 -1.513387284131967672e-02 -1.842920654663904312e-01 -1.815185538775692178e-02 -1.438906914696824746e-01 2.770293011975406491e-02 -1.696551091051357318e-01 3.374841432590189316e-02 -1.644363645488227665e-01 4.381217559929994482e-02 -1.667952696373513899e-01 5.012771611087114138e-02 1.640878532215411800e-01 -5.968258516735350239e-02 -1.622295645095098715e-01 -6.611814253476665237e-02 -1.593928216252402663e-01 -7.517447715982848722e-02 -1.558586570338281463e-01 8.150268686495761028e-02 1.524459456120965672e-01 9.007486633029183898e-02 -1.478594467627278031e-01 -9.612611493616562974e-02 1.437943641413614859e-01 -1.041996725728087381e-01 -1.383964950721355558e-01 -1.098035090704359562e-01 1.337439146569008586e-01 -1.172813580386344590e-01 -1.278038842395229635e-01 1.220931293578452481e-01 1.229569489580408653e-01 1.285653789923200396e-01 -1.173713891675431525e-01 1.316293046038420345e-01 1.138522218596087765e-01 -1.358118086701778637e-01 -1.115096910359266724e-01 -1.346032566869878322e-01 1.135482687839897559e-01 -1.327467957611987714e-01 -1.208755714520557828e-01 1.198779938138833240e-01 1.352289971991152695e-01 -9.909258174496457516e-02 -1.557555990387255729e-01 5.168592393443972172e-02 1.705593217186353594e-01 1.915124947851752982e-02 -1.555020304878797777e-01 -1.110405220478778709e-01 6.809119182303004225e-02 1.596013960804291976e-01 6.620402978519403236e-02 -9.598356562133951442e-02 -1.607630967630520047e-01 -3.564455927744949321e-02 1.667540548176412174e-01 9.949021564192328526e-02 -2.478907760844505648e-01 1.440227721774394731e-01 -3.176624185789513055e-02 2.731851856029961310e-03
2.146694338487894205e-01 -4.508241130128839286e-02 -1.763818629724623332e-01 -5.332333517299808062e-02 -1.325669968361879170e-01 8.026333356595939661e-02 -1.467028063586965636e-01 9.554010085137652764e-02 -1.306704035156900645e-01 1.205379031854095506e-01 -1.172042460747861614e-01 1.329653728245515920e-01 9.828467998254057647e-02 -1.515632240039966050e-01 -7.724221252141055816e-02 -1.594219808562391538e-01 -5.465573547379504182e-02 -1.706259162578922517e-01 -3.018164969575738710e-02 1.724834258686696598e-01 5.500533315673098063e-03 1.758236034986631890e-01 1.983441650632270653e-02 -1.710165012019157771e-01 -4.457175999947867590e-02 -1.665397836554609601e-01 6.846206900946241736e-02 -1.551549543068518333e-01 -9.112200583698647216e-02 -1.435388167575265272e-01 1.113370286297015871e-01 1.265767136889246747e-01 -1.297942348761363385e-01 1.095503705056384003e-01 1.441791312141799675e-01 8.975263530445450055e-02 -1.565999048321098375e-01 -7.133866528623523939e-02 1.637370962559821785e-01 -5.506045481798338415e-02 -1.697417097438864986e-01 -4.362168190483874108e-02 1.702263371058171937e-01 4.304135180318266474e-02 -1.704888045152404830e-01 -5.302375518004410343e-02 1.608856520544728608e-01 8.482806874862142132e-02 -1.389216815568101726e-01 -1.258949059078254828e-01 8.051236543692641412e-02 1.632828507750288261e-01 2.380372714670646664e-02 -1.391309894090532462e-01 -1.267654557352149158e-01 2.774870556860556392e-02 1.624376042699072764e-01 9.543848129908029387e-02 -1.310389888675829728e-01 -1.491228398380328724e-01 2.407676222673738042e-01 -1.220210853703709020e-01 2.468650130781674390e-02 -1.965081476667063926e-03
2.123037701384150600e-01 -7.408006088741998785e-02 -1.609009804883912431e-01 -8.516874545746780378e-02 -1.108107427694192543e-01 1.245796326246006863e-01 -1.039033723171401136e-01 1.411808106566631860e-01 -7.007210667045972452e-02 1.672788783622375097e-01 -3.276643973855589143e-02 1.696018220247371144e-01 -6.933012348991968686e-03 -1.736472179162899254e-01 4.821008879628476546e-02 -1.588531292382706628e-01 8.599565651888808893e-02 -1.414746841751777784e-01 1.198324109858086850e-01 1.110386782851117693e-01 -1.467469601896942977e-01 7.730200203341770770e-02 1.650330061591642750e-01 -3.709636950556846613e-02 -1.745473243759714521e-01 4.611508227872334123e-03 1.729686627834143842e-01 4.589239714043640700e-02 -1.626712145648705476e-01 8.556545222729050604e-02 1.416702626988473879e-01 -1.184665515603014613e-01 -1.141884599789973059e-01 -1.466742729193215300e-01 7.969729045899277831e-02 -1.636705549193661902e-01 -4.325744759014870516e-02 1.748750826697469118e-01 6.993931671500800383e-03 1.749554185081206858e-01 2.532028197621852966e-02 1.726864884615632589e-01 -4.804041535881126840e-02 -1.666845307493820816e-01 6.166266466046535499e-02 1.652680229255834576e-01 -5.448866062241181779e-02 -1.695433053948182667e-01 2.975854266681854723e-02 1.714577464967821374e-01 3.018524372016853294e-02 -1.539567202716420058e-01 -1.085214042819342140e-01 7.843062721814200722e-02 1.562023255627712215e-01 4.659828399838863294e-02 -1.358853394972281137e-01 -1.417755907033745599e-01 8.147237958597387808e-02 1.888750934697483175e-01 -2.269367757343832559e-01 1.016674248715685597e-01 -1.894764264611451324e-02 1.400011879214176774e-03
2.087715321912140543e-01 -1.015151963214077219e-01 -1.385138900028319020e-01 -1.117017129668184949e-01 -8.033407044337842473e-02 1.560999581011384696e-01 -4.704705740486872512e-02 1.629550186900901310e-01 4.915051360288776386e-03 1.724079155640144134e-01 6.141337719946878687e-02 1.473070712622724932e-01 -1.093704000832550066e-01 -1.157646283075861593e-01 1.484065263025015069e-01 -6.474654543772727366e-02 1.701392680279581182e-01 -9.008996814435524247e-03 1.732192960249590574e-01 -4.853216527697298138e-02 -1.575421653192929095e-01 -1.022352893807319529e-01 1.230581616010486545e-01 1.421184407414500528e-01 -7.585879555276305031e-02 1.692980273607812003e-01 1.888054752066292002e-02 1.740610468805149080e-01 3.948748142737835282e-02 1.624522073329391081e-01 -9.371167639830309259e-02 -1.299890923920027086e-01 1.375395160242590953e-01 -8.535551745319128192e-02 -1.650746620096460171e-01 -3.143468374262162884e-02 1.762035868280606987e-01 -2.413091049828409995e-02 -1.683906563325845429e-01 -7.258347156472876038e-02 1.492777063904341672e-01 -1.132485758878731263e-01 -1.229249101501882213e-01 1.365753104501075677e-01 9.974616103942030021e-02 -1.515727937735882047e-01 -9.024474368235511912e-02 1.497634939661159903e-01 9.685658298428324875e-02 -1.335423562433291911e-01 -1.289456423309600641e-01 8.678513304000567974e-02 1.585297258564045964e-01 4.911456414146260496e-03 -1.480696314493628596e-01 -1.116549623467800040e-01 8.651832768244030469e-02 1.690972035676402696e-01 -2.378310464232192070e-02 -2.172557752931473518e-01 2.082607035638414372e-01 -8.335565170222310194e-02 1.436517263592678763e-02 -9.878248233959482059e-04
2.040921290727195359e-01 -1.268091492427231570e-01 -1.101814924560528819e-01 -1.312672306818625512e-01 -4.353538747804595183e-02 1.715867562831417670e-01 1.617416046011285399e-02 1.571818127073273674e-01 7.889293487221206436e-02 1.346491264060156734e-01 1.373339698658615216e-01 7.382783221522221107e-02 -1.679476285027295679e-01 -4.571067584905493669e-03 1.708570995922402691e-01 6.748484621687038387e-02 1.424842980043004026e-01 1.300356742185111991e-01 8.693035020942342650e-02 -1.652146081102425779e-01 -1.647936145914262809e-02 -1.746258293855965094e-01 -5.848411327494153211e-02 1.478072384697182717e-01 1.222081027804909764e-01 9.662626401437655888e-02 -1.634360550586596572e-01 2.580673091823607393e-02 1.752083852284138377e-01 -4.967072344212247748e-02 -1.533415508540867944e-01 1.147461534781660658e-01 1.048871176976345770e-01 1.608001286381842421e-01 -3.652354574291750977e-02 1.749440319838840852e-01 -3.626918151025354531e-02 -1.618276875111159807e-01 1.007110618798845170e-01 -1.221732084447072347e-01 -1.478253253164118208e-01 -7.007629518461891416e-02 1.706688231915274856e-01 1.982766188851042485e-02 -1.778286261010877112e-01 2.201270905542965922e-02 1.737780941573351112e-01 -3.735720130213530943e-02 -1.714875497128696136e-01 3.048408452070265270e-02 1.737648823444336577e-01 1.320821454223920430e-02 -1.581458347618222571e-01 -8.763865140422978650e-02 1.051062785047850723e-01 1.547559964471728056e-01 -2.309754248826846601e-02 -1.749206147469813954e-01 -3.615665335108904366e-02 2.339481139629173978e-01 -1.865386253170000785e-01 6.728495490429825532e-02 -1.075915055292697708e-02 6.902343496315292053e-04
1.982912733320683074e-01 -1.494284136184368394e-01 -7.711987385352764290e-02 -1.426448897229285195e-01 -3.310621640243995543e-03 1.694493284646232945e-01 7.720720828112635770e-02 1.248371485070131903e-01 1.366706562606678221e-01 6.339530696530065734e-02 1.724228761758823947e-01 -2.530421345350442053e-02 -1.591738210197597425e-01 1.087275234528388285e-01 1.038006060657462315e-01 1.599790321955545935e-01 2.120283834207506088e-02 1.741194348779899481e-01 -6.945511135140393366e-02 -1.358950977204108901e-01 1.404682328738738883e-01 -6.400133682512931799e-02 -1.736962497564133179e-01 -2.697616166895096257e-02 1.601775294295433583e-01 -1.115175805466984416e-01 -1.014098973784153951e-01 -1.634328019957093647e-01 1.612643085131881468e-02 -1.734335612747751332e-01 7.463578768933512575e-02 1.332906745750981892e-01 -1.446614967576796140e-01 5.880960026737089286e-02 1.746856322458703592e-01 -3.096038275670318779e-02 -1.599140933780394958e-01 1.126150289332536886e-01 1.041257766589371164e-01 1.619645192061674732e-01 -2.818588073171983746e-02 1.773242648485157114e-01 -4.691667068410849961e-02 -1.585135761848622260e-01 1.066516058190278560e-01 1.250710431178699011e-01 -1.386198937437418399e-01 -9.893408587603830240e-02 1.532792238323069378e-01 8.822903606662535481e-02 -1.458422894682177284e-01 -1.095048101415161401e-01 1.079809364227488910e-01 1.474816629713290861e-01 -3.792259507448563632e-02 -1.682733616963765499e-01 -4.409111897256862839e-02 1.597777416236509651e-01 9.303517446891891585e-02 -2.396200881048942688e-01 1.633834075312131651e-01 -5.349612285232843018e-02 7.961636569139347863e-03 -4.775895697447750106e-04
1.914008397157815622e-01 -1.688958985785526667e-01 -4.074810830059628214e-02 -1.451250029595344271e-01 3.717467855261639975e-02 1.499072167113545129e-01 1.277950462406575172e-01 7.138886539292088607e-02 1.663839281197728726e-01 -2.362859419270629119e-02 1.562475773693271230e-01 -1.156438555671078922e-01 -8.656748532661381890e-02 1.719558128207382963e-01 -1.763400698433709862e-02 1.582725188339385580e-01 -1.140110149876495532e-01 9.104931880386857301e-02 -1.698352641853508316e-01 1.351639819676283757e-02 1.620157260370731489e-01 1.136992067237317938e-01 -9.190942517541556001e-02 -1.688219079381468313e-01 -1.169235446709747731e-02 -1.633124233888274823e-01 1.122291795609849790e-01 -9.312805897134887601e-02 -1.700926735285687719e-01 1.135014160435630047e-02 1.626378020612189168e-01 -1.109351889728956153e-01 -9.509429055910353923e-02 -1.705490771849512976e-01 -9.202048733256982041e-03 -1.639626460976832401e-01 1.085271621291665073e-01 1.003696880957883897e-01 -1.674861002639038143e-01 3.904467051805645718e-03 1.712310467096195832e-01 -9.132940958135829512e-02 -1.243519163045157527e-01 1.516532417586555770e-01 5.443610285231459400e-02 -1.779684717814192796e-01 8.446902934761022982e-03 1.758723726071680371e-01 -5.179550181592396108e-02 -1.660569392343531070e-01 5.686565846031950422e-02 1.675942733805788620e-01 -2.400019663217816887e-02 -1.690372058166471070e-01 -3.802766953186652310e-02 1.506364934122157717e-01 1.050682248112459194e-01 -1.267103306517479433e-01 -1.426105211733825762e-01 2.356713696682906922e-01 -1.401436116569799994e-01 4.190970793097378161e-02 -5.821367085062259354e-03 3.272123631058030313e-04
1.834586900212824279e-01 -1.848009913293926776e-01 -2.627348361571788839e-03 -1.385528720974351646e-01 7.473446143974393774e-02 1.149676539912380113e-01 1.610937462173579193e-01 5.872352365241712696e-03 1.619313191602001489e-01 -1.047746965179438827e-01 9.361726033735517927e-02 -1.658009625197222614e-01 2.075449276171311211e-02 1.559964305815138008e-01 -1.298306764861819063e-01 6.337015500206699681e-02 -1.743081844815332904e-01 -5.851121464955701817e-02 -1.332683092615397913e-01 1.509833092140346888e-01 2.739305458801146592e-02 1.722383363567811798e-01 9.411726930890315646e-02 -1.045366977715926349e-01 -1.682450166347510268e-01 1.385972889057907748e-02 1.580820681712118148e-01 1.250736987302720760e-01 -7.011636002116254651e-02 1.759473770433495898e-01 -5.440519700872514797e-02 -1.364790869963477260e-01 1.511254587946013750e-01 -3.063352134903789617e-02 -1.723281117672391394e-01 8.949372333641615607e-02 1.109524356995888195e-01 -1.676103718342828452e-01 3.040204540892712474e-03 -1.650309099913787048e-01 -1.125097523885843775e-01 -9.446724520406059311e-02 1.713182157824779117e-01 -5.221073488059567273e-03 -1.706593539936336335e-01 9.628132303051617491e-02 1.283621840486056931e-01 -1.464463550908060574e-01 -7.863506156270887171e-02 1.662222026487270576e-01 5.653124636035005562e-02 -1.671159404271288229e-01 -6.808154587675453728e-02 1.473565314317035746e-01 1.062675897669999869e-01 -1.060366548781405682e-01 -1.516689367548078593e-01 8.047859611920160638e-02 1.819957640793862796e-01 -2.239600833013709880e-01 1.178671640846480489e-01 -3.236250815862520835e-02 4.206137638774557104e-03 -2.219719241415329719e-04
1.745084650525595138e-01 -1.968082178956843953e-01 3.560618288700170136e-02 -1.233384370615166620e-01 1.064129033499188193e-01 6.821939483916704405e-02 1.725983932283590150e-01 -6.063687707678697830e-02 1.242271442966409595e-01 -1.598572681957651231e-01 3.152965918933525388e-03 -1.583475464272212918e-01 1.197534203872804570e-01 6.819885971605414710e-02 -1.740128293983527197e-01 -6.884655458966540409e-02 -1.200673757331492814e-01 -1.653428721674553015e-01 1.075989531698587701e-02 1.550246210754607779e-01 -1.336343318143578818e-01 5.026461434771035963e-02 1.734001790951634203e-01 8.738760192785069436e-02 -1.043897258249919108e-01 1.716008944267972958e-01 -3.240488777272456516e-02 1.446488337331672813e-01 1.478399455509342431e-01 2.752520650828596885e-02 -1.694159388399143762e-01 1.070369294901294538e-01 8.485394283226040113e-02 1.756458260401463911e-01 5.434644113142778066e-02 1.320718645642136035e-01 -1.587322126742272133e-01 -8.721294576238824980e-03 1.657162352530372473e-01 1.168898778578512238e-01 -7.898242199212000825e-02 1.777560021859567185e-01 -4.662373450938531172e-02 -1.465408192862232006e-01 1.446430519981481422e-01 5.868406257725874292e-02 -1.789753645158498052e-01 2.809405360240925173e-02 1.684004105581722588e-01 -8.856762986746243016e-02 -1.482760753909601881e-01 1.084475886878130679e-01 1.409651783732260300e-01 -8.852854346820243636e-02 -1.529250665215815264e-01 4.306382927912417308e-02 1.785168342777911921e-01 -2.665724593320530772e-02 -2.097289175156900609e-01 2.065449986504957203e-01 -9.729961640014346547e-02 2.463992112356360245e-02 -3.003406404521211364e-03 1.490868493441165109e-04
1.645993448211381660e-01 -2.046643190169316062e-01 7.231142198713538805e-02 -1.004307057894907734e-01 1.297170215961322703e-01 1.446410286994590476e-02 1.607525464297604734e-01 -1.168954915275712825e-01 6.101371589851899840e-02 -1.751740858575979165e-01 -8.824875800523948599e-02 -9.587343061171456349e-02 1.707283479846930518e-01 -5.100508711668101658e-02 -1.270347204014494746e-01 -1.605242416690993157e-01 1.306975401838966419e-02 -1.514298971943168204e-01 1.461118316514842530e-01 2.206897837543596655e-02 -1.658489473427720851e-01 -1.243885117075926722e-01 5.601987830031456700e-02 1.726120327586659342e-01 9.622069614898448586e-02 8.875469295269383663e-02 -1.744464033972006334e-01 -6.549237876353408705e-02 1.170429080974712821e-01 -1.698716124819416029e-01 3.333339981974880323e-02 1.395520811887959456e-01 -1.568995616580798891e-01 1.595305695115383860e-03 1.581385310291194835e-01 -1.366901618721956257e-01 -3.923537799380183433e-02 1.725107442435245275e-01 -1.092795487863587323e-01 7.963272096973007808e-02 1.776957285431309541e-01 -6.764909141485730970e-02 -1.251540090086588342e-01 1.643682810364878732e-01 2.296553321539182655e-03 -1.703313095421236101e-01 1.088961745962860050e-01 1.082141845682973169e-01 -1.696964712815461074e-01 -3.102044834095978032e-02 1.815912571686695010e-01 -1.182215310418450668e-02 -1.738200489032069307e-01 7.428435748974625968e-03 1.693739897003542494e-01 2.729456257807299710e-02 -1.833899487308507104e-01 -2.922357541337458967e-02 2.256648506646425079e-01 -1.854683374837219900e-01 7.890820215473526300e-02 -1.850278220154021047e-02 2.119611672121606612e-03 -9.913749202523551931e-05
1.537857783100204656e-01 -2.082035919515923261e-01 1.059129029895203578e-01 -7.125855939069822287e-02 1.428128635020313175e-01 -4.077684349007258680e-02 1.271588069070448135e-01 -1.533930177490932523e-01 -1.472849078516501840e-02 -1.469149705211368895e-01 -1.534126500825006012e-01 -8.636896205011059316e-05 1.532371043286297474e-01 -1.467205922235479687e-01 -1.350681491110040759e-02 -1.576801928713516543e-01 1.376187431874137390e-01 -2.693249191979784490e-02 1.636461120773452516e-01 -1.303892655812265988e-01 -3.819847847708272848e-02 -1.686773857096452445e-01 -1.248958893006524573e-01 4.707767048679663280e-02 1.707781309742169573e-01 -1.185276924742025978e-01 -5.568302049295864586e-02 -1.716274558316840115e-01 -1.106925296460091468e-01 -6.505747946946842386e-02 1.735719181779120379e-01 -1.030546585748303295e-01 -7.421245614833581195e-02 -1.759418825983921075e-01 -9.580621035215734771e-02 -8.329213521607613246e-02 1.765517874582882007e-01 -8.574382272918362746e-02 -9.580134829903694249e-02 -1.753826531482756135e-01 -6.721640924169282327e-02 -1.163421864109787651e-01 1.721663696838770241e-01 -3.162030936090635264e-02 -1.480153636437192555e-01 1.545511014759702040e-01 3.503989072017198864e-02 -1.808504532485850358e-01 8.149300360316984182e-02 1.377256297824001330e-01 -1.433264578312310467e-01 -9.021915720161062524e-02 1.578660251578314078e-01 7.648144284387449476e-02 -1.534444307661976536e-01 -9.380690442358585734e-02 1.670296037116932308e-01 8.237451842006089653e-02 -2.307427011132268113e-01 1.625932810741205770e-01 -6.292262002215731620e-02 1.370818950195083069e-02 -1.478642385067312085e-03 6.526637678547714879e-05
1.421271842854943124e-01 -2.073513855184663524e-01 1.349683797608134117e-01 -3.764162497762727627e-02 1.446698320693236839e-01 -9.182946948770223661e-02 7.636200495726176707e-02 -1.639595784741585127e-01 -8.744629561410502405e-02 -8.210959960963698512e-02 -1.729643952351009595e-01 9.573070313510098628e-02 7.429409855340891877e-02 -1.748695412227209423e-01 1.070969182042293411e-01 -6.198907380638767062e-02 1.717384007869082463e-01 1.172328545294935992e-01 4.922392251116042283e-02 -1.676210916067502332e-01 1.262722670885464415e-01 -3.618542178921393265e-02 -1.641600250055369192e-01 -1.359385216818857489e-01 2.160890036495211400e-02 -1.596324619527658140e-01 1.463301108418993968e-01 -5.201855041459105267e-03 -1.521786125627336839e-01 1.555035240722488221e-01 -1.174669125133135685e-02 -1.425075287179547734e-01 1.619550496754062208e-01 2.751083652188160769e-02 -1.330681758206492538e-01 1.664965605313123154e-01 -4.061920666380994943e-02 -1.256639891726125391e-01 1.708558424599872783e-01 4.884277171474225160e-02 -1.225941995550223346e-01 1.742095041380475329e-01 -4.714680177921189153e-02 -1.305302658844931796e-01 1.712560227500875276e-01 -2.274516441371636152e-02 -1.564422607957619282e-01 1.462690046464441007e-01 5.040227475306542637e-02 -1.830476589089455319e-01 4.847350705933157339e-02 1.640438796494766149e-01 -9.811358230731533070e-02 -1.440343417733232489e-01 1.091538163447107745e-01 1.468718377829063004e-01 -1.325314152900199938e-01 -1.292130520374795422e-01 2.266867535398305600e-01 -1.395002239133173449e-01 4.938430353972833586e-02 -1.002449697957271887e-02 1.019827362222850082e-03 -4.254209830280124283e-05
1.296876248008053956e-01 -2.021256746570485041e-01 1.582307302166375551e-01 -1.676775521519661581e-03 1.351417903604128501e-01 -1.334499961857293360e-01 1.523433902496158961e-02 -1.468089051646127852e-01 -1.422075601224220553e-01 3.121180651593400204e-03 -1.410909325971062833e-01 1.582844226239489283e-01 -3.444262651170045680e-02 -1.224890124607267150e-01 1.715956897108802115e-01 7.020316685603934792e-02 9.300868601917902656e-02 1.757867818888333988e-01 -1.048901067152964717e-01 -5.672432414272888385e-02 1.690266796550208561e-01 1.342303744589225523e-01 -1.724070968052208649e-02 -1.529742410866869184e-01 -1.558691338758967926e-01 2.307073900900813088e-02 1.295737260875074737e-01 1.694865571641943069e-01 6.239314809828546554e-02 9.941470997110873897e-02 -1.750422912154232513e-01 9.899166727255716280e-02 6.321842985480374821e-02 1.714203201451367231e-01 1.307218294276374371e-01 2.381745066611240871e-02 -1.582488233609638528e-01 1.546658625166475731e-01 -1.376903911223603325e-02 1.397642227005005955e-01 1.683893464332111567e-01 -4.283812249473158140e-02 -1.253331514439330052e-01 1.739199043804391109e-01 -5.236676134003617755e-02 -1.268698366788874043e-01 1.740376906024681258e-01 -2.459531947060069126e-02 -1.576136848457773409e-01 1.464969342419823184e-01 6.638054094326845123e-02 -1.858650274586396700e-01 1.115615138050539933e-02 1.806676851859128075e-01 -4.524810400975055880e-02 -1.798163213857641163e-01 8.450152944153770107e-02 1.675819335196120363e-01 -2.156936011079041426e-01 1.174379351891478435e-01 -3.819745883944115211e-02 7.241117014091050415e-03 -6.957289099667015491e-04 2.746179245183375407e-05
1.165354531857263343e-01 -1.926366812958605623e-01 1.747014854206084544e-01 3.439266364008312926e-02 1.149785619647530066e-01 -1.613634458138633043e-01 -4.795435037599289629e-02 -1.048403052619348574e-01 -1.677674071286822943e-01 8.757554265276239203e-02 -6.726877574194138620e-02 1.658393758892589553e-01 -1.293670304655006043e-01 -1.370085469718658813e-02 1.462004685124198011e-01 1.610575689174756908e-01 -4.683707384975131088e-02 1.059692220019471109e-01 -1.744257255802935391e-01 1.043003525284014049e-01 4.885292692463435310e-02 1.639672340215786728e-01 1.492323661020672210e-01 1.677123542293218125e-02 -1.291520136202578273e-01 1.734288360078696245e-01 -8.090214897193363786e-02 7.501438934274652637e-02 1.719841121809349282e-01 -1.335450461797857702e-01 -1.002088190897325315e-02 1.453434160361986860e-01 -1.662664471137290934e-01 -5.588635112025538976e-02 9.882123319642582837e-02 -1.750640437789517667e-01 1.122670642902911520e-01 4.096926401770457221e-02 -1.621782243746812124e-01 -1.514541563937090440e-01 -1.612209314358742721e-02 -1.353588825642215443e-01 1.731860632707905023e-01 -5.868380175977718632e-02 -1.104760248780249365e-01 1.826987547676985901e-01 -7.577024431520708314e-02 -1.126617174174170677e-01 1.846937141275981353e-01 -4.419617133726599922e-02 -1.575703741978549122e-01 1.488956797950285460e-01 7.996399308967068464e-02 -1.792228868376823936e-01 -2.694935733967840016e-02 1.894859835805502157e-01 -2.816153791085730315e-02 -1.967438219580865399e-01 2.001469192138866093e-01 -9.732053621607955618e-02 2.917697912702247459e-02 -5.174034143220490253e-03 4.699494998947686421e-04 -1.756841634094276523e-05
1.027429384562739689e-01 -1.790845495254830555e-01 1.836736859680357103e-01 6.831684333484180915e-02 8.576692250240693094e-02 -1.727027384449754954e-01 -1.046553909602144922e-01 -4.514853661091128983e-02 -1.588772847058577409e-01 1.502447989389898986e-01 2.655351331179682875e-02 1.157704586941107477e-01 -1.724121456722545742e-01 1.013967075856170158e-01 4.421507262824329876e-02 1.570761951939001200e-01 -1.559061736585482250e-01 -4.123428532338167113e-02 -1.033127051633064702e-01 1.731536687971278465e-01 -1.184111361398414164e-01 2.185968067822737990e-02 1.464523642754217148e-01 1.660391999772245220e-01 6.675995012356970848e-02 8.063636394498202575e-02 -1.704264827461891840e-01 -1.385894758695658258e-01 -7.807743293278605196e-03 -1.289201818601766469e-01 1.738051357099435756e-01 -9.485125045269322819e-02 -5.192246067657692310e-02 -1.621969062847740672e-01 -1.566763964069619874e-01 3.876836468090784360e-02 1.074843192124845803e-01 -1.772323629111382248e-01 1.179548862764118883e-01 -2.873346158481753648e-02 -1.553277706598367447e-01 1.669782021878391809e-01 -4.844625388497392909e-02 -1.104280357633791454e-01 1.826115969270334927e-01 -1.028585835242963042e-01 -7.347066579472526227e-02 1.849381026667392958e-01 -1.173963014728859333e-01 -7.890227539203946427e-02 1.909300502205588113e-01 -6.475493672124656153e-02 -1.521156353425917040e-01 1.408026976936485597e-01 9.582717589183628593e-02 -1.761540329570280006e-01 -3.144749443990079579e-02 2.172030599081688773e-01 -1.823867636083275900e-01 7.975853784812451941e-02 -2.209016797151608369e-02 3.668028637229452191e-03 -3.150921452474870501e-04 1.116120794555272657e-05
8.838586820837200653e-02 -1.617551241120952499e-01 1.847622261683042610e-01 9.797972601455455510e-02 4.980572592728030323e-02 -1.663031789688738660e-01 -1.471978115651386698e-01 2.217555561163236585e-02 -1.173627229192262256e-01 1.755394786155821396e-01 1.124809987108672665e-01 2.547501580706450566e-02 -1.463158462802163218e-01 1.697998950135570229e-01 -8.093331425792894829e-02 6.060340408063302070e-02 -1.625292639420836405e-01 -1.583257077753771336e-01 5.110678583779942191e-02 8.898919239228955669e-02 -1.715363640853015126e-01 -1.431577382987413993e-01 -2.242782842208675478e-02 1.125737557308341963e-01 1.752136751475948384e-01 -1.252103463356329105e-01 -5.154815346921325959e-03 -1.321004277767389434e-01 -1.744645690054479059e-01 1.050684355312398038e-01 3.163267811994537049e-02 -1.480578390464673266e-01 1.698117388036176900e-01 8.275047614878219826e-02 -5.774020734384375381e-02 1.612518711928863369e-01 -1.609879564746288794e-01 5.621198227284860544e-02 8.653008937383226129e-02 1.727159471586058870e-01 1.444040535180315110e-01 -1.748115385656699716e-02 -1.248983556364187397e-01 1.795091838427433917e-01 -1.041931087960333291e-01 -5.382406938562824678e-02 1.750903151423163495e-01 -1.497587069860751297e-01 -1.047421643902782078e-02 1.691487617071505967e-01 -1.541523041057566712e-01 -4.085278580733456288e-02 1.878573444008845295e-01 -7.377190477266626356e-02 -1.514371864286093716e-01 1.428935609328952638e-01 9.006364170456032658e-02 -2.304182306358943388e-01 1.645459205869942709e-01 -6.511170284763517779e-02 1.669080650107085395e-02 -2.596585186182088188e-03 2.109593319055610972e-04 -7.080394233302360849e-06
7.354313217750152454e-02 -1.410139213921120238e-01 1.779203835899022812e-01 1.215310746476130493e-01 9.924992753644425181e-03 -1.428220866621376373e-01 -1.698261326037320551e-01 8.575088810659453609e-02 -5.174847284462897462e-02 1.571673309686035525e-01 1.649660017809145562e-01 -7.367217898132148723e-02 -6.154337560923790057e-02 1.600082363080383985e-01 -1.636830909374072940e-01 -7.155458259570687818e-02 -6.235430936948298253e-02 -1.597969092518427003e-01 1.643161876753745643e-01 -7.381601020556879944e-02 -5.931429052683969555e-02 -1.581399680910069439e-01 -1.658713752736047375e-01 -7.834405646447381577e-02 5.412986783484053516e-02 -1.555099138814264592e-01 1.678245794341090558e-01 8.417844361495335770e-02 -4.756478345226470422e-02 1.521341995445822937e-01 -1.698803493105992546e-01 9.063670407444802957e-02 4.037690256467407757e-02 1.485175162825534689e-01 1.718648335228550039e-01 -9.645891073316636977e-02 -3.460159841573061390e-02 1.465018785623966591e-01 -1.736768771944060263e-01 -9.813619908135760850e-02 3.623811246299093319e-02 -1.512736685196267583e-01 1.743326692569082681e-01 -8.552998103142857300e-02 -6.048721577619933787e-02 1.715332231333329127e-01 -1.619328411675253765e-01 2.720494184420183328e-02 1.345873911277431778e-01 -1.875015009914284270e-01 6.063781465728949882e-02 1.364112985983161608e-01 -1.792316122760214125e-01 -8.606697640090366086e-03 1.867972321370806599e-01 -9.462289201357765300e-02 -1.445640323392991533e-01 2.384688033097704107e-01 -1.484536304672270379e-01 5.355260826212776548e-02 -1.274535992919930728e-02 1.860360515120943435e-03 -1.430328943736259087e-04 4.550150492355921182e-06
6.116906735328188349e-02 -1.228067760196090707e-01 1.703918394692874594e-01 1.422491697757165829e-01 -3.034910764019516094e-02 -1.102502675774981872e-01 -1.761128467712758106e-01 1.381797464392946484e-01 2.247057209533212183e-02 1.058379212346616388e-01 1.748478376639107379e-01 -1.500984711519240122e-01 4.550542985855211831e-02 8.278122704704822532e-02 -1.670779260904600438e-01 -1.643740753434677904e-01 7.635797184781015212e-02 -5.081558475585904594e-02 1.514474037428186204e-01 -1.742726368819736416e-01 1.077650442928944075e-01 -1.356233582220729011e-02 -1.276698929204181931e-01 -1.766643720987745581e-01 -1.357521508812840061e-01 2.614425850867861667e-02 9.645385229279472561e-02 1.700628188364055049e-01 1.575124715760492788e-01 -6.552112492805320376e-02 -5.939059907686870116e-02 1.541894937431345924e-01 -1.709953108787498899e-01 -1.015605785784381154e-01 1.935973918793562620e-02 -1.305536472520020808e-01 1.753714746353527976e-01 -1.309178429102120789e-01 1.828652700084877972e-02 -1.045838445625473789e-01 -1.731241608738962046e-01 1.504875345138095843e-01 -4.364691627985453626e-02 -8.975969057610592994e-02 1.736635387876955539e-01 -1.564374838883445806e-01 3.597171079368181174e-02 1.131550202661741472e-01 -1.873746024778315811e-01 1.186014905506661832e-01 5.843810659988826761e-02 -1.887135516232262555e-01 1.218846919196251710e-01 9.085628442775613156e-02 -1.911354892890116119e-01 3.334868690224189469e-02 1.874476200944137083e-01 -2.344144275158634438e-01 1.297992147437416754e-01 -4.303994521142476271e-02 9.554128670552075944e-03 -1.312270724891140316e-03 9.566031899034004482e-05 -2.889008288059247616e-06
5.084830527592303778e-02 -1.068065007917034792e-01 1.622056509766046095e-01 1.596510105218640063e-01 -6.942035132628666949e-02 -7.066094102492194440e-02 -1.654530117667149802e-01 1.726470768223500873e-01 9.295318477441812111e-02 3.231478913250766111e-02 1.395744804775916892e-01 -1.802335745280995161e-01 1.360830200157397141e-01 -2.933386794096265113e-02 -8.947197503144350972e-02 -1.668257910453932180e-01 1.678781322945770149e-01 9.328975902003051879e-02 2.237452371858685007e-02 -1.275301512908407764e-01 1.751770933389256157e-01 1.446994226481083390e-01 5.034239767491932582e-02 -6.617884153962838578e-02 -1.530958433936030483e-01 1.721653093801824574e-01 -1.153532806956480278e-01 -7.487490517241754927e-03 1.037097409501663153e-01 -1.691710085666397190e-01 1.601842791424307744e-01 -8.022707917505089714e-02 -3.542295588461463751e-02 -1.356804612033718216e-01 -1.762267171763875206e-01 1.380990604673930922e-01 -3.800716266954256434e-02 -7.983709477691366962e-02 1.627628815034250220e-01 1.710314175445629137e-01 1.001019205921831468e-01 1.919680534902215227e-02 -1.324238287943020898e-01 1.805457123697087607e-01 -1.377131730189800618e-01 1.982829608606234348e-02 1.156690248342848587e-01 -1.850007645601350892e-01 1.400882411590625709e-01 5.930327009139154705e-03 -1.562878330181175779e-01 1.807517954388576376e-01 -3.147467786981853616e-02 -1.556906424549269752e-01 1.650848784867688657e-01 3.266150377584184361e-02 -2.166311259894980745e-01 2.209140800829256512e-01 -1.103401502374226212e-01 3.385059011349081382e-02 -7.035733702148870908e-03 9.116775432345862809e-04 -6.312000580084921352e-05 1.812394832583113254e-06
4.223440206389965368e-02 -9.272556654388011688e-02 1.533934135263270715e-01 1.733309078355010358e-01 -1.057401884063911973e-01 -2.657399562543318397e-02 -1.388723756906749818e-01 1.846725850449371098e-01 1.479794362683609643e-01 -4.798460472939940213e-02 6.825542379781107671e-02 -1.547836585396850928e-01 1.774037911567273307e-01 -1.290862264013489247e-01 3.151074333207769251e-02 -7.756185231207715636e-02 1.556432438946090402e-01 1.729126947876957476e-01 -1.238661081277859788e-01 2.693048102259593818e-02 8.057532385104959616e-02 1.569625577940660932e-01 1.732249868801954418e-01 1.225258865499235933e-01 2.414251080055823326e-02 8.353217475041932460e-02 -1.592080341247356645e-01 -1.734406541862008044e-01 -1.205477804885043275e-01 2.154503556156267888e-02 8.556290317958423208e-02 -1.596154373674362192e-01 1.720353540723173758e-01 1.187548718793020874e-01 2.001955900911461805e-02 8.655517723265343522e-02 -1.596867146925336767e-01 1.717021469582119819e-01 -1.166557973845446794e-01 -1.443828583841628120e-02 9.443236466143012375e-02 -1.676434418075684885e-01 1.721572374079476664e-01 -1.008219665760256289e-01 -1.680570994665167919e-02 1.328209711208150345e-01 -1.880936529498385967e-01 1.440543788793834934e-01 -1.747333737249840216e-02 -1.291754608878302180e-01 1.948953077814224999e-01 -1.150074768788179463e-01 -6.850296861316110264e-02 1.903902917812509699e-01 -1.139137290936468039e-01 -9.576607448281550250e-02 2.318012687911929492e-01 -2.008147035381152024e-01 9.141659559907050481e-02 -2.608400051292499022e-02 5.092983733975228397e-03 -6.240062334092358158e-04 4.109721161139624204e-05 -1.123467899312339207e-06
3.503820910187922105e-02 -8.031093517509210744e-02 1.439891388315895637e-01 1.829699423198907771e-01 -1.378691182476043109e-01 1.920440338094452429e-02 -9.892867390742117462e-02 1.726931150902409895e-01 1.783994989535152287e-01 -1.182218490055119697e-01 -2.069088455860950207e-02 -8.159761636181277200e-02 1.545112134700279416e-01 -1.744352920682144259e-01 1.372167878500140659e-01 5.434319125784325272e-02 4.721493139049320192e-02 1.330173996360144162e-01 -1.750655004086270061e-01 1.586443266006961894e-01 -8.854712891128035945e-02 1.085380894011151939e-02 1.064096110327067413e-01 1.664130030909619917e-01 1.706963323812634159e-01 -1.189522452555101112e-01 2.874271808770616568e-02 -7.072688862893748707e-02 -1.466788361780948236e-01 1.747754113601990844e-01 -1.462121516187096515e-01 6.945348474536275352e-02 3.043216454752511665e-02 1.206562721677378880e-01 1.717848238709733522e-01 -1.657313124506529511e-01 1.041728251350198392e-01 -7.706862340463073620e-03 -9.235984387533639761e-02 -1.611083139915964468e-01 -1.746682042275511659e-01 1.283668381052519847e-01 -3.435759646948090273e-02 -7.434918690512860862e-02 1.574453966653965864e-01 -1.835136744400050202e-01 1.310972239662825112e-01 -1.490469666668498873e-02 -1.157453633744257165e-01 1.951260403729008497e-01 -1.593424132545330496e-01 1.195159325956754448e-02 1.530983790968447888e-01 -1.888865419040708926e-01 4.600739856714166492e-02 1.498851202249390224e-01 -2.340756017439796222e-01 1.768240398668014246e-01 -7.395302018548464973e-02 1.971118153193748140e-02 -3.625810809564586953e-03 4.209077225354950175e-04 -2.640767082215628674e-05 6.881641091346312999e-07
2.901816699693341925e-02 -6.933951248637201803e-02 1.340291236325741597e-01 1.883433991988629763e-01 -1.645337426587682172e-01 6.376042853640798147e-02 -4.946550964520027988e-02 1.382658386129918260e-01 1.791550902408816370e-01 -1.636685185606072679e-01 -1.042936845279558017e-01 1.675357663466547561e-02 7.569151954951808259e-02 -1.462687354066521672e-01 1.763989775585690367e-01 1.563720309310127066e-01 -9.039399833521619132e-02 1.179726691711298781e-03 -9.193886476576590416e-02 1.563594878573056624e-01 -1.757761242933597035e-01 -1.462062173721392078e-01 -7.693453394261248746e-02 1.361066908532858159e-02 1.002982809844275291e-01 -1.593098247149491720e-01 1.748451273162201502e-01 1.415470373456879094e-01 6.826715617441563022e-02 2.388771973553368774e-02 -1.094512295380875855e-01 1.643115949873991954e-01 -1.729301481404667828e-01 -1.340531020620878144e-01 -5.842678902110249456e-02 -3.371476083119535894e-02 1.165682358694420107e-01 -1.678502675240213515e-01 1.725721788400282619e-01 1.267220205990885196e-01 4.324217717460119431e-02 5.483464620630603553e-02 -1.391248537047021505e-01 1.797384009235051261e-01 -1.635324442191729288e-01 9.283755704641065420e-02 1.641184343030236900e-02 -1.242436624476852963e-01 1.893014993623623743e-01 -1.738931843542951827e-01 6.289744072628439264e-02 9.689803619011028157e-02 -2.020562925138955912e-01 1.522264867874918992e-01 2.889949602946369558e-02 -1.909966521850610388e-01 2.255553285173577116e-01 -1.512856320140021360e-01 5.850107261977350454e-02 -1.461930144090893210e-02 2.539805766954580154e-03 -2.798595876037518210e-04 1.674846350580602882e-05 -4.165466166422561290e-07
2.397219699381627003e-02 -5.961413911925197290e-02 1.235518096056059945e-01 1.893260070915775140e-01 -1.846772357617447458e-01 1.042580573428686513e-01 4.757498699345563860e-03 8.586584334935132290e-02 1.501205695526330042e-01 -1.747946570718534320e-01 -1.609621996717592041e-01 1.099378750383800812e-01 -3.052559308702212579e-02 -5.645733048571956181e-02 1.300614567730714877e-01 1.724323698033046470e-01 -1.721360108979066716e-01 -1.314733801529925639e-01 6.173155364561843522e-02 2.200584811238634475e-02 -1.004372819064370814e-01 -1.557472905184856260e-01 -1.760280204016699268e-01 -1.552786755374387095e-01 -9.757716646386860315e-02 1.746561889323730576e-02 6.637482556133553202e-02 1.345587375616173753e-01 1.710130199153254427e-01 -1.685690910658170782e-01 1.283375135366706110e-01 -5.836505188805361788e-02 -2.540949434004051433e-02 -1.036842929468279884e-01 -1.587487048053878302e-01 1.765182149086397534e-01 -1.525095761323624621e-01 9.336568732711063301e-02 -1.195102750028514613e-02 7.288333743765425254e-02 1.407155906493477715e-01 -1.768700712713037471e-01 1.695546505507314061e-01 -1.158382480639377349e-01 2.957031353676246865e-02 6.971831284509245885e-02 -1.533559105964982239e-01 1.891545382506051587e-01 -1.643111178872204980e-01 7.470971505421562797e-02 5.857493949292600505e-02 -1.788537212370183427e-01 2.042649630510896264e-01 -8.760294844889160437e-02 -1.013677715300589505e-01 2.172166924347013472e-01 -2.088612747112885970e-01 1.260551212285038747e-01 -4.530600199342916384e-02 1.064883206146524826e-02 -1.751146573759758754e-03 1.834593610108695204e-04 -1.048563106839362433e-05 2.491662813502759793e-07
1.973091766305322056e-02 -5.096004755010997977e-02 1.125976349936531756e-01 1.858948584637751533e-01 -1.975012302343828741e-01 1.381195870987599883e-01 5.852271428701568551e-02 2.230443127187400204e-02 9.612382998015968349e-02 -1.492671647743615826e-01 -1.760615464452295609e-01 1.692167319675518811e-01 -1.256936151472725915e-01 5.714797380308066915e-02 2.066904596607330516e-02 9.369473083700391447e-02 -1.474914442347423915e-01 -1.732513443685716747e-01 1.680359618464514204e-01 -1.309349992060253320e-01 6.779172095172328327e-02 -8.142655814371369330e-03 -8.235393010140980297e-02 -1.406386710053029454e-01 -1.714339043319350608e-01 1.704364197166610140e-01 -1.387372064200992350e-01 -8.086796969143515701e-02 -7.312942535800580346e-03 -6.770685707218120075e-02 1.304183326074114524e-01 -1.682571709021651596e-01 1.736781856412349390e-01 1.472052710032101253e-01 9.393532879599963969e-02 -2.259545242612849558e-02 -5.338235851072590382e-02 1.202626738311282639e-01 -1.654360627834805808e-01 -1.776211496274290313e-01 -1.543466742260535263e-01 1.010076455292436559e-01 -2.542128964645315112e-02 -5.734707861868666712e-02 1.300812161761122077e-01 -1.793009215389335942e-01 1.858904405007003602e-01 -1.404188681059934385e-01 5.338676167498476038e-02 5.865947891489021321e-02 -1.603186512824638921e-01 2.097280281356377341e-01 -1.596682375672523746e-01 6.399788737282081745e-03 1.635117047695975601e-01 -2.285515647241087855e-01 1.867215874383464369e-01 -1.024633849793556151e-01 3.438172905173394328e-02 -7.622020622082402268e-03 1.188795648507981126e-03 -1.185939149343111828e-04 6.480800572626906681e-06 -1.472920290145608328e-07
1.615195916189692341e-02 -4.322172147169011519e-02 1.012088785308772471e-01 1.781299436710413464e-01 -2.024974598055801767e-01 1.631897074981845108e-01 1.066565516218656723e-01 -4.415626001268099787e-02 2.614351073499133343e-02 -9.243903868657428469e-02 -1.456922547268812984e-01 1.763082239850734534e-01 -1.753653831408111541e-01 1.466683076187782486e-01 -9.874389246486352245e-02 -3.655337004908257997e-02 -3.169157462986268992e-02 -9.527700107446364364e-02 1.454080377137981772e-01 -1.732818025195845824e-01 1.733230563752038433e-01 1.476777572348661194e-01 1.015056511350911073e-01 4.022722180421467453e-02 -2.740121421074779434e-02 9.110921361375648453e-02 -1.418494563935885910e-01 -1.710271106673923180e-01 -1.736208957198372427e-01 1.509718242980188641e-01 -1.070378809892437166e-01 4.701222963788052878e-02 2.036004466541406835e-02 8.503640518025158690e-02 1.377610902082452016e-01 -1.693369276203395557e-01 1.746733669495584562e-01 -1.547921338538512936e-01 1.120478667654800087e-01 5.095377773385095788e-02 -1.896788227171249813e-02 8.801126972493027167e-02 -1.450887513255923189e-01 1.768431738197427661e-01 -1.790037433541165901e-01 1.516383710434661136e-01 -9.154988527912702456e-02 6.999304268972657977e-03 8.621034622464926467e-02 -1.675878645496805819e-01 2.051634466924266431e-01 -1.805173100696385868e-01 7.852592505418141966e-02 7.819030389311164286e-02 -2.097422528249383300e-01 2.264423399850680751e-01 -1.616524270488709503e-01 8.134474486756261558e-02 -2.558350156940977088e-02 5.362889159799113202e-03 -7.947941614366708148e-04 7.560727531394855578e-05 -3.954621073825393696e-06 8.604730284475645339e-08
1.311518421117580969e-02 -3.626010112405805147e-02 8.942949626362343973e-02 1.662122861439346011e-01 -1.994679038836142670e-01 1.778726876554879988e-01 1.445273074738839536e-01 -1.048772251882579415e-01 -4.818398118154153253e-02 -1.622687390394550455e-02 -7.769732245848212648e-02 1.290252961975941748e-01 -1.615616276041119959e-01 1.743753937676412735e-01 -1.702849599056259211e-01 -1.467055599032659474e-01 1.036948893279351774e-01 4.855334344308877281e-02 1.120996319223217970e-02 -6.926639803764329806e-02 1.185552909331578364e-01 1.544944594116092196e-01 1.742068239580216171e-01 1.735471848475045598e-01 1.514580258721746897e-01 -1.123964552060262301e-01 6.157021698992126008e-02 3.743227005429593419e-03 -5.457077591059224936e-02 1.069513555037502200e-01 -1.479050216471631818e-01 1.714347230293643831e-01 -1.742781866206063457e-01 -1.579959713379649744e-01 -1.247606525215482209e-01 7.663740926232266715e-02 -1.902832126587238049e-02 -4.126995402754863457e-02 9.770624251554925477e-02 1.421681233928832333e-01 1.694373426707692643e-01 -1.787496873658340202e-01 1.665575040512462524e-01 -1.301265351625489619e-01 7.524111164787020134e-02 -7.660234171220870088e-03 -6.556315853173114161e-02 1.313595103425545252e-01 -1.824216793935485303e-01 2.043713740388262978e-01 -1.767556373039508022e-01 9.943005379295770385e-02 2.147638711117671670e-02 -1.534578044417685139e-01 2.369944396669461106e-01 -2.132233014346831268e-01 1.357470663047360970e-01 -6.310657630484696468e-02 1.867104937030078168e-02 -3.709817689222528678e-03 5.233579445579598531e-04 -4.753972549661949283e-05 2.382445962280150554e-06 -4.967632616871375517e-08
1.051865536737862927e-02 -2.995008435404929517e-02 7.730495189765736186e-02 1.504197221894033876e-01 -1.885326359054190215e-01 1.812339455041652170e-01 1.684908489021925415e-01 -1.519655469407432402e-01 -1.144993859567095540e-01 6.338799125419077030e-02 1.036327172176458242e-02 4.195026193692767691e-02 -8.927877710068078676e-02 1.285921016816524154e-01 -1.592704441215536948e-01 -1.762035754186060954e-01 1.749939813296957081e-01 1.588233429056494228e-01 -1.315894058049108528e-01 9.325476412809233229e-02 -4.585920823964466375e-02 5.429532242627621054e-03 5.613479047779176140e-02 1.017455509115971213e-01 1.378168611862704840e-01 -1.627103446862697700e-01 1.753445861889549318e-01 1.727158094041396086e-01 1.541713341193002573e-01 -1.231730244130137264e-01 8.288198308047127483e-02 -3.544656885066349572e-02 -1.528902940709112902e-02 -6.501259455486274597e-02 -1.098665900007488455e-01 1.448994568277907624e-01 -1.668137343926729133e-01 1.759098507137352996e-01 -1.712238657008524068e-01 -1.501689452161779903e-01 -1.148591260354846072e-01 6.961862513646395467e-02 -1.677494926516006832e-02 -3.902608287467568271e-02 9.291177494912865320e-02 -1.425905712865182529e-01 1.785875866803656453e-01 -1.919639739624469932e-01 1.855716515891507323e-01 -1.528285967118068744e-01 8.500339521674117604e-02 1.096560549049191945e-02 -1.193824850987476177e-01 2.090003773436969192e-01 -2.445329837821642316e-01 1.915968728368000473e-01 -1.105684219465546542e-01 4.781870534670017159e-02 -1.335866529932556827e-02 2.522179936564740519e-03 -3.393250867579460637e-04 2.947419528413607674e-05 -1.416777417038768551e-06 2.833638040848431073e-08
8.275213220726546429e-03 -2.417827849659306624e-02 6.488204132643868305e-02 1.311204237939636308e-01 -1.701250643452912326e-01 1.730595346060519180e-01 1.762412718197372830e-01 -1.793003701589238330e-01 -1.617757027316242269e-01 1.297106879441375094e-01 9.574750717960280044e-02 -5.806246236411624628e-02 1.531955673879443341e-02 2.861376529257734017e-02 -7.104027516207600534e-02 -1.088303210167033547e-01 1.381401600416860553e-01 1.593137509684508235e-01 -1.734215246648101727e-01 1.770084343603006427e-01 -1.678604841148054194e-01 -1.491136855965726760e-01 -1.234102532044295403e-01 -9.031281764165667580e-02 -5.098713167569726701e-02 8.743651174971375784e-03 3.381856470300172862e-02 7.414312446528734113e-02 1.095220129712416585e-01 -1.389694744038874052e-01 1.614450162596101634e-01 -1.738302244749455328e-01 1.747291112791336809e-01 1.662481458574418536e-01 1.493512924119440866e-01 -1.228950044948393522e-01 8.820858131580637529e-02 -4.855498414892336217e-02 5.900984353328671619e-03 -3.743310899971890454e-02 -7.878586552306704460e-02 1.174572447842769235e-01 -1.504010196663824461e-01 1.717101920773967949e-01 -1.822082428860987979e-01 1.842010568330380016e-01 -1.706275666504535327e-01 1.385009710860102272e-01 -9.375275950971512229e-02 3.499282888533923608e-02 3.785688640306929947e-02 -1.203657634417629185e-01 1.953847740228464303e-01 -2.378841271928993084e-01 2.334829509266692915e-01 -1.641967543034454913e-01 8.712688066431055478e-02 -3.530536672260694425e-02 9.351352876025531904e-03 -1.682578701296347495e-03 2.163502247017784247e-04 -1.800058133602911012e-05 8.309940768483269695e-07 -1.596058349484424051e-08
6.309550657322093165e-03 -1.884096267862233123e-02 5.220871201768229747e-02 1.087643154315037775e-01 -1.449747550009123642e-01 1.538697619933576677e-01 1.670327877989008225e-01 -1.833285316341247417e-01 -1.821517718338157565e-01 1.688336535467808430e-01 1.564045442324419333e-01 -1.401684059595381671e-01 1.143728002826276402e-01 -8.342382090604932854e-02 5.163081771612677839e-02 1.837447413527511231e-02 1.591048388590493232e-02 4.968559473928338410e-02 -8.218902166293241829e-02 1.112522029935187201e-01 -1.346147583515867052e-01 -1.532043669855623624e-01 -1.678092290071494241e-01 -1.756272723322722384e-01 -1.749874432692901660e-01 1.682805463626465825e-01 -1.569473621965256360e-01 -1.392814403560354575e-01 -1.151354288425658623e-01 8.705131426184824217e-02 -5.651459215301985611e-02 2.372050406638912673e-02 1.020175612590077871e-02 4.393599370053998671e-02 7.645965848726866965e-02 -1.056840601277402730e-01 1.302518983961613863e-01 -1.511472284505396557e-01 1.676993291907474815e-01 1.763430402139561093e-01 1.771663582736968390e-01 -1.733409292836636251e-01 1.631718058154024154e-01 -1.432324681426218882e-01 1.165032666813359263e-01 -8.522739744363894143e-02 4.691788598683378775e-02 -2.542064994949407714e-03 -4.638353596418609559e-02 9.866478234519998614e-02 -1.488690190454214635e-01 1.991245042737721516e-01 -2.346226841143901343e-01 2.371203197234365845e-01 -2.062437470381949522e-01 1.332781297669008436e-01 -6.591928417844135357e-02 2.522778909594930452e-02 -6.368010598213571030e-03 1.096087877627754687e-03 -1.351033448591647951e-04 1.079276812471969956e-05 -4.794067938746541519e-07 8.856617948886903721e-09
4.555684975197182504e-03 -1.384222392763934453e-02 3.933387795530465803e-02 8.387258497565076854e-02 -1.140785153783049899e-01 1.248860702582548776e-01 1.417514879461557187e-01 -1.635264239869233527e-01 -1.722394373400497891e-01 1.725529831981823248e-01 1.766694466950358700e-01 -1.790456471338697231e-01 1.720274893025643126e-01 -1.603025006803782126e-01 1.492708551728265665e-01 1.354775523460725051e-01 -1.161524743802494347e-01 -9.428552518812009786e-02 7.210630559133178463e-02 -4.847303108592479481e-02 2.313041711679941770e-02 -2.715094675162385562e-03 -2.844097235986349156e-02 -5.336157192721545373e-02 -7.658180856813724680e-02 9.845765159135040634e-02 -1.191991904145556086e-01 -1.369522319521982445e-01 -1.505596404124730781e-01 1.615978547946348154e-01 -1.706773274648729632e-01 1.754331124964945143e-01 -1.750301703923655416e-01 -1.718261941439693241e-01 -1.664681680038158362e-01 1.566409729187924205e-01 -1.422407188982916515e-01 1.257644897629531522e-01 -1.074274454239790150e-01 -8.564027450630709581e-02 -6.119293043571599061e-02 3.549843167052817855e-02 -8.334204006209756238e-03 -1.975991689503233187e-02 4.841689849791004641e-02 -7.893810905904465047e-02 1.088210088056783820e-01 -1.353404552242772341e-01 1.635675116991680833e-01 -1.910156676438877765e-01 2.094086319134067509e-01 -2.261298537500183725e-01 2.297394259647154990e-01 -2.075624813018188131e-01 1.659241027573283012e-01 -1.005453144260464032e-01 4.700483416122626379e-02 -1.715060607327456924e-02 4.153643627461544793e-03 -6.876506617319220159e-04 8.162009868728879053e-05 -6.284387321681477377e-06 2.694435025268442831e-07 -4.801471622146866779e-09
2.954742999092273108e-03 -9.092233590309512989e-03 2.630723085100272057e-02 5.702553324874923280e-02 -7.866088721737297951e-02 8.795329186844219604e-02 1.028300783300479387e-01 -1.224680576575781360e-01 -1.336869334931382047e-01 1.400887506798742244e-01 1.513087178570148295e-01 -1.627042322440391542e-01 1.674148439746213357e-01 -1.696218124013775530e-01 1.745431244242937607e-01 1.780992671137761607e-01 -1.764288009339935182e-01 -1.730859577369735502e-01 1.710751774461121422e-01 -1.672555945976455238e-01 1.594832575194071456e-01 1.505136545475491971e-01 1.420728936700102196e-01 1.319741002288492837e-01 1.191579895817632961e-01 -1.055592684639033024e-01 9.210230653244771970e-02 7.752316633784572808e-02 6.147249306914350647e-02 -4.504756818473568125e-02 2.863934353420343956e-02 -1.188713384327418944e-02 -5.103603881963603671e-03 -2.214749038096739536e-02 -3.921442812548497914e-02 5.568412391842395698e-02 -7.126340471174907876e-02 8.692595168764857827e-02 -1.026872645336638773e-01 -1.165989937635661666e-01 -1.288534224750761126e-01 1.420732485344724794e-01 -1.551412785658407567e-01 1.643086761028190457e-01 -1.723193577788461606e-01 1.831308420666737657e-01 -1.911667992322639287e-01 1.934314324614477831e-01 -1.982184191828161579e-01 2.026479734576706049e-01 -1.984610658184938758e-01 1.941796782823586032e-01 -1.818949007969030696e-01 1.533931375069741976e-01 -1.158952388423434288e-01 6.710658625793139431e-02 -3.009761934245282558e-02 1.058962264751120777e-02 -2.482976153904676783e-03 3.984856650581305461e-04 -4.586771891146234969e-05 3.425562073820681996e-06 -1.425654601997002803e-07 2.463613302225163982e-09
1.452984845446236069e-03 -4.505633087877157147e-03 1.317904835411546315e-02 2.884904547088359972e-02 -4.012561299749980298e-02 4.542222427645146998e-02 5.401379158975901096e-02 -6.549047380729391965e-02 -7.290481443918733762e-02 7.824855533813375452e-02 8.687187312766120328e-02 -9.618394294823236212e-02 1.022044644890201526e-01 -1.074541391704130350e-01 1.151954164163959266e-01 1.228075193669262849e-01 -1.276654412925796733e-01 -1.322483989304172325e-01 1.387797565174083148e-01 -1.447659774932478771e-01 1.483368351288995579e-01 1.518773250355129334e-01 1.570032947958640568e-01 1.613248710312946421e-01 1.634500979252256070e-01 -1.657030561069585128e-01 1.693036011902407934e-01 1.719113822783169543e-01 1.724702106689554593e-01 -1.733076200568959835e-01 1.753558392449041103e-01 -1.762363250465757425e-01 1.751808332968967097e-01 1.746383617625860418e-01 1.752480934989215644e-01 -1.744238057847740386e-01 1.718074518522721139e-01 -1.701776694605340312e-01 1.696119063652822279e-01 1.670438927334189638e-01 1.630450743322718332e-01 -1.609424415167641509e-01 1.593794189731675415e-01 -1.547395630469260153e-01 1.498199960260008512e-01 -1.478837052992071077e-01 1.443615770072944060e-01 -1.372703847034426883e-01 1.326569314330094118e-01 -1.285239784498224402e-01 1.196837389040388139e-01 -1.116228666561079746e-01 1.002290972113724921e-01 -8.137453040650670377e-02 5.951129630123370290e-02 -3.353386671979745326e-02 1.466154362668038377e-02 -5.041732639606044501e-03 1.157786591221654591e-03 -1.820668368215096710e-04 2.053283739467694202e-05 -1.502162973835434774e-06 6.125188469973270102e-08 -1.036024069697426059e-09
