2.667744542513528910e-02 2.810255421545217527e-02 2.071703636601830364e-02 3.548200703993777128e-02 4.743050386928295697e-02 5.359166796094966961e-02 5.807696571718171802e-02 6.645575267052121482e-02 7.661141362051074322e-02 8.386908840359753869e-02 8.904514259241688712e-02 9.619998475856919584e-02 1.048639608243370075e-01 1.115081336832648012e-01 1.163445658361880741e-01 1.224849065645443880e-01 1.297485803462765375e-01 1.353005225740798179e-01 1.392674923014096400e-01 1.442346685031270226e-01 1.500296628843648394e-01 1.542224689914410418e-01 1.569912937541123599e-01 1.606131779152092653e-01 1.648418505906136811e-01 1.674925246192165984e-01 1.688407323875203980e-01 1.709761592179746825e-01 1.735495596648444772e-01 1.745304539505933283e-01 1.742949284075917815e-01 1.748108440683307230e-01 1.756469498475206337e-01 1.748790395437415934e-01 1.729050332010505231e-01 1.716156675113617580e-01 1.706504838408953173e-01 1.681418240516007190e-01 1.642476138787178075e-01 1.608937174193085518e-01 1.581974597007212158e-01 1.541866038520409155e-01 1.482703833664514304e-01 1.427049572648755593e-01 1.386925575700642399e-01 1.338286938458807529e-01 1.263609057581536466e-01 1.191732702477747985e-01 1.142988873769522767e-01 1.090186100012341397e-01 1.023980144889223426e-01 9.594842957384010218e-02 8.893888522500370541e-02 8.460643964268044215e-02 8.195310686193194027e-02 7.971407509898870147e-02 7.841850803397322489e-02 7.414853740051767506e-02 7.021383863534612357e-02 6.856141406016162676e-02 6.519106638229586748e-02 5.662938239600273649e-02 5.093706163636901874e-02 4.086051364193238333e-02
5.285827950614861714e-02 5.566697709680392542e-02 4.058880134623332053e-02 6.893316699844520556e-02 9.126526550109911873e-02 1.018984151410624872e-01 1.086647144010717408e-01 1.219485998854522163e-01 1.376519614435625927e-01 1.472355892014655943e-01 1.521371132834724860e-01 1.593316048985305156e-01 1.679284627396017138e-01 1.721559666932578614e-01 1.723735438345913584e-01 1.732837540223577666e-01 1.745877894963195898e-01 1.723987756714512320e-01 1.669574689657661037e-01 1.615089355355682210e-01 1.558742459702755767e-01 1.475089747240625471e-01 1.367139737202853755e-01 1.256657630260385461e-01 1.142317352925961427e-01 1.009242007558077137e-01 8.608451485097008693e-02 7.100919301548033746e-02 5.564615383134339371e-02 3.940317696975829259e-02 2.257320980955606488e-02 5.672980517257459297e-03 -1.119745281627535470e-02 -2.784936194600209566e-02 -4.412009932973096765e-02 -6.018975083782743957e-02 -7.581211208274515889e-02 -9.013838771605496569e-02 -1.030253024447262133e-01 -1.153114477066407156e-01 -1.269998063095550966e-01 -1.366304949419875625e-01 -1.434680896712827725e-01 -1.492602473927141793e-01 -1.553145156249521874e-01 -1.592674526291868176e-01 -1.588507149163438381e-01 -1.573294704603812044e-01 -1.576260913824437948e-01 -1.562919856962556864e-01 -1.519090160314691962e-01 -1.468330574786616549e-01 -1.400087106475535470e-01 -1.365707200829683332e-01 -1.353832278934905542e-01 -1.345132119148648442e-01 -1.351836595115832040e-01 -1.306610997269726515e-01 -1.263966643727963690e-01 -1.259092546822765668e-01 -1.219838992409907341e-01 -1.080132357650209762e-01 -9.907293050691370895e-02 -8.055669567688152066e-02
7.805513548876551189e-02 8.216544192911884315e-02 5.880451129251990788e-02 9.843887029620145002e-02 1.281811385864154440e-01 1.401564910966529853e-01 1.452397883530666955e-01 1.573241372022616824e-01 1.707154740299095252e-01 1.746089651932379028e-01 1.708870734092135246e-01 1.676936154665589485e-01 1.640555838543488465e-01 1.542812387069766866e-01 1.390402765971688881e-01 1.226657838340165785e-01 1.051741922782107042e-01 8.436853177526358605e-02 6.088543616205756986e-02 3.661738631485582374e-02 1.191684709051846723e-02 -1.313474525213170242e-02 -3.793558716405818348e-02 -6.229073133498299469e-02 -8.568184426245029073e-02 -1.066797666558429031e-01 -1.249501299060959275e-01 -1.414851618549227419e-01 -1.557079020478076281e-01 -1.656351757705821215e-01 -1.713724789374510837e-01 -1.746285970326560966e-01 -1.749357675611185603e-01 -1.704472723668832013e-01 -1.616515346016242638e-01 -1.505127271297693192e-01 -1.369794559997775940e-01 -1.198295296414954719e-01 -9.963647856885575471e-02 -7.826681568251478427e-02 -5.626051195357113094e-02 -3.313008455555404436e-02 -9.466429288118640220e-03 1.339251332343052193e-02 3.521709512714518708e-02 5.569864805934748170e-02 7.332616590926012423e-02 8.852577236362743629e-02 1.030756667822880779e-01 1.150484296285753105e-01 1.229742346583337226e-01 1.287752967146639782e-01 1.314886175499405119e-01 1.358681709180040442e-01 1.417184012482209099e-01 1.472970701348233491e-01 1.546529719865674390e-01 1.561314025477432699e-01 1.573544451354141893e-01 1.626946102438933672e-01 1.630960058227789999e-01 1.494289918835861319e-01 1.417914213032491488e-01 1.179851459070825059e-01
1.017989637077725829e-01 1.070905339132201262e-01 7.462095090527344488e-02 1.223103293919508006e-01 1.553795029703280151e-01 1.645930910551611781e-01 1.630857106799157852e-01 1.667466219581938969e-01 1.690819668113946184e-01 1.592975371199817358e-01 1.398301438743891068e-01 1.184116083730654967e-01 9.478907895857326127e-02 6.603684413480825910e-02 3.362546471743799864e-02 2.558934983036529362e-04 -3.306693672647279675e-02 -6.489710981238959453e-02 -9.396643490240387531e-02 -1.205060686628966066e-01 -1.434931673335059499e-01 -1.600719541290663850e-01 -1.697497337115090599e-01 -1.744028406070753101e-01 -1.736073995009023707e-01 -1.652051657008143104e-01 -1.497912228016535230e-01 -1.297704475446666561e-01 -1.055717946736871998e-01 -7.679813200071544665e-02 -4.476777461468613162e-02 -1.133946610402171082e-02 2.235102903780998226e-02 5.499568564109656027e-02 8.537346125368432126e-02 1.129866911047698180e-01 1.366785221258996486e-01 1.543942061169606694e-01 1.655467784848144719e-01 1.714388730043852338e-01 1.722074218039424676e-01 1.660348104550666282e-01 1.526811056341194628e-01 1.353148991202987872e-01 1.159436105944616768e-01 9.304210334670497129e-02 6.671705080761460016e-02 4.049704604311458317e-02 1.551341168967956471e-02 -8.624858253477437828e-03 -3.053759906810019770e-02 -5.027373257661783834e-02 -6.703585307700607454e-02 -8.280284790203033818e-02 -9.879084324856245158e-02 -1.141190285372500474e-01 -1.315138956671026704e-01 -1.445770778565715897e-01 -1.569761317318943972e-01 -1.729742170008804203e-01 -1.833174602286552490e-01 -1.771401960667583764e-01 -1.768300649413074022e-01 -1.521603483830901160e-01
1.236477631084656054e-01 1.299649665956818245e-01 8.739279700246417593e-02 1.391812381751195704e-01 1.707984301547800787e-01 1.727984095403359288e-01 1.599011906062732247e-01 1.486616693876718631e-01 1.330834415156532391e-01 1.050443276067922205e-01 6.801820339443950814e-02 2.842607881453242460e-02 -1.226097120690327127e-02 -5.232780837108829547e-02 -8.922152937343055812e-02 -1.223037622112792128e-01 -1.496685781102435886e-01 -1.670598775143031234e-01 -1.735348270191035824e-01 -1.715558666842588731e-01 -1.609999619236673896e-01 -1.399690798692251603e-01 -1.098889178396968980e-01 -7.416422340591108386e-02 -3.462417573635438728e-02 7.133937308612484443e-03 4.857834854074449121e-02 8.758988628895063300e-02 1.218587787310115300e-01 1.482980777221657165e-01 1.655767212023259161e-01 1.742643596430891728e-01 1.735159298216830126e-01 1.616946138551994538e-01 1.398732177215924466e-01 1.108932916831298493e-01 7.626519345872818934e-02 3.706114556220571621e-02 -4.210274337842185612e-03 -4.461891893219720878e-02 -8.201855689312290143e-02 -1.140498566889993765e-01 -1.383403732994613888e-01 -1.550175481434169222e-01 -1.651718941216654413e-01 -1.665536321762671190e-01 -1.573225859488975864e-01 -1.421119140398218739e-01 -1.245966068614682704e-01 -1.027900202954062647e-01 -7.772685041067406431e-02 -5.184938426995749222e-02 -2.593382196276748999e-02 -2.167091964079036551e-03 2.153916634178596259e-02 4.537101049098254263e-02 7.220568045234872223e-02 9.882437110741906783e-02 1.254263550585410225e-01 1.551638503785092715e-01 1.801746317337277747e-01 1.887478896014520846e-01 2.024179702899435718e-01 1.822640136281160061e-01
1.431948092505823111e-01 1.503507213728753622e-01 9.659894821326371617e-02 1.480859738210235366e-01 1.732689996516751929e-01 1.639632823700271635e-01 1.360968825401968896e-01 1.060526724586820652e-01 7.003640856583200069e-02 2.511204407196593671e-02 -2.361837966256639942e-02 -7.133080300851536715e-02 -1.144237182597600683e-01 -1.468250713029619625e-01 -1.658141156788613124e-01 -1.732833761673340800e-01 -1.683249100404094756e-01 -1.479691659248486280e-01 -1.140716003641188414e-01 -7.159618775420194259e-02 -2.377873476002662773e-02 2.619591017507915537e-02 7.405431786079642864e-02 1.163758838734638562e-01 1.496137409415869424e-01 1.695039638374186142e-01 1.745594741376771675e-01 1.661484201479064837e-01 1.446445416113651128e-01 1.102790643826936229e-01 6.621144612058223189e-02 1.699297858751233625e-02 -3.341696712019633780e-02 -8.075324673790668095e-02 -1.210779560019859674e-01 -1.519011984851089958e-01 -1.705888316215796174e-01 -1.742953864764920369e-01 -1.629447977896301414e-01 -1.395049685241282478e-01 -1.063995804062085326e-01 -6.498488313506449454e-02 -1.880796285103860169e-02 2.687016922999362414e-02 6.911378884918238652e-02 1.053109540042883596e-01 1.312402444288597592e-01 1.473312663180557924e-01 1.565570973670595556e-01 1.562340283452587630e-01 1.460568554206331526e-01 1.297844898962062787e-01 1.079757615022429451e-01 8.638300174952903698e-02 6.325424449810113092e-02 3.753327239327135245e-02 6.932182618431932675e-03 -2.976350151811017059e-02 -6.905026900269491119e-02 -1.122478716137188248e-01 -1.542118750321604947e-01 -1.833927919101815684e-01 -2.173715693524576886e-01 -2.076838342710927432e-01
1.600762256280485463e-01 1.678574350572845653e-01 1.018637863240246244e-01 1.485148651496456251e-01 1.626039157258665213e-01 1.389589820565537426e-01 9.474243082747313416e-02 4.594864500552579833e-02 -7.245155078285603345e-03 -6.095911486194410811e-02 -1.083711299852038457e-01 -1.465680031669252814e-01 -1.709764247227147926e-01 -1.743535219503044020e-01 -1.564450089123528842e-01 -1.228463936195041128e-01 -7.682695560575125704e-02 -2.148117563629060173e-02 3.678284506531078607e-02 9.138496295846132433e-02 1.362949051561562763e-01 1.650246606642609970e-01 1.743782450535319994e-01 1.652182058276075172e-01 1.383031920061108810e-01 9.500222115630603537e-02 4.042168510477524290e-02 -1.858636392565992529e-02 -7.548197585890664696e-02 -1.234029325777271091e-01 -1.570051006409864114e-01 -1.737186437349007850e-01 -1.713924903296153157e-01 -1.488401565044236152e-01 -1.089808963212901688e-01 -5.761566235277860992e-02 -4.655404537656256244e-04 5.640901613057305863e-02 1.064737417951236720e-01 1.446852380211935130e-01 1.675432988694269265e-01 1.717522683833826724e-01 1.566555333050222987e-01 1.270169202024994948e-01 8.783897433968249069e-02 4.121303111196174956e-02 -7.770779099957295273e-03 -5.258543543540247084e-02 -9.157431948122748966e-02 -1.215283632297875088e-01 -1.393252118540194706e-01 -1.471420444893775104e-01 -1.443930578471846748e-01 -1.375884451087398264e-01 -1.263056199725025031e-01 -1.088929096908486521e-01 -8.423297032873780510e-02 -4.631635165910430452e-02 -9.689929167720241895e-04 5.122309989936135732e-02 1.088603433193371245e-01 1.617899431399841548e-01 2.211413721292041501e-01 2.280395744245443390e-01
1.739777573622013351e-01 1.821498748931525136e-01 1.029725017969689710e-01 1.404433641498782082e-01 1.396117064259669027e-01 1.002512976183364407e-01 4.117062894904216508e-02 -2.173532294586651148e-02 -8.305417916107146747e-02 -1.321282447334864718e-01 -1.615379399211249178e-01 -1.714230314122221766e-01 -1.593768128540057338e-01 -1.223570782517594269e-01 -6.597136056923062764e-02 -5.117864307412209801e-04 6.494768383957064128e-02 1.205980347890708709e-01 1.581678262324467954e-01 1.739258737511499564e-01 1.653831715822044468e-01 1.316450215413824676e-01 7.780085745627689231e-02 1.289285032609604163e-02 -5.377287031314020860e-02 -1.122597721196308823e-01 -1.539507287371658650e-01 -1.738685436023114650e-01 -1.688477936433419868e-01 -1.381397827245225141e-01 -8.654465897031335397e-02 -2.262707312762737497e-02 4.435173676691768485e-02 1.044705517292743302e-01 1.489090120517180538e-01 1.721408215208406756e-01 1.708307591290522398e-01 1.440802092751767294e-01 9.616608953107087798e-02 3.578703743291000022e-02 -2.817861338554811940e-02 -8.734939501975422238e-02 -1.329726231060216479e-01 -1.599723302465861086e-01 -1.677533468428949182e-01 -1.546002866731195080e-01 -1.216231206830074574e-01 -7.794985263569453871e-02 -3.019625758313528030e-02 1.821865208963402427e-02 6.102054893173235878e-02 9.589176123631415471e-02 1.198844126274324629e-01 1.362787920088595894e-01 1.459568870715023947e-01 1.467210571524718843e-01 1.386876289929513395e-01 1.116361818284863083e-01 7.089925657422177507e-02 1.810965308247871122e-02 -4.992437571974056576e-02 -1.260983671702363418e-01 -2.138078276612570272e-01 -2.431954567487349950e-01
1.846406211741324077e-01 1.929543578829370776e-01 9.987985816836146558e-02 1.243334510087397288e-01 1.060354284637535643e-01 5.165737178761284354e-02 -1.771026185627960770e-02 -8.583371281068416514e-02 -1.419828793270964951e-01 -1.709973822669301480e-01 -1.676227664797541594e-01 -1.373520700017678287e-01 -8.424856361938808103e-02 -1.455199007231318398e-02 5.870329548713260071e-02 1.221223511741842543e-01 1.642196078821520910e-01 1.751461664637258830e-01 1.528328326483473498e-01 1.033711442609460407e-01 3.553095710193342194e-02 -3.911032629130042904e-02 -1.066263461386529471e-01 -1.551307721565987896e-01 -1.755667412984748821e-01 -1.626454992167342684e-01 -1.189143640045928624e-01 -5.362351897424454811e-02 2.134507869677435693e-02 9.221872424770707899e-02 1.458017077829899810e-01 1.729922132640974719e-01 1.685730294749064606e-01 1.322059473824306886e-01 7.097731521561738421e-02 -2.781439986100327829e-03 -7.547523822449332676e-02 -1.337214838959737140e-01 -1.668894123114592343e-01 -1.704410908261743407e-01 -1.450043138293190259e-01 -9.436084777565970083e-02 -2.790363694436089406e-02 4.050802205711268728e-02 1.003495390954630417e-01 1.432056849677439403e-01 1.611278531420768656e-01 1.559158547495368696e-01 1.335543587787100805e-01 9.556607124986234159e-02 4.869542590099137230e-02 4.656771413889505628e-05 -4.487051250958575682e-02 -8.305233170464866588e-02 -1.155625435621448205e-01 -1.394955574702801682e-01 -1.556601239538279724e-01 -1.511155743742726432e-01 -1.272045712808966555e-01 -8.478257773165522038e-02 -1.522953692481130925e-02 7.964809209162146408e-02 1.960293358355040816e-01 2.532588968545445574e-01
1.918663227370837054e-01 2.000639915014419956e-01 9.271203773182588870e-02 1.011071922273718005e-01 6.442052477144516454e-02 -2.030724984808460285e-03 -7.430735575313351937e-02 -1.357725026313779115e-01 -1.720543080362843535e-01 -1.680646011553662555e-01 -1.248521210117563146e-01 -5.606687728619356992e-02 2.446171270531079939e-02 9.989044881963031475e-02 1.529448690047374992e-01 1.732826204570377948e-01 1.560238154627681673e-01 1.025717214200644878e-01 2.505212250501149748e-02 -5.817448663374315265e-02 -1.284680743011109016e-01 -1.690528416570352410e-01 -1.706551393106494063e-01 -1.342691059176122914e-01 -6.789085732057922873e-02 1.425653893801965763e-02 9.332221710272060877e-02 1.515992472975396244e-01 1.756936328206201159e-01 1.589606951721899697e-01 1.054265980411079051e-01 2.823535442948662405e-02 -5.511215738137243553e-02 -1.255464681548979222e-01 -1.670499600216705793e-01 -1.711988207080487046e-01 -1.373183911991319450e-01 -7.237216465866609660e-02 8.592391635600635930e-03 8.651243276516587533e-02 1.447967335587840576e-01 1.711971583333876390e-01 1.601713001852375640e-01 1.177070315216416085e-01 5.530794955876341262e-02 -1.613045638699648829e-02 -8.146648310508865232e-02 -1.285674761239540831e-01 -1.547296032566950752e-01 -1.559031276778846675e-01 -1.337081401590032304e-01 -9.610986813066470236e-02 -4.908092035792111646e-02 -1.788609738964391446e-03 4.562216724788033945e-02 8.958013805023602727e-02 1.307634478013646184e-01 1.558336950248171704e-01 1.591781437333501525e-01 1.384365556639531591e-01 7.865682329888372404e-02 -2.656286450822228223e-02 -1.689498110922733054e-01 -2.585666576628737889e-01
1.955203517322684770e-01 2.033426354437103678e-01 8.176149320147307886e-02 7.209396525067447714e-02 1.792185255500634497e-02 -5.551856262963178468e-02 -1.213222700796005304e-01 -1.633135157359418277e-01 -1.671566059893412060e-01 -1.240468473298029506e-01 -4.569197169738357239e-02 4.449108294364810534e-02 1.234213907594996079e-01 1.687715632279318811e-01 1.678964506393664236e-01 1.230267355207942531e-01 4.572375306126042621e-02 -4.445015137370107727e-02 -1.227997017660771711e-01 -1.685129019556930452e-01 -1.690036603224352729e-01 -1.225834290647061509e-01 -4.198658522834976259e-02 5.007706618998573195e-02 1.285201597776338966e-01 1.712362359179872839e-01 1.664955290245675179e-01 1.165849297267658874e-01 3.498671745276431960e-02 -5.633489280514083347e-02 -1.321548262458994150e-01 -1.720860798174121964e-01 -1.650676534647550486e-01 -1.122092350352589391e-01 -2.832890552596060291e-02 6.287609594413146041e-02 1.365604730274083412e-01 1.726085796106550940e-01 1.615710664607496461e-01 1.084507211249807479e-01 2.865484163378531277e-02 -5.760076768187290253e-02 -1.274662055714551323e-01 -1.640742300812257637e-01 -1.626868709148320546e-01 -1.242005815754067266e-01 -5.856638787999454004e-02 1.431521198081078805e-02 8.062704840705881004e-02 1.289467340574009802e-01 1.506768306017425563e-01 1.478737855467665008e-01 1.226592281043256960e-01 8.611812178366072545e-02 3.998712386681473052e-02 -1.232160480716544028e-02 -7.087656473143197355e-02 -1.249633116508867409e-01 -1.609389662517683728e-01 -1.709344421195519437e-01 -1.328488766310626790e-01 -2.867287049472861532e-02 1.340764968699048876e-01 2.596603640495644960e-01
1.955346858233133756e-01 2.027275085436747448e-01 6.747501541103706479e-02 3.895437026009146431e-02 -2.993548880783830635e-02 -1.035314595508833174e-01 -1.526922759578122624e-01 -1.639134355463004733e-01 -1.282852052985971048e-01 -4.970467478211228196e-02 4.678559798883783621e-02 1.297554092217955424e-01 1.731844972652866188e-01 1.606737867934016073e-01 9.580681084910937229e-02 7.676782317292992061e-04 -9.449860314549447804e-02 -1.592097267225983659e-01 -1.722675788618594217e-01 -1.305203642006624309e-01 -4.711931406700921310e-02 5.180564653768747474e-02 1.340916806973057596e-01 1.734501232255995784e-01 1.569525047463904699e-01 8.892320561402192181e-02 -8.434258635067573215e-03 -1.031815563942714703e-01 -1.644785286873694796e-01 -1.716811599576123226e-01 -1.225409423760218525e-01 -3.381149241992819493e-02 6.565551980121948905e-02 1.434451927150555139e-01 1.743101953819962413e-01 1.491654776623093370e-01 7.662369916651602664e-02 -2.025837659361466245e-02 -1.101072357756499309e-01 -1.644557897616146513e-01 -1.679855276325562252e-01 -1.201916123774754847e-01 -3.664002917289154587e-02 5.436048302337112559e-02 1.275514617748025603e-01 1.646782718668325374e-01 1.556505402357281354e-01 1.098596811232906423e-01 4.327190459498112679e-02 -2.974523785880647114e-02 -9.102115921717283953e-02 -1.315567287205207103e-01 -1.452850329702997378e-01 -1.382274148019142779e-01 -1.122749558847721540e-01 -6.880391285318421257e-02 -7.899229192531789789e-03 6.577316898673564449e-02 1.324207940127197780e-01 1.775536011305231532e-01 1.716378454866684666e-01 8.165072897760040915e-02 -9.314065959600580091e-02 -2.572539602699566719e-01
1.919090569367672694e-01 1.982303909441448520e-01 5.043550389628257552e-02 3.585184111865754013e-03 -7.552339820761105882e-02 -1.413346432299654731e-01 -1.643721072576193876e-01 -1.374732960001099624e-01 -6.334051316072596138e-02 3.678827308139617780e-02 1.256269980675817077e-01 1.704168263191243593e-01 1.539151333185986847e-01 7.929061998610902051e-02 -2.595119182728754595e-02 -1.219406738528163031e-01 -1.728796895763016206e-01 -1.584135289021958160e-01 -8.371912290856969863e-02 2.236076938577408885e-02 1.200487716835702823e-01 1.721339281071677663e-01 1.587587068677228652e-01 8.563240146712113032e-02 -1.975588271769561019e-02 -1.176552899180429851e-01 -1.707964995233304528e-01 -1.594383267752966238e-01 -8.772277207612845518e-02 1.758024040857356085e-02 1.162937311236386106e-01 1.710014967347984749e-01 1.608889920446267552e-01 8.935239140482080511e-02 -1.619249792911493790e-02 -1.152701624513291223e-01 -1.706937135180389142e-01 -1.618007759075248131e-01 -9.246452690352378878e-02 9.598984976328448285e-03 1.065425356193030471e-01 1.645089830187586866e-01 1.632279842079692733e-01 1.072569780797486688e-01 1.947383914360365995e-02 -7.259800526559305467e-02 -1.381853751207355041e-01 -1.603796589803627715e-01 -1.410017038439655979e-01 -8.637629563892165740e-02 -1.495079656878170807e-02 5.477763571308785079e-02 1.077177171770779679e-01 1.387147743624425056e-01 1.469867827227915591e-01 1.294126159487039573e-01 8.470066085305874570e-02 8.229827981755970245e-03 -7.920424470415710072e-02 -1.575851305398619784e-01 -1.908772901015215739e-01 -1.284302907734578836e-01 4.795423389056544666e-02 2.521960677537572471e-01
1.847109562761035939e-01 1.899373984982270502e-01 3.133818413526644198e-02 -3.198920352571692216e-02 -1.153858218819836939e-01 -1.652001679132042156e-01 -1.548556110587320234e-01 -8.835480753520900954e-02 1.447780424208641725e-02 1.142879815277170613e-01 1.678530479837264666e-01 1.524981327853507374e-01 7.329419310030169110e-02 -3.825802318582768174e-02 -1.342555245498286420e-01 -1.732814868910133310e-01 -1.381257751974159509e-01 -4.263944467990051640e-02 7.190293217297973050e-02 1.555591757216842896e-01 1.718447312892511791e-01 1.128350630567808016e-01 4.161358069137493024e-03 -1.064504382089816320e-01 -1.706431531108916211e-01 -1.598175086373401499e-01 -7.864669267858777346e-02 3.696649237592534998e-02 1.363555632854117905e-01 1.756535049346645561e-01 1.376011872380263346e-01 3.934923722329908280e-02 -7.593971222557001355e-02 -1.577097035025416816e-01 -1.702035515175060465e-01 -1.087234778780028638e-01 -7.005332758947504417e-04 1.071652162788535173e-01 1.682995828470475463e-01 1.576999146657387108e-01 8.236176708947248737e-02 -2.597807745159844486e-02 -1.219343675128319038e-01 -1.672230022137844996e-01 -1.497759123179335794e-01 -7.812013966865863357e-02 1.893022416355545634e-02 1.032464429041482362e-01 1.527198853968839143e-01 1.548083312127325473e-01 1.136499147002374144e-01 4.723201806373630851e-02 -2.562431915411557751e-02 -8.756094058425703541e-02 -1.326643593853304992e-01 -1.515416913321816494e-01 -1.395016121610996307e-01 -8.051133334763890814e-02 1.128289248100998281e-02 1.142775560268003004e-01 1.888234670044056929e-01 1.658468046501314075e-01 -2.745187750969477420e-04 -2.454302987092795152e-01
1.740743779754212739e-01 1.780073337225495655e-01 1.096224180176559246e-02 -6.573265807813452599e-02 -1.465007594556543280e-01 -1.727745444829259236e-01 -1.253699710569554648e-01 -2.466082541278138973e-02 8.935358428340231529e-02 1.638489177975964162e-01 1.611565078330653433e-01 8.215880871550777786e-02 -3.654229065379189373e-02 -1.383566876160600145e-01 -1.729588335768233176e-01 -1.232068091378877295e-01 -1.298033043055362226e-02 1.040827114852783258e-01 1.699182169904503159e-01 1.518289523701105981e-01 5.849036146886338328e-02 -6.421075026256539697e-02 -1.551348956831823112e-01 -1.689205986874846854e-01 -9.849581730559801851e-02 2.135645474866738544e-02 1.306992221170838742e-01 1.747924746983430255e-01 1.314422961878163876e-01 2.207035490127562741e-02 -9.848479411708871423e-02 -1.697399519354437503e-01 -1.560521938901980876e-01 -6.421072670533049809e-02 5.968805534454652700e-02 1.534963310217057619e-01 1.710720304908425748e-01 1.043049742454298517e-01 -1.330909863733058078e-02 -1.229757408056227352e-01 -1.730208474638669780e-01 -1.416016198192631692e-01 -4.491426247818791628e-02 6.844990738224338012e-02 1.493182923834098785e-01 1.664447323446642812e-01 1.145588765069328469e-01 2.331586685175058085e-02 -7.118622571943701571e-02 -1.375625395725224576e-01 -1.553933345010239664e-01 -1.279793436786539895e-01 -6.718097854186474982e-02 3.856599146921487180e-03 7.425188758281438262e-02 1.288688504564796111e-01 1.583175176921541027e-01 1.352749676528857692e-01 5.893973329134424149e-02 -5.417594880311917688e-02 -1.661896393719039522e-01 -1.917087523760716838e-01 -4.831312234446984155e-02 2.379564212798805367e-01
1.601973247795976940e-01 1.626686448802393270e-01 -9.860968623347189307e-03 -9.571384020153234085e-02 -1.665093640658920349e-01 -1.633108288402020658e-01 -7.971745816317381272e-02 4.310134172889532045e-02 1.460687195376295378e-01 1.733554448066609854e-01 1.074891568212298365e-01 -1.642228119302353156e-02 -1.318127789544001061e-01 -1.753490789892351298e-01 -1.219964702591892353e-01 -1.023568336246028941e-03 1.206596328728052059e-01 1.752607509998078683e-01 1.317994168704412217e-01 1.445356727206104260e-02 -1.110758266659568477e-01 -1.742506554368621341e-01 -1.392586814291311148e-01 -2.571497189395905922e-02 1.023882014013993147e-01 1.726864586335440377e-01 1.452842231593518274e-01 3.562539948645827848e-02 -9.421577058178073893e-02 -1.706759639863658640e-01 -1.503554534693557210e-01 -4.484243328357988279e-02 8.592335109224454037e-02 1.679733712539795698e-01 1.549817202485723189e-01 5.482657334569014662e-02 -7.545485343192107064e-02 -1.632673536664250302e-01 -1.600416091894940052e-01 -6.941360073216276683e-02 5.700669415701285075e-02 1.520892924471775043e-01 1.658453585587882917e-01 9.552246113233857361e-02 -1.830528084347040479e-02 -1.214103216027427878e-01 -1.643484790917596472e-01 -1.346814571712016129e-01 -5.404525461738467901e-02 4.413320643219106887e-02 1.193096902497861184e-01 1.509347349727317156e-01 1.328122405100558567e-01 8.153018445406871872e-02 8.830092683518133909e-03 -6.832838649964942390e-02 -1.366559983309311999e-01 -1.609000732169313941e-01 -1.189941743368468918e-01 -1.399707389241466871e-02 1.258934566170733793e-01 2.048747123361435163e-01 9.648756644880397693e-02 -2.307948993596583287e-01
1.433381221828390339e-01 1.442150514244515125e-01 -3.028184376911035453e-02 -1.202167478629763142e-01 -1.738947683206059636e-01 -1.377422814967336484e-01 -2.378511507933551636e-02 1.037532751376753215e-01 1.730961578594733818e-01 1.404836026008972616e-01 2.249292606035552949e-02 -1.093582768354663809e-01 -1.745418336273295568e-01 -1.323624895860136264e-01 -7.788447243743345377e-03 1.217587306461777180e-01 1.753381653751842073e-01 1.192330471437579309e-01 -1.191367174171249939e-02 -1.356443593477155429e-01 -1.738932823910596948e-01 -1.024545314045087335e-01 3.386324721018035833e-02 1.488010736111822496e-01 1.694486269379178456e-01 8.269677789253929157e-02 -5.662679478718017634e-02 -1.599991785123002497e-01 -1.616515668875976863e-01 -6.059664919479081785e-02 7.902696376999314432e-02 1.683031595579554396e-01 1.505749185589815575e-01 3.741846406926940122e-02 -9.931919047698165026e-02 -1.728149821718488743e-01 -1.375479536692747196e-01 -1.659858988351402276e-02 1.140279072216758977e-01 1.730450080628011811e-01 1.272658989939597640e-01 6.310791440775976972e-03 -1.164975818230796628e-01 -1.692653297067007456e-01 -1.290592644201803141e-01 -2.108143245326648749e-02 9.388184525417508919e-02 1.564870369252602533e-01 1.469722050687033987e-01 7.403082491169540869e-02 -2.350707204606558923e-02 -1.059015718414135082e-01 -1.447653100582201313e-01 -1.374460624232828887e-01 -8.933259743546879961e-02 -1.222686339238915690e-02 8.038724255731652391e-02 1.522985207931537577e-01 1.585671096036970207e-01 8.070958324136340289e-02 -7.255785040246988393e-02 -2.052141039700855207e-01 -1.432556008841152084e-01 2.249568065575131282e-01
1.284332550502535752e-01 1.276508458956641945e-01 -5.044378341471016103e-02 -1.417159159272400604e-01 -1.737051744833332245e-01 -1.030325143669954813e-01 3.444732888796925296e-02 1.506355358040095127e-01 1.705250551309219209e-01 7.779980956367045508e-02 -6.833371633592733030e-02 -1.682295944936169907e-01 -1.533263378590474235e-01 -3.327234025417216690e-02 1.102061015980897868e-01 1.772066868626484826e-01 1.209274792010977817e-01 -1.948975837924430896e-02 -1.464660510033655161e-01 -1.707178971677759671e-01 -7.519970490087614368e-02 7.295198921946020876e-02 1.698402180814032603e-01 1.469375554475417234e-01 2.050013467530777470e-02 -1.201906404326668898e-01 -1.759824177017596525e-01 -1.072338624473886531e-01 3.717756412437687313e-02 1.550486196252018889e-01 1.631393172529214675e-01 5.571279878863673318e-02 -9.070988583676808936e-02 -1.727626971016151536e-01 -1.328233795470501188e-01 3.277308430335661138e-04 1.323175632013154079e-01 1.717452509427606910e-01 9.205841494298144800e-02 -4.948787079582014220e-02 -1.556694450749402658e-01 -1.577403085223746115e-01 -5.639323563180071580e-02 7.729529888698145890e-02 1.600869218088316615e-01 1.464628316639356997e-01 4.849062213481877132e-02 -6.907045332410730043e-02 -1.465472996771463032e-01 -1.496750889710352084e-01 -8.507942931067748182e-02 9.833588635923191587e-03 9.376283324980420886e-02 1.393371967978400405e-01 1.383210737766567000e-01 8.908016869344403954e-02 -1.338593486017498500e-03 -1.068212730551038464e-01 -1.660848900301496456e-01 -1.344045437848810365e-01 9.513682046295907080e-03 1.868511762272380972e-01 1.833666526035539202e-01 -2.141656667786079327e-01
1.152795007377919179e-01 1.127590206522999100e-01 -7.017438584094468079e-02 -1.596741654773341512e-01 -1.659488414164265735e-01 -6.148502937222374148e-02 8.934859992026800146e-02 1.775261188230408405e-01 1.387950565214399468e-01 -1.393839815996749136e-03 -1.414475145363714159e-01 -1.746980476436033602e-01 -7.593872826868355852e-02 7.992072253446835806e-02 1.746215176270854985e-01 1.346567768405387000e-01 -8.720017082059087002e-03 -1.446952755609605401e-01 -1.683971359317511796e-01 -6.102520367254238298e-02 9.333892120281336857e-02 1.745835404906868338e-01 1.195173277016914337e-01 -2.909683956664276330e-02 -1.545817960686046988e-01 -1.589947248211976694e-01 -3.877263589988022563e-02 1.120086519907888961e-01 1.747733956933653632e-01 1.005953729109255040e-01 -5.265538102748525129e-02 -1.647207928095560103e-01 -1.477136839921143752e-01 -1.541814461571684031e-02 1.290261950472590402e-01 1.727721756343266746e-01 8.293055979830248059e-02 -7.022657943232832323e-02 -1.691173216408807800e-01 -1.391966941494262866e-01 -6.786429674224042988e-03 1.292895528853831855e-01 1.698927238286135344e-01 9.059594514585660174e-02 -4.653093854570233834e-02 -1.504600948234864621e-01 -1.543769487552074382e-01 -6.679084267722464052e-02 5.291596425485455002e-02 1.389523926894183359e-01 1.492101727350209350e-01 9.122031823181422916e-02 -2.085460184615328151e-03 -8.668653345305719904e-02 -1.386507352303736618e-01 -1.379058568897942039e-01 -7.821365101328267566e-02 3.577965325716944700e-02 1.404713245770667640e-01 1.665043059213921761e-01 5.496456887995458673e-02 -1.521734832297080564e-01 -2.153332181397996370e-01 1.996251541185862233e-01
1.036975118736401941e-01 9.934447838937270070e-02 -8.930493762842275918e-02 -1.736427911021695136e-01 -1.509636413212766259e-01 -1.585711126026073670e-02 1.356095598618855536e-01 1.808562257396439110e-01 8.333182645931699883e-02 -8.029170318724625222e-02 -1.778965750170818649e-01 -1.267487382823795083e-01 2.926953462502676975e-02 1.592383493135231809e-01 1.541408221888072583e-01 1.763971749865288555e-02 -1.329422267060081930e-01 -1.695461450560690475e-01 -6.084358245034494211e-02 1.004159582101668419e-01 1.751849342763049655e-01 9.966198259548292304e-02 -6.190568706684557165e-02 -1.706418084545900105e-01 -1.326068617642625347e-01 1.926046035585443975e-02 1.549649960086891820e-01 1.573646491769288003e-01 2.449074042825688177e-02 -1.291039341274031194e-01 -1.716595787405016116e-01 -6.634793171286386404e-02 9.541473419899711150e-02 1.747547262737596252e-01 1.040103808638459665e-01 -5.551726889941983878e-02 -1.666676921611009721e-01 -1.363277454008318401e-01 8.951274125054319714e-03 1.453413969653611082e-01 1.611594898030130618e-01 4.677422157176805428e-02 -1.038045291452318331e-01 -1.702843645567456432e-01 -1.093884602667127837e-01 2.953856938198606841e-02 1.432053895165517066e-01 1.567483957291593566e-01 7.470618198022760392e-02 -4.797879180370780150e-02 -1.352948303163277466e-01 -1.492149876023943222e-01 -9.073855573454067680e-02 1.933170962456553317e-04 9.046306122573220809e-02 1.436055127654373431e-01 1.363278035911024422e-01 4.376791031045117186e-02 -8.723312464289376122e-02 -1.722417383364213683e-01 -1.128732325593287678e-01 1.048183771547365195e-01 2.383482131979442475e-01 -1.825031219074887689e-01
9.352937102789497803e-02 8.723147616141237182e-02 -1.076718563006851259e-01 -1.832727722646460833e-01 -1.294023417493457839e-01 3.082315866140289060e-02 1.687566177935932166e-01 1.601838995902614138e-01 1.361928828567115016e-02 -1.421509067912573310e-01 -1.682329039618616628e-01 -3.931768982055816597e-02 1.237547107133138008e-01 1.710607340385994213e-01 5.872115816966104462e-02 -1.091323613361795813e-01 -1.744524746290882222e-01 -7.680683288683981536e-02 9.349407739671022899e-02 1.767058904973360933e-01 9.432023264366652671e-02 -7.604592962348787066e-02 -1.754236344783279555e-01 -1.099184398148287806e-01 5.841232786337947208e-02 1.712219465610401725e-01 1.227788636206609829e-01 -4.158212708818064679e-02 -1.661359669798800065e-01 -1.339011392423805902e-01 2.490864178728067341e-02 1.604547957528315305e-01 1.446989569216646510e-01 -6.853382232087409064e-03 -1.523152111543429887e-01 -1.550994071854336631e-01 -1.404949334788806355e-02 1.392480532642801083e-01 1.639061421573496380e-01 3.928770082041953965e-02 -1.182671899288757905e-01 -1.697832256918752059e-01 -7.222139261049954906e-02 8.373011441503654118e-02 1.671986281477914338e-01 1.163144189723609445e-01 -2.328205057271229284e-02 -1.384047900590566482e-01 -1.557502059763086477e-01 -7.104811758359221019e-02 5.067690500004493753e-02 1.368629446936364125e-01 1.451222294184626171e-01 8.664891994722022373e-02 -1.073971030103849748e-02 -1.047641876888611295e-01 -1.574071473595668180e-01 -1.132538482192992080e-01 1.706140618250389165e-02 1.512082515224034696e-01 1.574842978864891274e-01 -4.918324922387650594e-02 -2.522528449438273257e-01 1.638740014285290925e-01
8.463643756322360157e-02 7.626132297473187105e-02 -1.251180890934048273e-01 -1.883234939402191055e-01 -1.022041705146470858e-01 7.545786011440712426e-02 1.855843413692055688e-01 1.182526794634122247e-01 -5.842207721947365734e-02 -1.738443418254795592e-01 -1.149614302541251271e-01 6.036066612985915847e-02 1.729015333704682078e-01 1.103768054301812046e-01 -6.524709515512366886e-02 -1.755526626385710554e-01 -1.074245493095110360e-01 6.920251686520528800e-02 1.759418771662612513e-01 1.031518624218105140e-01 -7.414855195784871011e-02 -1.748500251731693045e-01 -9.651716218336330033e-02 8.109571406546249583e-02 1.749692907180191437e-01 8.943179459905269135e-02 -8.840819878687343480e-02 -1.759767763317686418e-01 -8.311152303448837708e-02 9.456893512954574199e-02 1.756947041413280397e-01 7.670363277039064787e-02 -1.000332553434250954e-01 -1.739107539064375096e-01 -6.996726156321053658e-02 1.051122853878850294e-01 1.725686726138886407e-01 6.593205963676682102e-02 -1.070135034277504282e-01 -1.725879921172442655e-01 -6.957460632983564208e-02 9.942085182778853669e-02 1.722994073196761622e-01 8.484056925441074704e-02 -7.465492624982068837e-02 -1.664648530580315755e-01 -1.147534887204501447e-01 2.430003559322063342e-02 1.391353095277667595e-01 1.500726377090323416e-01 6.064586277118268198e-02 -6.015632366119374325e-02 -1.382160660640411043e-01 -1.406644832630273567e-01 -7.296765077423600365e-02 3.368143193998662105e-02 1.362020127919288115e-01 1.569632349389129267e-01 5.650399721943184794e-02 -1.071404330009334827e-01 -1.840756715549125289e-01 -1.008083856940631198e-02 2.574557162076088201e-01 -1.446778112283605422e-01
7.689745730925202916e-02 6.629030078502297363e-02 -1.414944558889973392e-01 -1.886687586317757903e-01 -7.055390216329328334e-02 1.150848262779115838e-01 1.844654329391672565e-01 6.062749020674090134e-02 -1.204735719371120561e-01 -1.686463612433701797e-01 -3.189070060351140851e-02 1.412369092989709529e-01 1.587047403899653208e-01 2.908234604350792060e-03 -1.574940306403318502e-01 -1.448897970641054855e-01 2.643913975070243810e-02 1.672158686820572615e-01 1.231037043625268779e-01 -5.787341300295311547e-02 -1.737486234097588567e-01 -9.683150673861468105e-02 8.826029088030425129e-02 1.759841215539560966e-01 6.847958278228470641e-02 -1.144510478497433453e-01 -1.707053141307470767e-01 -3.717443823603401587e-02 1.368149514240533382e-01 1.582986275616145300e-01 3.487998546091654935e-03 -1.555238217281758317e-01 -1.415323714220450835e-01 2.903628499439837515e-02 1.680088190314896479e-01 1.215564064277148693e-01 -5.735593489228634628e-02 -1.727259378434459758e-01 -1.000045364332736442e-01 7.962645084243166749e-02 1.725186268133619416e-01 8.437796839419560435e-02 -9.061599806081600816e-02 -1.711285971256106542e-01 -8.534848192134572575e-02 7.929020147312662581e-02 1.666415600275531206e-01 1.070645007502229601e-01 -3.513933122126604996e-02 -1.440698753124486642e-01 -1.411843762164377292e-01 -4.494568965512638764e-02 7.320548636341794868e-02 1.415964949011614127e-01 1.322179613659315300e-01 4.781319040265610831e-02 -7.882615609495964570e-02 -1.654835818778449263e-01 -1.198036833911103605e-01 4.705541051470425729e-02 1.903181869094527912e-01 6.853294630718030633e-02 -2.548184413985959962e-01 1.256955528868947958e-01
7.020690928679187981e-02 5.718778166324324508e-02 -1.566609248334118742e-01 -1.842999395444319954e-01 -3.583024822690660666e-02 1.470742269848280825e-01 1.655080947240641920e-01 -5.043909622414926089e-03 -1.619247135991772613e-01 -1.276600257485825951e-01 5.944644629139943931e-02 1.781184044344610307e-01 8.636542039301599305e-02 -1.057930292232666936e-01 -1.731717611255288725e-01 -3.410077365952942502e-02 1.438533293617623443e-01 1.492552221541896540e-01 -2.439189121874448321e-02 -1.698229034811886418e-01 -1.119720140112408779e-01 7.911096861522559642e-02 1.762239616471993064e-01 6.227160575985291741e-02 -1.253066988777675472e-01 -1.620859803965645773e-01 -4.129360074846055891e-03 1.593423489349444500e-01 1.313869899133204011e-01 -5.374188938269401639e-02 -1.751405128133428357e-01 -8.673701795113192281e-02 1.045607011249399948e-01 1.702374109408953118e-01 3.238426139868579023e-02 -1.440322003286437225e-01 -1.489221444035178643e-01 2.152167565780458564e-02 1.669939689896042245e-01 1.178980454277742534e-01 -6.445104979152786739e-02 -1.724237477027711629e-01 -8.690648465280410850e-02 9.088404638319202977e-02 1.692942899075383090e-01 7.363502162204756119e-02 -9.311527526404421440e-02 -1.654637190429772975e-01 -9.139703342120070184e-02 5.636576865111706663e-02 1.496465907273464568e-01 1.296791360467570153e-01 2.254797432545002644e-02 -8.942580426658910953e-02 -1.473069584305752022e-01 -1.152557989070412958e-01 6.959116233028126959e-04 1.375079680730933729e-01 1.616090578862931226e-01 2.005417073638695452e-02 -1.763099104420265406e-01 -1.223184054660926001e-01 2.455237671531894927e-01 -1.075395051562057641e-01
6.447356693998623767e-02 4.883451646286265241e-02 -1.704878097274923343e-01 -1.753261961349092124e-01 4.542005774075144695e-04 1.693030965087620188e-01 1.305455652947952183e-01 -7.004590422314802001e-02 -1.756875729688667787e-01 -5.958302386782539373e-02 1.353744262681891852e-01 1.595167092187685376e-01 -1.761444024682766799e-02 -1.696525439010237724e-01 -1.046582113138230241e-01 9.554647188693929372e-02 1.717670541937332818e-01 2.777733697655073580e-02 -1.531319723991593218e-01 -1.377651041469918625e-01 5.380355049848600801e-02 1.750500056776257973e-01 7.088527946340265895e-02 -1.252541116915795449e-01 -1.593552227309983638e-01 1.155903460059438080e-02 1.684680854838186970e-01 1.084868878195882208e-01 -9.046087608795347346e-02 -1.721655798954798700e-01 -3.179268088521569613e-02 1.499492956762413232e-01 1.382157288645929627e-01 -5.077051894637022583e-02 -1.753043107480773966e-01 -7.552964219535110435e-02 1.190609903495578881e-01 1.619395469224712558e-01 5.727422970621306986e-05 -1.610923474417404744e-01 -1.226634298198191336e-01 6.435918929911094155e-02 1.732114674445255909e-01 7.809930768115970479e-02 -1.017498841415276217e-01 -1.666154832528988772e-01 -5.078382840981996577e-02 1.107934436943848744e-01 1.617715389849804786e-01 6.367506293387738270e-02 -8.179741959389087713e-02 -1.551428553899872054e-01 -1.093508533798122351e-01 3.868130983669166526e-03 1.135841092593707774e-01 1.489156006107879571e-01 7.786040630498392012e-02 -7.970603865169041680e-02 -1.750153783017946718e-01 -8.470429974636282944e-02 1.443003699465567613e-01 1.684298608469422531e-01 -2.309410604335970785e-01 9.065604552244661829e-02
5.961925425905058307e-02 4.112107256849777126e-02 -1.828568789541999418e-01 -1.619717466497762048e-01 3.671886403371809465e-02 1.802962234642870032e-01 8.295883921709079623e-02 -1.257517182761188901e-01 -1.594087728074133348e-01 2.113805992036787290e-02 1.762118792084905461e-01 9.122617937712637626e-02 -1.151411346778372646e-01 -1.616026249206358179e-01 1.473724180434272425e-02 1.723551336784618360e-01 9.281337950458111441e-02 -1.129657589709795878e-01 -1.641251697966134848e-01 1.111545603290691429e-02 1.696067178403912745e-01 9.396417704907113200e-02 -1.122084663377491687e-01 -1.643113188593091634e-01 9.738844998737812911e-03 1.694243673346006174e-01 9.545441836961705839e-02 -1.107930081996868210e-01 -1.633076500605648851e-01 9.339220446319594637e-03 1.700128002602951383e-01 9.640669935574017191e-02 -1.089922206358867329e-01 -1.637869273291436556e-01 6.865286039422938830e-03 1.682664379102985219e-01 9.968558049443969338e-02 -1.036404111771981884e-01 -1.671906079291552161e-01 -6.829986107621439234e-03 1.600710955374396449e-01 1.171509579507669652e-01 -7.720020896809391686e-02 -1.716679196727853574e-01 -5.715954964459853821e-02 1.231443066962279731e-01 1.572797878425745699e-01 1.980821710390838486e-02 -1.322869364798541780e-01 -1.487732577357201991e-01 -2.790156239933122909e-02 1.098955666793760277e-01 1.517383948169498120e-01 8.342414861643798751e-02 -4.251371193297726753e-02 -1.394026692562764236e-01 -1.370117366507688783e-01 4.849551882084360103e-03 1.583801791228761913e-01 1.383241203090919136e-01 -9.818507775641632795e-02 -2.048438568022883932e-01 2.125015230171448943e-01 -7.533813424926272262e-02
5.557777983343120676e-02 3.394640025920230009e-02 -1.936623664594201988e-01 -1.445702658010027675e-01 7.138402379200735337e-02 1.793240527101138404e-01 2.734971346891452992e-02 -1.647683241555188693e-01 -1.158719031192877030e-01 9.737344721906546208e-02 1.713732921317045466e-01 -5.480950598946239885e-03 -1.704851159951703554e-01 -8.505533496840826657e-02 1.269678590035100141e-01 1.538489084448943223e-01 -4.388550477970448033e-02 -1.753604852228028421e-01 -4.891854562891394947e-02 1.505702826262927674e-01 1.278801784189368962e-01 -8.214594096582257532e-02 -1.722193426866573118e-01 -8.603693571690619254e-03 1.664185242966870204e-01 9.599161603518246988e-02 -1.167245177133436201e-01 -1.580722901227626653e-01 3.284441107932186549e-02 1.745805573853009829e-01 5.926636061390263416e-02 -1.437552987708238528e-01 -1.347510204508332032e-01 7.170155001132853811e-02 1.738157513245881802e-01 2.169597460841204972e-02 -1.604451854626617879e-01 -1.094890730511219185e-01 1.002015549980524861e-01 1.660377899406666469e-01 -1.842747837465952103e-03 -1.658347621762600310e-01 -1.003544753259016376e-01 9.877222799832865996e-02 1.655997102829344647e-01 2.148251710684208685e-02 -1.466342061716618683e-01 -1.376250282285152726e-01 2.096911662086397080e-02 1.514405831661795043e-01 1.242005857893277027e-01 -1.463086702116298855e-02 -1.327839380982515638e-01 -1.407447985061004159e-01 -4.259077108814930679e-02 8.997007864573601521e-02 1.623805254695363243e-01 7.124195717945432105e-02 -1.152294672318514152e-01 -1.743694217078176345e-01 4.287050039067025892e-02 2.305397202314549421e-01 -1.915921639248350794e-01 6.174445668778747592e-02
5.229403430107466139e-02 2.721650890477759349e-02 -2.028118761416140281e-01 -1.235565475586821171e-01 1.029396371893281786e-01 1.664511020285614762e-01 -3.090422185460250590e-02 -1.819176116400804399e-01 -5.252154176574923977e-02 1.529452669053082692e-01 1.221128795546847362e-01 -1.004807857766660539e-01 -1.633707520969477633e-01 2.754376314915149213e-02 1.774702444420378222e-01 5.026200692449924595e-02 -1.532803769735176791e-01 -1.161324440858256118e-01 1.039027358445692023e-01 1.623437553662515354e-01 -3.262072782235889840e-02 -1.751834031804326564e-01 -4.332053752093005528e-02 1.573024647532933473e-01 1.109517031747162541e-01 -1.084896410454148086e-01 -1.587301909176830061e-01 4.005240383410359206e-02 1.749002731988863746e-01 3.568533306721620446e-02 -1.604468143335760766e-01 -1.056729555172233881e-01 1.133228679735826527e-01 1.546566887480410601e-01 -4.581731109386341649e-02 -1.752902414573029310e-01 -3.322698084906516164e-02 1.592764471965631978e-01 1.072417107641734924e-01 -1.079427678448521277e-01 -1.589227435198862504e-01 2.617326898704947641e-02 1.728058254168337859e-01 7.021565365347258447e-02 -1.266687626845096060e-01 -1.492272737798989168e-01 2.652082580807550369e-02 1.627720826310427582e-01 1.039529990328931508e-01 -7.011379212534990524e-02 -1.589996767964227120e-01 -8.774538228366107750e-02 6.044657983933748868e-02 1.477680781043090585e-01 1.144674350085491815e-01 -1.505658662743340238e-02 -1.483192370768761370e-01 -1.331633468177715329e-01 5.326141046174150823e-02 1.890106462281347932e-01 1.638863359890053648e-02 -2.454198020026944760e-01 1.694739525766093269e-01 -4.992237155841410673e-02
4.972323888721806584e-02 2.084323565252175353e-02 -2.102271719170124009e-01 -9.945564137466200716e-02 1.300111159411408146e-01 1.425316804248175084e-01 -8.616961464832641193e-02 -1.749236036474885736e-01 1.980972955833621221e-02 1.760606525845203052e-01 4.119947741648826572e-02 -1.641812469139497521e-01 -9.640443705871944158e-02 1.284680796037388217e-01 1.416915468847648185e-01 -8.112051297986271059e-02 -1.673096079608840658e-01 2.364024950369176745e-02 1.768306869147975025e-01 3.645213690957167102e-02 -1.628237169411154983e-01 -9.106108118506123228e-02 1.330972233228666368e-01 1.367518049913338807e-01 -8.595430621732375043e-02 -1.648611992005958593e-01 3.067981482480037700e-02 1.759995199667606924e-01 2.886220439804039820e-02 -1.653840193206226883e-01 -8.519212319349410423e-02 1.369684421907522709e-01 1.311404492589105797e-01 -9.148608004728049636e-02 -1.635956928178608771e-01 3.444790331771123426e-02 1.743248783534115109e-01 2.871215726174785807e-02 -1.646795316544982513e-01 -9.161261963181542567e-02 1.258551158412405113e-01 1.435184167556689816e-01 -6.380342614312239924e-02 -1.717351002185738273e-01 -2.530428276393465598e-02 1.557834799007342397e-01 1.139783693721595215e-01 -7.809438978801715170e-02 -1.661376894681523830e-01 -5.047439815468533764e-02 1.151134176443064511e-01 1.516760344998989429e-01 3.624563515062173558e-02 -1.024326982320027807e-01 -1.506811638212711413e-01 -6.425281138025185079e-02 9.882144435355430523e-02 1.690149801569528765e-01 1.726861737488973730e-02 -1.813491003654567890e-01 -7.459120109788257291e-02 2.501577527395907885e-01 -1.472261509692631420e-01 3.983217648455959770e-02
4.783033478600978022e-02 1.474309047368310005e-02 -2.158448467046229224e-01 -7.286973327975593273e-02 1.514192043293318135e-01 1.091531921996132110e-01 -1.331021149536394665e-01 -1.447145137795614600e-01 8.875364034952233638e-02 1.618143005161871706e-01 -5.039327839304721945e-02 -1.767398880717458154e-01 5.880278504092505652e-03 1.749395323702728766e-01 3.702637116897479486e-02 -1.676422134928352292e-01 -7.724470506139120840e-02 1.470170461447105614e-01 1.137892365742965983e-01 -1.203503589257954171e-01 -1.417970071925216680e-01 8.514969216954741682e-02 1.635189300915263766e-01 -4.589642718036272828e-02 -1.732880354918554244e-01 3.836466760366365539e-03 1.753625596948528986e-01 3.871150755580997360e-02 -1.647222490285217555e-01 -7.833726631835401244e-02 1.466936058397792231e-01 1.144978905274024600e-01 -1.175476132161845239e-01 -1.429880738304458998e-01 8.251467179299432075e-02 1.643320791953778448e-01 -3.908222774046165443e-02 -1.739803841773494286e-01 -8.448754215753591368e-03 1.715119278511590128e-01 6.093884871478079390e-02 -1.507030908977077255e-01 -1.125191520459728062e-01 1.073669136981380140e-01 1.554103828731142056e-01 -3.548376600764480832e-02 -1.707101061962116584e-01 -5.964890698124906965e-02 1.276391546324019133e-01 1.443170081843575259e-01 -1.423652680574226392e-02 -1.491147836111886837e-01 -1.191979823904273234e-01 2.106459091734893055e-02 1.404305334987006604e-01 1.263420242802494875e-01 -2.604278823254548708e-02 -1.725124796676766881e-01 -8.542032391920334478e-02 1.531969808106174724e-01 1.274659791641206685e-01 -2.460043610643519729e-01 1.257159277780251772e-01 -3.137069410736475356e-02
4.658950505845498719e-02 8.836162439413836750e-03 -2.196168646106609890e-01 -4.446309964386452318e-02 1.662313485441461458e-01 6.853078940128394525e-02 -1.671631916322435796e-01 -9.529955794564309857e-02 1.425211411051368060e-01 1.132294215201188892e-01 -1.289235470943813633e-01 -1.342447413648390486e-01 1.060107153044569095e-01 1.472605927639282497e-01 -8.563999350845252767e-02 -1.614553401440303737e-01 6.087912767167544259e-02 1.684289106904770239e-01 -3.674751768480727376e-02 -1.750975466519749113e-01 1.092994090810179252e-02 1.752501639544964962e-01 1.457450550164129770e-02 -1.741419979879267055e-01 -3.971776050101983452e-02 1.672973340723730162e-01 6.438131926006843142e-02 -1.586780955318569108e-01 -8.697808717647140253e-02 1.451886899588016866e-01 1.088938908694180585e-01 -1.296177312508976776e-01 -1.273864513931771414e-01 1.097976847338062029e-01 1.451352134738366773e-01 -8.714368650582914044e-02 -1.582120165580993554e-01 5.966908657942662786e-02 1.699300843513688597e-01 -2.703707882346541649e-02 -1.737133243195149446e-01 -1.302491908546987882e-02 1.712780048833302260e-01 6.104109428564565704e-02 -1.480504195020614089e-01 -1.142768857996612070e-01 1.015033638165541846e-01 1.582514249952526875e-01 -1.156824061328764162e-02 -1.603091043078040123e-01 -9.431014176751234546e-02 8.140137611220268909e-02 1.563313223969879928e-01 6.792597759482334185e-02 -8.738359468004509856e-02 -1.549336381036632571e-01 -5.299850789864875983e-02 1.437865823472064819e-01 1.413398802817519284e-01 -1.085192781419779401e-01 -1.717861373327231322e-01 2.345791807837861731e-01 -1.055901967870799818e-01 2.439272581995324124e-02
4.598382252683044097e-02 3.045072898344236469e-03 -2.215109716762675707e-01 -1.494550954485289289e-02 1.738023194895678136e-01 2.336036401151401348e-02 -1.850590236410643852e-01 -3.323686907708052474e-02 1.719182693596229550e-01 4.061618701111160273e-02 -1.740354269635964179e-01 -4.993287974604782020e-02 1.673034282698338815e-01 5.716333874481612648e-02 -1.666705819470153671e-01 -6.598132352112871801e-02 1.611261158229396195e-01 7.302546028885645302e-02 -1.590282167819223325e-01 -8.136461796534170954e-02 1.535052468799943948e-01 8.812332092038302478e-02 -1.503569794763175982e-01 -9.597002623325590065e-02 1.444843749743059957e-01 1.023634043015118206e-01 -1.404639246970382782e-01 -1.097241513862715345e-01 1.340408648126857893e-01 1.157804768483906427e-01 -1.291133569329260544e-01 -1.228455814457269091e-01 1.216613565429871952e-01 1.289645694561180611e-01 -1.151053392642974460e-01 -1.364637356907088539e-01 1.048031861077656918e-01 1.437821241768767744e-01 -9.370724196732652111e-02 -1.530329851885267323e-01 7.480008238023942713e-02 1.623645032025240187e-01 -5.064138927343783680e-02 -1.711248774359501457e-01 9.393351374351174496e-03 1.721766941818000385e-01 4.296814893228287358e-02 -1.518123601020569813e-01 -1.123323016732680757e-01 8.970592277792512059e-02 1.579620864957251847e-01 2.198846971000767078e-02 -1.337340728843075532e-01 -1.342060151663152512e-01 7.941493658905753733e-03 1.431273560931750899e-01 1.205886492902289164e-01 -8.885992008953333410e-02 -1.776423552326087951e-01 5.267126624383609845e-02 2.055137802882966713e-01 -2.176717701947700201e-01 8.728526800254927942e-02 -1.872945201497205545e-02
4.600501886344041808e-02 -2.706038157486799229e-03 -2.215109716762674041e-01 1.494550954486045108e-02 1.738023194895672308e-01 -2.336036401152240261e-02 -1.850590236410637468e-01 3.323686907708438276e-02 1.719182693596225664e-01 -4.061618701111453095e-02 -1.740354269636069096e-01 4.993287974497423454e-02 1.673034282752573210e-01 -5.716333866502993494e-02 -1.666705820797305115e-01 6.598132140524533285e-02 1.611261208287910474e-01 -7.302542474874063050e-02 -1.590282655552703595e-01 8.136430404235306391e-02 1.535057909444537405e-01 -8.812107888890993723e-02 -1.503599133877725202e-01 9.595932981086131852e-02 1.445010512986569517e-01 -1.023181684771826416e-01 -1.405248409061223280e-01 1.095770191522482395e-01 1.342697988400891052e-01 -1.153385567899518072e-01 -1.297540321230434002e-01 1.217344211294508066e-01 1.234917158281308991e-01 -1.263322719388736415e-01 -1.193420012652338658e-01 1.309611988162970586e-01 1.147761843292336714e-01 -1.328407275880046368e-01 -1.137439846433301593e-01 1.331992690371570365e-01 1.155021736169974111e-01 -1.281374220179195000e-01 -1.233974792584784791e-01 1.165879642681914852e-01 1.381965992495748918e-01 -9.111919778321560248e-02 -1.567485794135431154e-01 4.437838618011796105e-02 1.698624968775410415e-01 2.969959504423055549e-02 -1.462234826561095435e-01 -1.167323446849210383e-01 6.037507446174915360e-02 1.558209620946214014e-01 7.421153591653388559e-02 -9.467588452095368479e-02 -1.622976693366060819e-01 1.806141949726132803e-02 1.902296773960724385e-01 8.427023348802712907e-03 -2.277899604054658689e-01 1.970701073073938547e-01 -7.104931137201760116e-02 1.420333122274712416e-02
4.665337172383290931e-02 -8.492505816622582943e-03 -2.196168646106604616e-01 4.446309964387166330e-02 1.662313485441427874e-01 -6.853078940129181396e-02 -1.671631916322411648e-01 9.529955794564658189e-02 1.425211411051365562e-01 -1.132294215201207765e-01 -1.289235470944093409e-01 1.342447413641546239e-01 1.060107153184633305e-01 -1.472605927211382837e-01 -8.563999383607616422e-02 1.614553393066207321e-01 6.087913932309168413e-02 -1.684289011006070425e-01 -3.674762450046461376e-02 1.750975128114785895e-01 1.093104385099949623e-02 -1.752502594798556745e-01 1.456902661789784108e-02 1.741443674211912984e-01 -3.968960300856055889e-02 -1.673150232789771541e-01 6.428922449624466240e-02 1.587636201871840402e-01 -8.667525763608294187e-02 -1.455258032687415382e-01 1.081658696058809266e-01 1.306822136253456834e-01 -1.256589453821262969e-01 -1.128091732649958989e-01 1.419362056003570238e-01 9.450188251863551880e-02 -1.525674210295470679e-01 -7.630287398947366295e-02 1.622649178403429149e-01 6.084056025201700635e-02 -1.654098299648611714e-01 -5.121415901949728094e-02 1.688298440050127747e-01 5.044575774074656210e-02 -1.643609168333333148e-01 -6.391323992044829760e-02 1.563979502606407113e-01 9.316959245308789606e-02 -1.266070487892049512e-01 -1.343159974670165291e-01 6.477456928820647664e-02 1.628008761744448585e-01 3.600216113857766104e-02 -1.261474318168757658e-01 -1.353612021854758152e-01 2.240637488543509651e-02 1.698824892648475304e-01 5.618227268730951324e-02 -1.784945015593472906e-01 -6.905416176526492367e-02 2.388021188578617060e-01 -1.744268446943546269e-01 5.697268894431392616e-02 -1.063943690504595176e-02
4.793770838387390737e-02 -1.439012707934311623e-02 -2.158448467046216179e-01 7.286973327976303816e-02 1.514192043293269008e-01 -1.091531921996198584e-01 -1.331021149536353032e-01 1.447145137795644021e-01 8.875364034952142045e-02 -1.618143005161876424e-01 -5.039327839308450213e-02 1.767398880716967713e-01 5.880278520838019482e-03 -1.749395323841461125e-01 3.702637082022695869e-02 1.676422144354046684e-01 -7.724469458667215793e-02 -1.470170693585362565e-01 1.137891580166943278e-01 1.203506339442016598e-01 -1.417964156682284260e-01 -8.515201179881322358e-02 1.635170926580943596e-01 4.590889717789596591e-02 -1.732852132410676316e-01 -3.892122805642349737e-03 1.753758575820056065e-01 -3.852976088368734869e-02 -1.648515815063799073e-01 7.781926181434999090e-02 1.472294162753426672e-01 -1.133518654229034167e-01 -1.194592025456385209e-01 1.408132665333415856e-01 8.749729050725059409e-02 -1.613594636565264806e-01 -5.142097659017842715e-02 1.717859210745304177e-01 1.615592608361493890e-02 -1.756459464828973305e-01 1.393036030512482225e-02 1.730530596755405770e-01 -3.789330277064501679e-02 -1.695962972240383504e-01 4.569967779832628113e-02 1.683675573277685356e-01 -4.182106011476979107e-02 -1.702488366961608102e-01 7.964549191027943051e-03 1.687488596617672254e-01 4.790844869449764620e-02 -1.411127808860255517e-01 -1.197669576980445044e-01 5.541063669327360441e-02 1.585452803062769311e-01 5.553734636202122682e-02 -1.425811612368228509e-01 -1.216787239251403835e-01 1.449733435847210816e-01 1.242960300773415516e-01 -2.395695497707848454e-01 1.511675444033549198e-01 -4.502174478042936939e-02 7.873457543881592913e-03
4.987552592831443615e-02 -2.047615372270729719e-02 -2.102271719170106246e-01 9.945564137466851584e-02 1.300111159411351247e-01 -1.425316804248236424e-01 -8.616961464832130491e-02 1.749236036474909606e-01 1.980972955833546975e-02 -1.760606525845192505e-01 4.119947741645420963e-02 1.641812469145526310e-01 -9.640443704621054488e-02 -1.284680796674667336e-01 1.416915466989694949e-01 8.112051512440865420e-02 -1.673096056591036607e-01 -2.364028833187728149e-02 1.768306994970170187e-01 -3.645180024823083120e-02 -1.628242040419265180e-01 9.105896941400289102e-02 1.331010557109794656e-01 -1.367445113396799361e-01 -8.598024399573232779e-02 1.648450903511590737e-01 3.077771266478504519e-02 -1.760088173933912481e-01 2.852079054274973824e-02 1.655964037317829429e-01 -8.439847022319871273e-02 -1.379762037436623179e-01 1.295351944148942780e-01 9.478110510607887229e-02 -1.616377408756506928e-01 -4.272910544193097432e-02 1.740498206229916245e-01 -1.112422020611665563e-02 -1.721732587637388179e-01 6.109841746130442730e-02 1.548002946207386876e-01 -9.955784573635259593e-02 -1.330228965664600194e-01 1.262936638792931943e-01 1.137364007788464193e-01 -1.382223607691568101e-01 -1.039642890947735931e-01 1.361298888133300466e-01 1.163612345631907657e-01 -1.147934930931917841e-01 -1.391866705714350505e-01 6.087817825911165381e-02 1.606538190601775051e-01 3.334595020183008657e-02 -1.379477261591177673e-01 -1.204628582952086135e-01 8.669769062799809189e-02 1.684767004303819038e-01 -9.459367238685871537e-02 -1.704477962228814758e-01 2.316887467006889523e-01 -1.284396088744393372e-01 3.507247303530196259e-02 -5.756773922765996178e-03
5.249322962737595216e-02 -2.683030420500953639e-02 -2.028118761416122240e-01 1.235565475586875434e-01 1.029396371893207540e-01 -1.664511020285651399e-01 -3.090422185459636845e-02 1.819176116400821608e-01 -5.252154176574969080e-02 -1.529452669053067704e-01 1.221128795546639195e-01 1.004807857777010871e-01 -1.633707520938631197e-01 -2.754376323278597341e-02 1.774702445154903441e-01 -5.026200487997168481e-02 -1.532803843111274211e-01 1.161324180689430330e-01 1.039028282966648065e-01 -1.623436569777644001e-01 -3.262181033873609581e-02 1.751836865487843564e-01 -4.331541800108030388e-02 -1.573091409174668942e-01 1.109311402194000373e-01 1.085347649390762947e-01 -1.586933674228737379e-01 -4.023530879795812060e-02 1.749177121208770336e-01 -3.512587721536093027e-02 -1.608654982297355041e-01 1.045053587329046879e-01 1.152921585793457437e-01 -1.529964273954970144e-01 -5.119353909636460004e-02 1.751609639283581432e-01 -2.096262556245578196e-02 -1.662509377394026377e-01 8.761204461198894566e-02 1.334387353208955351e-01 -1.354781589356992555e-01 -8.657292669640502536e-02 1.656579712583813591e-01 3.833240360344881276e-02 -1.739825845160418438e-01 -2.806387556876834607e-03 1.753246726032157976e-01 -1.280911776376135285e-02 -1.735880448144813126e-01 4.187692019042606596e-04 1.669015941543069426e-01 4.494279325252575202e-02 -1.444171256376086954e-01 -1.121289291385013098e-01 7.987003103341953902e-02 1.576149488021885148e-01 -1.376970066849852320e-02 -1.902325448501789862e-01 3.370040024467883810e-02 2.051970088401538772e-01 -2.170759117985318065e-01 1.070966951289548247e-01 -2.694144605255938130e-02 4.159127618672874525e-03
5.582649274901746450e-02 -3.353580786435805816e-02 -1.936623664594178673e-01 1.445702658010072916e-01 7.138402379199901282e-02 -1.793240527101163384e-01 2.734971346892135433e-02 1.647683241555193967e-01 -1.158719031192871757e-01 -9.737344721906290856e-02 1.713732921317034918e-01 5.480950600037191867e-03 -1.704851160027477663e-01 8.505533490377603645e-02 1.269678592942063144e-01 -1.538489077320040754e-01 -4.388551674816923431e-02 1.753604907118954670e-01 -4.891844875543555765e-02 -1.505705063879355377e-01 1.278795534112882604e-01 8.214828276840725751e-02 -1.722186966061072244e-01 8.591394093588817713e-03 1.664299415253806258e-01 -9.594872369866511153e-02 -1.168017826034038059e-01 1.580061018427817154e-01 3.318488004191615104e-02 -1.746589956843990765e-01 5.843165246727874407e-02 1.446983104681079102e-01 -1.332849082125852069e-01 -7.517186239410011961e-02 1.731950959912317844e-01 -1.353889735288235120e-02 -1.654331422428484133e-01 9.587602191310738708e-02 1.195175845867392783e-01 -1.540144584575415532e-01 -4.866379065108742547e-02 1.754112391190006670e-01 -2.569834296163225895e-02 -1.668795766326847674e-01 8.193182146167700408e-02 1.424140326814635482e-01 -1.204274545003419933e-01 -1.197694538268530701e-01 1.302412706409054599e-01 1.153390965970410853e-01 -1.184546621097586905e-01 -1.336201719250079967e-01 7.724178792398560256e-02 1.569103769829200967e-01 -3.247622245961253673e-04 -1.593136970914763861e-01 -6.212100295476780110e-02 1.847921472653477060e-01 3.095191313486809342e-02 -2.276087925488854413e-01 1.977355252184999912e-01 -8.771106535957792771e-02 2.041233867269427391e-02 -2.969422960278447678e-03
5.992074270996714663e-02 -4.068049508886072835e-02 -1.828568789541974993e-01 1.619717466497797298e-01 3.671886403370919205e-02 -1.802962234642874473e-01 8.295883921709755471e-02 1.257517182761184737e-01 -1.594087728074120858e-01 -2.113805992036519796e-02 1.762118792085099195e-01 -9.122617937637550467e-02 -1.151411346928609275e-01 1.616026249046009777e-01 1.473724215579610627e-02 -1.723551347118316146e-01 9.281337095960137673e-02 1.129657913701897914e-01 -1.641251461952505097e-01 -1.111579764978314414e-02 1.696071436271891775e-01 -9.396224413517124952e-02 -1.122129151862141239e-01 1.643084226334423636e-01 9.766735745604170765e-03 -1.694427557920584193e-01 9.537934391120901634e-02 1.109445003862557372e-01 -1.632158742830610576e-01 -9.903115951572472389e-03 1.703080714966717368e-01 -9.523197444198397421e-02 -1.109941316024184305e-01 1.626742040534356615e-01 1.225574704441786088e-02 -1.708890441143388061e-01 8.985958838031357643e-02 1.174847432787389234e-01 -1.598233542496953208e-01 -2.643868356906834555e-02 1.739938793000582185e-01 -6.657990067801250467e-02 -1.414573632098583278e-01 1.362733140522010833e-01 8.226673530741096529e-02 -1.693538259597675566e-01 -2.162417629822120310e-02 1.758278578103147916e-01 -1.113333760565592828e-02 -1.730993279651720784e-01 1.586643233287129279e-02 1.699655758429961250e-01 1.722423167386987614e-02 -1.547289102553715545e-01 -7.976825026314669775e-02 1.261464068844097008e-01 1.272333763071812618e-01 -1.540133855322003420e-01 -9.308573078431009451e-02 2.379567618251600958e-01 -1.755737890758610475e-01 7.060545182987218449e-02 -1.525723351737369102e-02 2.095179694118807535e-03
6.483178019080515497e-02 -4.835794773785904999e-02 -1.704878097274894477e-01 1.753261961349113496e-01 4.542005773986889012e-04 -1.693030965087606865e-01 1.305455652948015188e-01 7.004590422314609099e-02 -1.756875729688657239e-01 5.958302386782728804e-02 1.353744262682227695e-01 -1.595167092186283719e-01 -1.761444026299265053e-02 1.696525439401475044e-01 -1.046582110878545580e-01 -9.554647402028738912e-02 1.717670547225412792e-01 -2.777730178633231947e-02 -1.531320392144334963e-01 1.377649501111214425e-01 5.380459362686556418e-02 -1.750504673626500363e-01 7.088084399033794947e-02 1.252638855872974244e-01 -1.593474024349796903e-01 -1.161169074926177505e-02 1.685052674555183594e-01 -1.083606663073662518e-01 -9.076265150236799417e-02 1.721122579370373551e-01 -3.094283863364172965e-02 -1.508217328200850138e-01 1.369029062299224053e-01 5.430066802468181547e-02 -1.760018529105548402e-01 6.849689030467084883e-02 1.281035537216264619e-01 -1.558858430221677083e-01 -2.315459322983262971e-02 1.726588837853470781e-01 -8.813557216106049363e-02 -1.175577343008811643e-01 1.619436711725477929e-01 2.465338259917508601e-02 -1.753597768486831188e-01 6.184511458118278210e-02 1.491753150553825069e-01 -1.190347399153797725e-01 -1.154723991798145277e-01 1.433470586623901144e-01 9.487132437232395632e-02 -1.399333667867674602e-01 -1.066693654712194683e-01 1.069580872135344751e-01 1.402606240657210401e-01 -6.616479171313503771e-02 -1.706452130455549110e-01 1.029861422874178978e-01 1.475610711706229761e-01 -2.374543069790613636e-01 1.522657975414116460e-01 -5.589630925101257003e-02 1.125257593211721752e-02 -1.461093661795650079e-03
7.062653965291228186e-02 -5.666872488262011953e-02 -1.566609248334090432e-01 1.842999395444336330e-01 -3.583024822691482925e-02 -1.470742269848248907e-01 1.655080947240688272e-01 5.043909622411624043e-03 -1.619247135991755959e-01 1.276600257485827894e-01 5.944644629143679831e-02 -1.781184044349792828e-01 8.636542038245072217e-02 1.057930292983399884e-01 -1.731717611414883284e-01 3.410077172966471254e-02 1.438533384445183916e-01 -1.492552097632003083e-01 -2.439199249778034248e-02 1.698230690325101266e-01 -1.119713729624326470e-01 -7.911327579421247036e-02 1.762244895262157496e-01 -6.226135272241287155e-02 -1.253284569694086970e-01 1.620724887404396408e-01 -4.038089621754253900e-03 -1.594376778362547042e-01 1.312027023307924534e-01 5.427458996769356225e-02 -1.753123898676278436e-01 8.557039877024610885e-02 1.065689807245886467e-01 -1.696795442511679630e-01 2.734979056556141597e-02 1.489318583654470063e-01 -1.432941630163103441e-01 -3.800827453282605572e-02 1.739741839801385304e-01 -9.384516970647455159e-02 -1.049262432274984114e-01 1.696839961210747649e-01 -1.415443561481032064e-02 -1.626886792940806237e-01 1.159701491281911190e-01 9.532862794458342448e-02 -1.709349399400151848e-01 -1.454023457210627639e-02 1.772816785719246446e-01 -4.088200851514237066e-02 -1.647277541451636906e-01 5.540129534863879462e-02 1.613247101430645980e-01 -2.809999084318521093e-02 -1.667553307466403123e-01 -7.481268069041044702e-03 1.858999933971189067e-01 -3.888395919469459644e-02 -1.907616692577158435e-01 2.279414297547105450e-01 -1.291767715545204531e-01 4.354143396510981590e-02 -8.190143288893622989e-03 1.007084095786758187e-03
7.738400162258687875e-02 -6.572167992125856062e-02 -1.414944558889946469e-01 1.886687586317764564e-01 -7.055390216330056918e-02 -1.150848262779067543e-01 1.844654329391710312e-01 -6.062749020674495365e-02 -1.204735719371102520e-01 1.686463612433688475e-01 -3.189070060348225821e-02 -1.412369092999568032e-01 1.587047403893543374e-01 -2.908234528899945968e-03 -1.574940308840796499e-01 1.448897964989837028e-01 2.643915114261854993e-02 -1.672158873882794439e-01 1.231036507120906592e-01 5.787374261642642265e-02 -1.737489889906622675e-01 9.682979602756473791e-02 8.826501739150917347e-02 -1.759857920034526291e-01 6.845736976416288977e-02 1.144937667055447722e-01 -1.706954467614599791e-01 3.701430367159350837e-02 1.370476013517817615e-01 -1.581265505678652594e-01 2.648686503138320426e-03 1.563221964179901113e-01 -1.403840498298261352e-01 -3.250937324777151277e-02 1.698934415108711571e-01 -1.164492133978056732e-01 -6.844681551125698926e-02 1.754060795584600485e-01 -8.195597722020769860e-02 -1.074740374069876464e-01 1.709660670890103262e-01 -3.090437018484259307e-02 -1.487829532217091189e-01 1.462435638761345469e-01 4.463298013750274101e-02 -1.780529089311270741e-01 7.099636460794848947e-02 1.399179135189943801e-01 -1.390320269025591693e-01 -8.323748375118254772e-02 1.631774922661935190e-01 5.120328574577667768e-02 -1.636415320023151543e-01 -5.912759101030813647e-02 1.536950155289161235e-01 7.974049732658194944e-02 -1.716338370995613705e-01 -3.030042750711158320e-02 2.207104483609406143e-01 -2.115748446438883434e-01 1.073313969878822161e-01 -3.338648480012131048e-02 5.883706153344579921e-03 -6.861216512248849301e-04
8.519626917642954267e-02 -7.563538631928215517e-02 -1.251180890934025236e-01 1.883234939402184116e-01 -1.022041705146534002e-01 -7.545786011440112906e-02 1.855843413692067345e-01 -1.182526794634165129e-01 -5.842207721947204058e-02 1.738443418254773110e-01 -1.149614302541131644e-01 -6.036066613095168037e-02 1.729015333799727994e-01 -1.103768053893337681e-01 -6.524709549201038183e-02 1.755526637539272239e-01 -1.074245432772578529e-01 -6.920255205895212147e-02 1.759419123922801587e-01 -1.031516659969048538e-01 -7.414953956014108671e-02 1.748506496177242020e-01 -9.651366943115440022e-02 -8.110684410787986909e-02 1.749753065761030513e-01 -8.939371242321726696e-02 -8.849067139925440029e-02 1.760038249124915299e-01 -8.286221700078931496e-02 -9.503971732999218214e-02 1.757494276853669435e-01 -7.556076212520779212e-02 -1.020208842017540640e-01 1.738890698379036981e-01 -6.561478290620553766e-02 -1.115138081132926451e-01 1.719193809076392243e-01 -5.156504927036966585e-02 -1.245974294299504320e-01 1.689633616080996326e-01 -2.967794850378952659e-02 -1.429497820893322613e-01 1.578445825443646755e-01 9.429400152431965595e-03 -1.672022567672478699e-01 1.208378464199297841e-01 8.012142588799452125e-02 -1.774747443916615819e-01 2.199446077276324962e-02 1.675391363213148965e-01 -9.096011806943958555e-02 -1.397862811144295336e-01 1.133792622328996386e-01 1.306355947475809076e-01 -1.050081293257961734e-01 -1.368751629799915548e-01 1.312252726417994786e-01 9.691484982416419258e-02 -2.369573671435875606e-01 1.905567818600241159e-01 -8.742145589117483739e-02 2.520663154970936154e-02 -4.172212070890483383e-03 4.620504047727099070e-04
9.416982330034223692e-02 -8.653969064975260139e-02 -1.076718563006827806e-01 1.832727722646450563e-01 -1.294023417493505024e-01 -3.082315866139618415e-02 1.687566177935920786e-01 -1.601838995902657159e-01 1.361928828567253620e-02 1.421509067912547497e-01 -1.682329039618701838e-01 3.931768981975635596e-02 1.237547107288639314e-01 -1.710607340503613460e-01 5.872115792039547116e-02 1.091323634232213707e-01 -1.744524778589547631e-01 7.680680734856071279e-02 9.349416987045057470e-02 -1.767059969902086969e-01 9.431959520183531842e-02 7.604814544829244238e-02 -1.754252083675018337e-01 1.099116728234699331e-01 5.843760323192177114e-02 -1.712403585008843432e-01 1.227286657750144561e-01 4.174569689909370801e-02 -1.662804758001348859e-01 1.336323470486026066e-01 2.571359507544900003e-02 -1.611780278820131584e-01 1.437232709689952592e-01 1.015689131875582678e-02 -1.551582378179834076e-01 1.524025651551949301e-01 -3.229920624738532881e-03 -1.491766225491369946e-01 1.574016955920796157e-01 -1.032337665058813241e-02 -1.478536288604844207e-01 1.564691184595667639e-01 -3.318926130891345760e-03 -1.567403577737140341e-01 1.453471240256808128e-01 3.176939959403101560e-02 -1.756594364993922519e-01 1.031981473230135504e-01 1.085170151962343565e-01 -1.704833544549113900e-01 -2.101278351266981648e-02 1.776989881357513290e-01 -2.684008912649698056e-02 -1.676114828147949321e-01 3.245123680922448045e-02 1.690045485117442625e-01 -7.168938389887570539e-02 -1.545459907025471813e-01 2.403060010185142092e-01 -1.669239310660242670e-01 6.984036414809841053e-02 -1.874114581676433397e-02 2.920350402106601864e-03 -3.075457606873487201e-04
1.044269742327251921e-01 -9.857741327422753219e-02 -8.930493762842073302e-02 1.736427911021674320e-01 -1.509636413212803452e-01 1.585711126026765477e-02 1.356095598618833331e-01 -1.808562257396481299e-01 8.333182645931809518e-02 8.029170318724372646e-02 -1.778965750171091209e-01 1.267487382821580189e-01 2.926953464005872807e-02 -1.592383493708483810e-01 1.541408221564185554e-01 -1.763971572503847049e-02 -1.329422367830441210e-01 1.695461473189263657e-01 -6.084350919451245177e-02 -1.004162619573515658e-01 1.751852461249808757e-01 -9.966053114576191307e-02 -6.191032838444217312e-02 1.706473662323114704e-01 -1.325958077019931125e-01 -1.930730003548510390e-02 1.550184495454289269e-01 -1.573255161162268601e-01 2.420981959745036396e-02 1.294898815087418831e-01 -1.716091237131241731e-01 6.524446866452331129e-02 9.735434380587358605e-02 -1.752255468389600224e-01 1.005912788976698335e-01 6.247529659580719485e-02 -1.706662653342239377e-01 1.278615128029365888e-01 2.946478697334691324e-02 -1.619863171421984382e-01 1.464553362963900707e-01 5.778710415350256195e-03 -1.550937259962004156e-01 1.558508042348794309e-01 2.405541903620168898e-03 -1.603347771940483724e-01 1.480158593486226581e-01 3.658897639724794509e-02 -1.799311680742532171e-01 9.037713747074521686e-02 1.254704471569319801e-01 -1.513741162668550688e-01 -6.900849918825538443e-02 1.611532883660276028e-01 4.766795932490303089e-02 -1.715462806859936740e-01 2.137800722672025117e-03 1.985766142248991395e-01 -2.324526003070394586e-01 1.424047869791772447e-01 -5.473347970999171280e-02 1.372008251174902660e-02 -2.017295761010146939e-03 2.022915805982756522e-04
1.161075285739211344e-01 -1.119062189392363432e-01 -7.017438584094332077e-02 1.596741654773317087e-01 -1.659488414164288217e-01 6.148502937223050691e-02 8.934859992026418507e-02 -1.775261188230435327e-01 1.387950565214402521e-01 1.393839815995177259e-03 -1.414475145364087749e-01 1.746980476440395114e-01 -7.593872826045307278e-02 -7.992072260917404414e-02 1.746215178214869101e-01 -1.346567764487306695e-01 -8.720027045512933686e-03 1.446953027485131660e-01 -1.683971397075827159e-01 6.102498039464191587e-02 9.333984111702314790e-02 -1.745843065772265668e-01 1.195149453899009978e-01 2.910740259304365682e-02 -1.545984626631065617e-01 1.589849696934118872e-01 -3.869925499403880503e-02 -1.121477142433112556e-01 1.748241387607036013e-01 -1.002581806208477644e-01 -5.340543504102893829e-02 1.653702177671793616e-01 -1.469156021333754003e-01 1.238674960019052994e-02 1.325254851961499558e-01 -1.725903450578745724e-01 7.447188871427701251e-02 8.388413982708564642e-02 -1.753852691887409776e-01 1.235363994000188842e-01 3.240660627437878805e-02 -1.618724787716278313e-01 1.534884949808770771e-01 -7.232066808669442709e-03 -1.487333151094726857e-01 1.641513954555434696e-01 -1.612847265965450597e-02 -1.546600086864859946e-01 1.525949909177636010e-01 3.441214948248373651e-02 -1.789034095117355838e-01 7.049680364776206298e-02 1.452511498118121414e-01 -1.138587209212606338e-01 -1.184156106852463364e-01 1.454338367474000970e-01 6.785657957425884901e-02 -2.263951904594973530e-01 2.156057281156267824e-01 -1.183430051017307083e-01 4.205455524307123716e-02 -9.883204813466909752e-03 1.374312893908341375e-03 -1.314147040502530468e-04
1.293706948850371352e-01 -1.267006817883965242e-01 -5.044378341470891203e-02 1.417159159272372293e-01 -1.737051744833338629e-01 1.030325143670015320e-01 3.444732888796411124e-02 -1.506355358040100678e-01 1.705250551309216434e-01 -7.779980956367080203e-02 -6.833371633596246886e-02 1.682295944945476351e-01 -1.533263378609858729e-01 3.327234019759137823e-02 1.102061019077611864e-01 -1.772066880566522951e-01 1.209274760457224318e-01 1.948978951177909869e-02 -1.464661249340696303e-01 1.707179495742665032e-01 -7.519909149923947878e-02 -7.295405847647119801e-02 1.698426118755358982e-01 -1.469349998431366822e-01 2.047877220113192981e-02 1.202289554420785112e-01 -1.759969459997116070e-01 1.071429949960703981e-01 3.745637680768031108e-02 -1.553365444098712689e-01 1.630005321530832996e-01 -5.466402488992889996e-02 -9.257418565412821321e-02 1.736595863556105457e-01 -1.304917726471976069e-01 -6.881803735398484868e-03 1.396584255916798190e-01 -1.708566705128208851e-01 7.673335104536267715e-02 7.582524022384101725e-02 -1.723107896628754410e-01 1.366426520268779199e-01 6.789279650803570383e-03 -1.487795536917209671e-01 1.674319079145877298e-01 -3.983966859572537350e-02 -1.280460373684830788e-01 1.774361914491243974e-01 -4.119998592352793615e-02 -1.443893178180919445e-01 1.593597514352481925e-01 3.627486105238524050e-02 -1.796811572512195809e-01 3.829996334526566265e-02 1.658322591360613107e-01 -9.626693654264746602e-02 -1.297015313317647911e-01 2.373079165806589730e-01 -1.921402615660867119e-01 9.567708047275384764e-02 -3.162090799899409249e-02 6.991971113412485603e-03 -9.217663693322584312e-04 8.418257795953622898e-05
1.443972537501016506e-01 -1.431545718364886921e-01 -3.028184376910962941e-02 1.202167478629728448e-01 -1.738947683206062411e-01 1.377422814967383113e-01 -2.378511507934087318e-02 -1.037532751376743639e-01 1.730961578594727435e-01 -1.404836026008962901e-01 2.249292606033369973e-02 1.093582768365490981e-01 -1.745418336384987612e-01 1.323624895734219487e-01 -7.788446988384272081e-03 -1.217587326580305274e-01 1.753381709324107196e-01 -1.192330349710371551e-01 -1.191375264015376648e-02 1.356446281838371293e-01 -1.738935518625962795e-01 1.024533691262139723e-01 3.386745146676140017e-02 -1.488091397104273350e-01 1.694503621756915379e-01 -8.266582400478682258e-02 -5.670207564735620098e-02 1.600940319741355478e-01 -1.616158866976287467e-01 6.022225709994424164e-02 7.970609550901408547e-02 -1.688824724559412627e-01 1.499562070787370249e-01 -3.474663438696811574e-02 -1.031303816684068508e-01 1.748727754968811277e-01 -1.328422317689582632e-01 3.505153349675319083e-03 1.290430225277559018e-01 -1.767339875349134559e-01 1.038275670528521072e-01 4.186668689073637373e-02 -1.604884509772153134e-01 1.646819615892018418e-01 -4.207716696200817369e-02 -1.161820678442057608e-01 1.839194303593515156e-01 -9.047233035414102564e-02 -9.378370242154349112e-02 1.874050140551656585e-01 -7.478292911795533793e-02 -1.319589239446579687e-01 1.628396202328078468e-01 4.684717789659419152e-02 -1.814675814362218531e-01 3.274251930200891558e-02 1.768380272506482609e-01 -2.322371626855680160e-01 1.643211487363482881e-01 -7.496280136431043850e-02 2.316228130213773828e-02 -4.835764463279618001e-03 6.059361837238260362e-04 -5.294823638552893737e-05
1.613920218803527318e-01 -1.614833928522829420e-01 -9.860968623346703585e-03 9.571384020152907957e-02 -1.665093640658915075e-01 1.633108288402051467e-01 -7.971745816317847566e-02 -4.310134172889276000e-02 1.460687195376279834e-01 -1.733554448066588760e-01 1.074891568212288234e-01 1.642228119386211424e-02 -1.318127789699901631e-01 1.753490790248829478e-01 -1.219964701927109818e-01 1.023566756474068341e-03 1.206596430932946051e-01 -1.752607656478980813e-01 1.317993945766789132e-01 -1.445333256030429010e-02 -1.110766715693071033e-01 1.742515371269462432e-01 -1.392574701711843110e-01 2.570669491183939434e-02 1.024092773929370787e-01 -1.727044464547550229e-01 1.452618970801146936e-01 -3.550498123089345509e-02 -9.446368808738769829e-02 1.708631394925881064e-01 -1.501488843640804149e-01 4.386286798322505676e-02 8.768555735348734781e-02 -1.692105259503239034e-01 1.537818381128851219e-01 -4.949839615143350469e-02 -8.422314609298298116e-02 1.691610639047441411e-01 -1.550151653144740127e-01 4.776721377891474107e-02 9.040661666064533919e-02 -1.737850611071157514e-01 1.489693557638214483e-01 -2.512186424941477425e-02 -1.199508288217464580e-01 1.827831502519362272e-01 -1.122641229298214915e-01 -5.300440183169674579e-02 1.793211361166555384e-01 -1.429980860890819327e-01 -4.096567659116738536e-02 1.841539827033604193e-01 -9.995008057740251139e-02 -1.217489774477004821e-01 1.634698467980035264e-01 3.520680101064293382e-02 -2.053141633586831605e-01 2.133015858531700781e-01 -1.341138241335720349e-01 5.642403544402513349e-02 -1.636061718751571220e-02 3.233664159098256514e-03 -3.859100367174489021e-04 3.231419621550626149e-05
1.753817613076452397e-01 -1.767193756416348127e-01 1.096224180176580236e-02 6.573265807813125083e-02 -1.465007594556520243e-01 1.727745444829276167e-01 -1.253699710569592396e-01 2.466082541278486612e-02 8.935358428340155201e-02 -1.638489177975933908e-01 1.611565078330856327e-01 -8.215880871524508522e-02 -3.654229066668056303e-02 1.383566876800546852e-01 -1.729588337293277711e-01 1.232068089962415347e-01 -1.298032296327876998e-02 -1.040827401870317442e-01 1.699182684738782256e-01 -1.518289678305856372e-01 5.848981909537337431e-02 6.421259224513546637e-02 -1.551378460738319920e-01 1.689224014174152688e-01 -9.848461349262409292e-02 -2.139443545973926386e-02 1.307586208930836269e-01 -1.748386985336095878e-01 1.313458633336842540e-01 -2.169528249844029227e-02 -9.908908548470833633e-02 1.702866807570421193e-01 -1.556682656064979908e-01 6.200638890965980837e-02 6.349843476992814151e-02 -1.573730862344750181e-01 1.708182897911631470e-01 -9.559124014890400811e-02 -3.015008375564932550e-02 1.419575834623129917e-01 -1.784794842381611235e-01 1.168880531865883060e-01 1.138223868615826674e-02 -1.377995354167044495e-01 1.835837770979180106e-01 -1.139639639791295567e-01 -3.412717965897046207e-02 1.668638996973919320e-01 -1.750137848528988127e-01 3.605034335224314990e-02 1.434917207812930473e-01 -1.816146523617358510e-01 1.184541399130334058e-02 1.740033917794830409e-01 -1.215020776790968621e-01 -9.930155897810939714e-02 2.205101545272825092e-01 -1.902445281996328064e-01 1.074075816153048785e-01 -4.183837489215740807e-02 1.140745645648430333e-02 -2.137291096295803293e-03 2.431584855405263964e-04 -1.952285505440082923e-05
1.861059885160253613e-01 -1.885707128776368813e-01 3.133818413526592156e-02 3.198920352571413273e-02 -1.153858218819809878e-01 1.652001679132044376e-01 -1.548556110587336332e-01 8.835480753521268715e-02 1.447780424208613970e-02 -1.142879815277144523e-01 1.678530479837619660e-01 -1.524981327857654334e-01 7.329419309593565579e-02 3.825802324460093190e-02 -1.342555248251106337e-01 1.732814882408022228e-01 -1.381257757057689495e-01 4.263942480862290690e-02 7.190300947260466757e-02 -1.555594142222190279e-01 1.718450183323279312e-01 -1.128342942878472754e-01 4.157951220932247331e-03 1.064593765973562561e-01 -1.706559026620577124e-01 1.598140707071666056e-01 -7.860051862909374354e-02 -3.709270069989292762e-02 1.365580281450282096e-01 -1.757594540488460200e-01 1.373665248240162895e-01 -3.846783478867638051e-02 -7.758061419459562347e-02 1.592436175271045307e-01 -1.701899963003345451e-01 1.053564926753653846e-01 7.341631976229100534e-03 -1.171994983541128771e-01 1.743966147696857927e-01 -1.518399231503716751e-01 5.662050272178624499e-02 6.719100016113091489e-02 -1.607779192722213757e-01 1.758886287958864036e-01 -9.614167635128677281e-02 -3.967416198461127391e-02 1.591297683939156826e-01 -1.851550523575649365e-01 8.272627808225720136e-02 8.796098276047988052e-02 -1.961804384816315805e-01 1.253449296778285371e-01 8.068874128616790320e-02 -1.949178945530142815e-01 6.240571518811892371e-02 1.538984400552513843e-01 -2.234579509104684669e-01 1.651641191606112724e-01 -8.445301929153783971e-02 3.056684715392628607e-02 -7.851790680997975877e-03 1.396261421543485001e-03 -1.515717056299181330e-04 1.167552745482602073e-05
1.933650222214867986e-01 -1.968104220043035146e-01 5.043550389628147224e-02 -3.585184111867842187e-03 -7.552339820760764488e-02 1.413346432299649735e-01 -1.643721072576189157e-01 1.374732960001130988e-01 -6.334051316072576709e-02 -3.678827308139445695e-02 1.256269980676195386e-01 -1.704168263200471489e-01 1.539151333246410458e-01 -7.929061996224057163e-02 -2.595119206231297215e-02 1.219406757801462932e-01 -1.728796974136898590e-01 1.584135326009610267e-01 -8.371908675163922120e-02 -2.236099652296080417e-02 1.200495485467122647e-01 -1.721349643134126028e-01 1.587587934535975298e-01 -8.562799439842165572e-02 -1.977377573190005136e-02 1.176879450227971413e-01 -1.708306060270541604e-01 1.594386670218434499e-01 -8.758568140938288726e-02 -1.793499752522911828e-02 1.168203100965060359e-01 -1.715174490698247456e-01 1.607262579193110830e-01 -8.767438874028922469e-02 -1.960870934926155218e-02 1.200300150998906967e-01 -1.741945537645820941e-01 1.594725971091411620e-01 -8.127649184798255155e-02 -3.080812082767479809e-02 1.320091196654920862e-01 -1.785597861178145895e-01 1.501996531543451086e-01 -5.426085541821049074e-02 -7.073539192263753050e-02 1.647722687550598197e-01 -1.806028024753695005e-01 9.703679921954080911e-02 5.181327983196384185e-02 -1.766083565372637554e-01 1.804993891856705446e-01 -3.175386465989231410e-02 -1.568134369553905172e-01 1.819930785636995341e-01 5.463996341885336491e-03 -1.953493042679685932e-01 2.161195800714966753e-01 -1.398382911040101095e-01 6.522732970873552916e-02 -2.200704311318572165e-02 5.335306437498178907e-03 -9.015711825425411869e-04 9.346611178679470799e-05 -6.911441382717287820e-06
1.970237013786405311e-01 -2.012806925052877949e-01 6.747501541103539946e-02 -3.895437026009303944e-02 -2.993548880783486466e-02 1.035314595508812635e-01 -1.526922759578106803e-01 1.639134355463031933e-01 -1.282852052985965496e-01 4.970467478211282319e-02 4.678559798886514076e-02 -1.297554092228562772e-01 1.731844972788626480e-01 -1.606737868151622284e-01 9.580681078790931338e-02 -7.676769940409042909e-04 -9.449861242810669859e-02 1.592097495501655358e-01 -1.722676116508639610e-01 1.305203606682568684e-01 -4.711886382336989698e-02 -5.180722245206600962e-02 1.340948528436095299e-01 -1.734554060889027527e-01 1.569536742261866402e-01 -8.890353296097848468e-02 -8.490091407154870540e-03 1.032960795122783298e-01 -1.646284526671016601e-01 1.717194098500281207e-01 -1.222965123464689052e-01 3.303758953571103024e-02 6.713831883599788442e-02 -1.451322031657383826e-01 1.752798668145412186e-01 -1.479948144469330762e-01 7.112831104465586196e-02 3.037455047234371291e-02 -1.225616182159266626e-01 1.745842634663418713e-01 -1.656244889868961068e-01 9.617467182708765161e-02 1.007002066117009507e-02 -1.169811564334712339e-01 1.800752521691939001e-01 -1.689560151040406522e-01 8.410670661634667145e-02 4.734486325715113464e-02 -1.621100645125653217e-01 1.925869675259182789e-01 -1.018759727917888658e-01 -7.272116735573186386e-02 2.002483956031225198e-01 -1.385859125785316448e-01 -7.371182939210497997e-02 2.220460046021017764e-01 -2.009544672872549120e-01 1.156402895108779028e-01 -4.950764688531011926e-02 1.561616367347079537e-02 -3.579153528847325589e-03 5.753866697424507310e-04 -5.701382294559519825e-05 4.049449348069182691e-06
1.970139018477459758e-01 -2.018959083523759745e-01 8.176149320147081678e-02 -7.209396525067500450e-02 1.792185255500928706e-02 5.551856262962865524e-02 -1.213222700795976161e-01 1.633135157359431877e-01 -1.671566059893404566e-01 1.240468473298025759e-01 -4.569197169737632819e-02 -4.449108294442240957e-02 1.234213907743275385e-01 -1.687715632821828182e-01 1.678964507797395256e-01 -1.230267357608915840e-01 4.572374906959408847e-02 4.445017423337797868e-02 -1.227997705954058244e-01 1.685131129791876126e-01 -1.690039729317229789e-01 1.225830555331101634e-01 -4.198428092377080173e-02 -5.008462602887078785e-02 1.285371395485530588e-01 -1.712555752355034155e-01 1.665030464980158664e-01 -1.165491450268440754e-01 3.482979738919556034e-02 5.665358178139925233e-02 -1.326049805781575608e-01 1.725739246026425366e-01 -1.651066682370150585e-01 1.110789791531322790e-01 -2.561827071188921279e-02 -6.751902480176025234e-02 1.422078954547693341e-01 -1.760942760833363596e-01 1.596974611403409183e-01 -9.722406915210811407e-02 4.567020917974938879e-03 9.072929827798273394e-02 -1.606545532785195740e-01 1.826228407923223551e-01 -1.420403513401680695e-01 4.881782047742112829e-02 6.784719058793306501e-02 -1.658106320578152937e-01 1.938079218370180046e-01 -1.289420797616461778e-01 -1.286150748772576201e-02 1.593705852942960965e-01 -2.023728214686626725e-01 7.257238213102858160e-02 1.350863523187492421e-01 -2.341755290649626953e-01 1.805384031469147166e-01 -9.352109314538553653e-02 3.694167481142354020e-02 -1.092321412902407668e-02 2.370555278879435922e-03 -3.629462847444485103e-04 3.440164083627393019e-05 -2.348200924452913798e-06
1.933358048621912906e-01 -1.986442877467883839e-01 9.271203773182354335e-02 -1.011071922273710372e-01 6.442052477144774580e-02 2.030724984805074972e-03 -7.430735575313034136e-02 1.357725026313777450e-01 -1.720543080362838262e-01 1.680646011553654229e-01 -1.248521210117723018e-01 5.606687728601313092e-02 2.446171271459653129e-02 -9.989044887692298536e-02 1.529448692560517464e-01 -1.732826219795645384e-01 1.560238194621222652e-01 -1.025717164519844293e-01 2.505207935028475746e-02 5.817470053986980444e-02 -1.284687801519718287e-01 1.690539582356795079e-01 -1.706562931638504199e-01 1.342689909492517653e-01 -6.788226286455804892e-02 -1.428338037128970214e-02 9.337461626122092739e-02 -1.516908036088774336e-01 1.757923536546269205e-01 -1.589490537126762026e-01 1.051903237553746817e-01 -2.757721938646326421e-02 -5.640336056519706931e-02 1.272385665773782815e-01 -1.686955365349815106e-01 1.720076225874099252e-01 -1.352393895702951876e-01 6.559152841393327271e-02 2.049507807837825518e-02 -1.033995013081221576e-01 1.620297416956438252e-01 -1.794447485785524987e-01 1.516826023649327781e-01 -8.299987388174359659e-02 -1.247832787211552476e-02 1.077023091880494748e-01 -1.766395603383927870e-01 1.909962800223879154e-01 -1.311297614747527762e-01 1.145831160735394545e-02 1.251178585456603209e-01 -2.050178324436357502e-01 1.633521550067102979e-01 5.542394534648273537e-03 -1.842368704539749658e-01 2.332920795824692528e-01 -1.572696294211358425e-01 7.404083880323301947e-02 -2.710901591108907244e-02 7.532609428814105758e-03 -1.550190260339065528e-03 2.262785509117435018e-04 -2.053214365651392990e-05 1.347607500162729977e-06
1.860578936775410253e-01 -1.915881087485939993e-01 9.987985816835905084e-02 -1.243334510087380079e-01 1.060354284637555072e-01 -5.165737178761605625e-02 -1.771026185627636723e-02 8.583371281068331859e-02 -1.419828793270955236e-01 1.709973822669283994e-01 -1.676227664797888262e-01 1.373520700022501928e-01 -8.424856361984074671e-02 1.455199004194236180e-02 5.870329569728553742e-02 -1.221223529479485287e-01 1.642196166921337241e-01 -1.751461820337479325e-01 1.528328505494284395e-01 -1.033711312357759177e-01 3.553060956783993252e-02 3.911157028155429899e-02 -1.066292561946654699e-01 1.551376056890645394e-01 -1.755772901095237204e-01 1.626497326562622858e-01 -1.189006682034006862e-01 5.356483230152635916e-02 2.150371479885024306e-02 -9.249210774637572907e-02 1.461807906583032224e-01 -1.734553893110998835e-01 1.687890154342315263e-01 -1.316063761480031902e-01 6.916583701713015231e-02 6.446714351528648294e-03 -8.129370958515304280e-02 1.404029550041001051e-01 -1.728967568187646797e-01 1.731915977458813038e-01 -1.384251494890942624e-01 7.365927383224440961e-02 8.135244975823099217e-03 -9.197919448999651582e-02 1.572301140811344644e-01 -1.859275981315416659e-01 1.715899459234386526e-01 -1.083812754279563501e-01 4.190547311335842719e-03 1.123068565374072264e-01 -1.976402783471223334e-01 1.978072095880362979e-01 -9.134725055554097917e-02 -8.460651162562435323e-02 2.180158237769379559e-01 -2.218135153472167442e-01 1.331748831444292680e-01 -5.743059920664313894e-02 1.956981939195304859e-02 -5.121579336503863204e-03 1.000913382608094055e-03 -1.394300233308710740e-04 1.212070144908597757e-05 -7.653445487110615309e-07
1.753156784640946819e-01 -1.808625164732779733e-01 1.029725017969662232e-01 -1.404433641498758489e-01 1.396117064259684293e-01 -1.002512976183396326e-01 4.117062894904530146e-02 2.173532294586505431e-02 -8.305417916107060705e-02 1.321282447334846677e-01 -1.615379399211665234e-01 1.714230314131710009e-01 -1.593768128638951564e-01 1.223570782631518972e-01 -6.597136052250243687e-02 5.117855798840048077e-04 6.494769087015959952e-02 -1.205980570190404860e-01 1.581678849838463463e-01 -1.739260630848819267e-01 1.653835184087874555e-01 -1.316450266254775014e-01 7.779980317438081605e-02 -1.288840394973361780e-02 -5.378637386242572649e-02 1.122850959758576739e-01 -1.539912142982702015e-01 1.739330782074560156e-01 -1.689034603595825357e-01 1.380981456429255516e-01 -8.633314356800469991e-02 2.209178703373754563e-02 4.542201301079145520e-02 -1.060252921908912127e-01 1.508620440683190733e-01 -1.743334233944733025e-01 1.719241700699899733e-01 -1.421676446536311034e-01 9.012561407609609443e-02 -2.366935181569686936e-02 -4.778649669263853456e-02 1.120986316584559606e-01 -1.601357187751225042e-01 1.841675766999001096e-01 -1.738811491546697896e-01 1.284288178930854951e-01 -5.562365016864279088e-02 -3.578206674703438006e-02 1.259277221638546440e-01 -1.924893216411149022e-01 2.066402914093132814e-01 -1.396811854170420530e-01 2.635808594521427757e-04 1.545234575786211817e-01 -2.353855962665355184e-01 2.025321117878222110e-01 -1.098104004564812719e-01 4.366790192627442030e-02 -1.389991401475084223e-02 3.433577273284931300e-03 -6.380913849758924460e-04 8.491158782883717496e-05 -7.076807350245650918e-06 4.301202300145363857e-07
1.613091731845739951e-01 -1.666729347009938966e-01 1.018637863240219182e-01 -1.485148651496431549e-01 1.626039157258672707e-01 -1.389589820565559630e-01 9.474243082747585420e-02 -4.594864500552768571e-02 -7.245155078284768943e-03 6.095911486194267176e-02 -1.083711299852385679e-01 1.465680031679578721e-01 -1.709764247374119805e-01 1.743535219958453619e-01 -1.564450090502515489e-01 1.228463942333446329e-01 -7.682695545659486147e-02 2.148116511166608955e-02 3.678288988905983881e-02 -9.138516126784228255e-02 1.362955396313381140e-01 -1.650257779028537763e-01 1.743800989237931642e-01 -1.652216633579705329e-01 1.383054840845283073e-01 -9.499466971904112211e-02 4.039547489964797483e-02 1.865510518997552311e-02 -7.562959788611815781e-02 1.236288451747647316e-01 -1.573222292218079688e-01 1.741612541526125768e-01 -1.717559983273233282e-01 1.487172375599392082e-01 -1.081238981306122393e-01 5.548156550247300423e-02 3.799132276310010665e-03 -6.291730101531989305e-02 1.152951781949958510e-01 -1.559247655637557295e-01 1.780347908373859922e-01 -1.765696439842373566e-01 1.533165905567996368e-01 -1.101365691506254879e-01 4.864661248246984065e-02 2.306224364589795281e-02 -9.675572033278349859e-02 1.607095151037958025e-01 -1.967452835602940542e-01 1.968672232743934047e-01 -1.491048432929061862e-01 4.524574241908739525e-02 9.328771419957629374e-02 -2.074448350363161941e-01 2.370421175123069712e-01 -1.782022830293625293e-01 8.824124049323570085e-02 -3.255298640148066025e-02 9.713362399180060225e-03 -2.269532319651158293e-03 4.016102615610858315e-04 -5.110185922411892824e-05 4.086249000803376682e-06 -2.391800828105778483e-07
1.442991714361919198e-01 -1.492911314729823691e-01 9.659894821326091285e-02 -1.480859738210205667e-01 1.732689996516750541e-01 -1.639632823700286346e-01 1.360968825401991100e-01 -1.060526724586839109e-01 7.003640856583287500e-02 -2.511204407196667918e-02 -2.361837966258218888e-02 7.133080300921793016e-02 -1.144237182724589935e-01 1.468250713572074873e-01 -1.658141159119226882e-01 1.732833778085406395e-01 -1.683249166841249422e-01 1.479691748808603102e-01 -1.140716083778814810e-01 7.159617371022422572e-02 -2.377849826378295589e-02 -2.619676991627540100e-02 7.405653267162054521e-02 -1.163820654700524898e-01 1.496270844565264213e-01 -1.695225421036987978e-01 1.745854389434690901e-01 -1.661881303133314336e-01 1.446694280181696768e-01 -1.102270586677264186e-01 6.603912276023600481e-02 -1.658633331073401315e-02 -3.424189712700123622e-02 8.204326332527851762e-02 -1.229589884108717168e-01 1.546510566143700915e-01 -1.736745583878455956e-01 1.765211591128893753e-01 -1.639604808751873866e-01 1.381977582798249449e-01 -9.937133820885517277e-02 4.982376549943028782e-02 5.708658770610624926e-03 -6.346157117094665401e-02 1.165170675534262651e-01 -1.582016178111614602e-01 1.875635692260772813e-01 -1.964411753942737759e-01 1.742437001415784170e-01 -1.234145961923263785e-01 4.325145189060503742e-02 6.235957500215234817e-02 -1.731234170407213169e-01 2.383786197362615378e-01 -2.248868904251180301e-01 1.512385704294496869e-01 -6.907675132517474004e-02 2.377692329960776063e-02 -6.674408546529975519e-03 1.478347595313610121e-03 -2.494654857628962543e-04 3.038410117751622392e-05 -2.332887937648428611e-06 1.315779313788649497e-07
1.246023905992238723e-01 -1.290500140290672948e-01 8.739279700246171956e-02 -1.391812381751170724e-01 1.707984301547792738e-01 -1.727984095403368447e-01 1.599011906062748345e-01 -1.486616693876744166e-01 1.330834415156536554e-01 -1.050443276067920678e-01 6.801820339444823726e-02 -2.842607881444039059e-02 -1.226097121176215540e-02 5.232780840469018063e-02 -8.922152955787784889e-02 1.223037637680634143e-01 -1.496685864471356264e-01 1.670598973366761442e-01 -1.735348770582900713e-01 1.715560421626502463e-01 -1.610003517610721357e-01 1.399694295529960442e-01 -1.098890848496016509e-01 7.416367787945624124e-02 -3.461951329202980071e-02 -7.147827926528283610e-03 4.860885198914732808e-02 -8.765930243537378708e-02 1.219894906300555137e-01 -1.484812153148903358e-01 1.658442834493409346e-01 -1.746910541186663945e-01 1.739936205195421748e-01 -1.619612935031499446e-01 1.398852446160853413e-01 -1.104376611096831579e-01 7.452099755548413640e-02 -3.335509723930389636e-02 -1.037077455723669182e-02 5.449049996784309513e-02 -9.597154774078826833e-02 1.309776533548942801e-01 -1.592525043060562806e-01 1.800609381687086896e-01 -1.870679240413527233e-01 1.785086453736048351e-01 -1.583384196521206433e-01 1.228478876910714807e-01 -6.886243358394900094e-02 7.629310059526998172e-04 7.766567194671764041e-02 -1.573385996436171552e-01 2.261506672017916941e-01 -2.452676115130517365e-01 2.014703495864510197e-01 -1.235316047569573333e-01 5.253948413372353660e-02 -1.697659571040091575e-02 4.501211797008724397e-03 -9.476166896488104731e-04 1.527590792293571573e-04 -1.783248649430703957e-05 1.315958180759140893e-06 -7.156866152993841935e-08
1.025855747060019363e-01 -1.063372527764109843e-01 7.462095090527151586e-02 -1.223103293919487605e-01 1.553795029703269603e-01 -1.645930910551612891e-01 1.630857106799167011e-01 -1.667466219581955900e-01 1.690819668113945906e-01 -1.592975371199815138e-01 1.398301438744194158e-01 -1.184116083736189845e-01 9.478907896375052267e-02 -6.603684413940229259e-02 3.362546469218353345e-02 -2.558930650417041573e-04 -3.306694050960415354e-02 6.489712334048620967e-02 -9.396647867781121599e-02 1.205062524859691897e-01 -1.434937325196183888e-01 1.600729906852589868e-01 -1.697518332605353897e-01 1.744082277863059638e-01 -1.736172419086654262e-01 1.652159372516547597e-01 -1.498047939502213932e-01 1.297912623330560455e-01 -1.055790694963325282e-01 7.675284288721455350e-02 -4.464616809313948220e-02 1.106588058561220125e-02 2.291172983594655030e-02 -5.591719136500817450e-02 8.684282917329645690e-02 -1.154275403696066737e-01 1.400927262449095934e-01 -1.583593640128708457e-01 1.706472380995880667e-01 -1.782858617712554106e-01 1.787947837967629738e-01 -1.700953527798315656e-01 1.549932543597725976e-01 -1.344380240474203903e-01 1.054670125425198751e-01 -6.904409609666876946e-02 2.759180332415948900e-02 1.932030001163329014e-02 -6.969603177829153395e-02 1.232933581646333265e-01 -1.759883020342068172e-01 2.173650609009237511e-01 -2.442014192559615327e-01 2.286768461930571150e-01 -1.695025515347489131e-01 9.637120980355082245e-02 -3.854782792177106898e-02 1.177470580919754740e-02 -2.963733456112114736e-03 5.951500230227644867e-04 -9.188683750622270564e-05 1.030076839822306914e-05 -7.316963916005737344e-07 3.841364213382282874e-08
7.865866583251845956e-02 -8.158785640660730365e-02 5.880451129251840214e-02 -9.843887029619972917e-02 1.281811385864147779e-01 -1.401564910966529576e-01 1.452397883530669453e-01 -1.573241372022631812e-01 1.707154740299093310e-01 -1.746089651932380138e-01 1.708870734092560184e-01 -1.676936154675336965e-01 1.640555838671178546e-01 -1.542812387463674273e-01 1.390402767425704122e-01 -1.226657848001534296e-01 1.051741957942592953e-01 -8.436853566248310454e-02 6.088543883132267742e-02 -3.661737759680551429e-02 1.191672737682766131e-02 1.313518442296691610e-02 -3.793678160659751109e-02 6.229436680847659502e-02 -8.569081040398124349e-02 1.066955140480801284e-01 -1.249799446553159221e-01 1.415509067762669992e-01 -1.558226629724561163e-01 1.657861468704666108e-01 -1.716054738310275607e-01 1.750444441410452523e-01 -1.754912928170684339e-01 1.709896080414019248e-01 -1.623219417739558412e-01 1.514655552806573879e-01 -1.377163717454859548e-01 1.197554536864635921e-01 -9.889299487546895917e-02 7.647893782947690067e-02 -5.187761851076198166e-02 2.512499000521627515e-02 2.941480150723129513e-03 -3.239936899411696714e-02 6.201761864293001136e-02 -9.077746007798273564e-02 1.211370843645268869e-01 -1.512328878304091961e-01 1.761164426198454092e-01 -2.005377670986788763e-01 2.213205511516499746e-01 -2.285782509650388650e-01 2.249031047438335151e-01 -1.912615949790035519e-01 1.314923223385725259e-01 -7.045530575297484499e-02 2.679751521151136490e-02 -7.805240906992451377e-03 1.877832296450470360e-03 -3.615972235787345878e-04 5.369059337828213402e-05 -5.799325928145907072e-06 3.976064669769351542e-07 -2.019401774540589205e-08
5.326717115865846341e-02 -5.527584036629778347e-02 4.058880134623232133e-02 -6.893316699844387330e-02 9.126526550109875791e-02 -1.018984151410621680e-01 1.086647144010718657e-01 -1.219485998854531877e-01 1.376519614435617600e-01 -1.472355892014659551e-01 1.521371132835116213e-01 -1.593316048995332967e-01 1.679284627540218455e-01 -1.721559667452664533e-01 1.723735440578005040e-01 -1.732837557239780835e-01 1.745877975630386048e-01 -1.723987929605491076e-01 1.669575135873469784e-01 -1.615091059029357401e-01 1.558746872247549486e-01 -1.475096193820617796e-01 1.367151618051319628e-01 -1.256687746754742707e-01 1.142367562417524185e-01 -1.009287378163535032e-01 8.608978902195899008e-02 -7.101756246787992166e-02 5.564672113755549099e-02 -3.937719634086487425e-02 2.251034714805076609e-02 -5.535436800006960333e-03 -1.148106079259610980e-02 2.832906821192841471e-02 -4.492297427040192054e-02 6.160999532456783168e-02 -7.798883135433418157e-02 9.304003851988641716e-02 -1.073512743747648546e-01 1.221374547161892810e-01 -1.359364710991256275e-01 1.470924923345676982e-01 -1.580532701532867401e-01 1.701756362395045463e-01 -1.792477136072266608e-01 1.849339677075832744e-01 -1.927841438197333002e-01 1.997703929599212169e-01 -2.002749543955276434e-01 2.009876743221027662e-01 -1.997013492251600575e-01 1.884550904389415971e-01 -1.716305010113791107e-01 1.371755291765544282e-01 -8.954144199150414207e-02 4.595999200242825711e-02 -1.683262349370135552e-02 4.726234781185987589e-03 -1.097174584389380876e-03 2.042237647906961450e-04 -2.936205317174764561e-05 3.074068861939982050e-06 -2.044876015733680961e-07 1.009228759764702453e-08
2.688386781946816920e-02 -2.790514825097450968e-02 2.071703636601781098e-02 -3.548200703993709126e-02 4.743050386928254758e-02 -5.359166796094956553e-02 5.807696571718160700e-02 -6.645575267052158952e-02 7.661141362051074322e-02 -8.386908840359749706e-02 8.904514259244050711e-02 -9.619998475919701308e-02 1.048639608337207652e-01 -1.115081337191270311e-01 1.163445659979219365e-01 -1.224849078488292053e-01 1.297485868311418766e-01 -1.353005379209903103e-01 1.392675352192733196e-01 -1.442348421652567825e-01 1.500301630538916076e-01 -1.542233459172136500e-01 1.569931585851387923e-01 -1.606183823428122548e-01 1.648526698982045180e-01 -1.675081934435132258e-01 1.688688738122072763e-01 -1.710386427698478429e-01 1.736548224821495290e-01 -1.746641981251227660e-01 1.745101731827308211e-01 -1.752211959509016870e-01 1.762419115563908234e-01 -1.755641100702873547e-01 1.739296155991328641e-01 -1.733675632343397166e-01 1.729030558922937943e-01 -1.705286165346552862e-01 1.676485439817073098e-01 -1.662361111028131666e-01 1.643408635128300321e-01 -1.602036076584459345e-01 1.566051925976738035e-01 -1.547614276874298145e-01 1.509153878763922763e-01 -1.450492068713790383e-01 1.415220649285334198e-01 -1.379968729303668873e-01 1.307301227097464880e-01 -1.243474661330394859e-01 1.176458784888047837e-01 -1.060949143970743996e-01 9.269814730607670028e-02 -7.153535294985315096e-02 4.529150950130065439e-02 -2.264826844553748456e-02 8.101837010461908004e-03 -2.222349934057596225e-03 5.040819179132461454e-04 -9.174252636253129646e-05 1.290659042585827616e-05 -1.322638902592129530e-06 8.614851411269594356e-08 -4.166401615516443870e-09
