-1.879708925401515733e-03 5.735242412365711660e-03 1.559304677260853894e-02 3.039486139510116924e-02 4.046063350664302199e-02 4.596008975455523338e-02 5.499832961843969387e-02 6.578508511871201947e-02 7.293331718123390039e-02 7.875863018634080004e-02 8.737261363114420809e-02 -9.622166179623313498e-02 -1.022635077176460711e-01 1.078597503385697459e-01 1.154804357610526855e-01 1.227693783470120009e-01 1.277347432708903774e-01 1.325708051924778252e-01 -1.389465057225416911e-01 1.446926365204507792e-01 -1.484031387918056388e-01 1.521366488500348058e-01 1.570916495492550302e-01 1.612241786957707979e-01 -1.635024790338215350e-01 1.659010217488263716e-01 1.693067840954087799e-01 1.717482753033025833e-01 1.724523599991341916e-01 1.733462283226762379e-01 1.751008703214993745e-01 -1.757925238940030166e-01 1.748076607596352749e-01 1.740248196561416105e-01 1.740185567791847077e-01 1.729467911407465697e-01 1.701691492164434660e-01 -1.674581044552597986e-01 1.655766479024552706e-01 1.628748394334591787e-01 1.582669602053854707e-01 1.533227799608341269e-01 1.495768124950689060e-01 1.457326237309407579e-01 1.396107737197337106e-01 1.324531495927803171e-01 1.271613421777213759e-01 1.228699282913355839e-01 1.163520000669588939e-01 1.086428209358652891e-01 1.023847294336997782e-01 9.658009873479340979e-02 9.181864247727493378e-02 8.753985952658248360e-02 8.164442648800471214e-02 7.851672720856492371e-02 7.499907827517429681e-02 7.372878121485954006e-02 7.543112240383828548e-02 7.442675269102044799e-02 6.930107171390238741e-02 6.532434888333502054e-02 6.768377665806715737e-02 5.070423680860108862e-02
-3.810197923897987171e-03 1.154117124510382723e-02 3.106760312221707246e-02 6.002018152429874215e-02 7.921391950042858121e-02 8.883283731710164832e-02 1.045375790366943197e-01 1.228325037319252938e-01 1.334954770724581241e-01 1.407306932304771829e-01 1.519107226688898582e-01 -1.624671606529692891e-01 -1.671595187109511382e-01 1.698963335572918620e-01 1.746111738857544227e-01 1.776457962319441530e-01 1.760827085002006076e-01 1.730618795714874425e-01 -1.708376119272408400e-01 1.666932877449672501e-01 -1.590410623488641984e-01 1.502611475565162058e-01 1.416481340306362802e-01 1.313548996125744883e-01 -1.186322130747818199e-01 1.051345857217535762e-01 9.156418082903684807e-02 7.688727243802805089e-02 6.089448104524305266e-02 4.452372899629072206e-02 2.810895617690613649e-02 -1.139488514916418317e-02 -5.496249072277603967e-03 -2.233501053868813466e-02 -3.901305916922395006e-02 -5.507376660749938035e-02 -7.015739238231850916e-02 8.466090332270387320e-02 -9.876590707044426154e-02 -1.115237283674269386e-01 -1.220929156562218371e-01 -1.312833172506614743e-01 -1.402072059179090835e-01 -1.478695708943158493e-01 -1.520757691237069054e-01 -1.537408814499502119e-01 -1.561153694618775123e-01 -1.585469478582527680e-01 -1.569614619264648736e-01 -1.524912802437591308e-01 -1.489535220712074337e-01 -1.450863607601856342e-01 -1.418303096566577992e-01 -1.386599832469944948e-01 -1.322919296558184576e-01 -1.299878754011392357e-01 -1.268330158239539818e-01 -1.272070825975437358e-01 -1.327820739019665575e-01 -1.337167078224310302e-01 -1.271847583967688766e-01 -1.226321028926739554e-01 -1.298396549201912553e-01 -9.986977924468927459e-02
-5.843618894245180585e-03 1.748934412326570709e-02 4.630607902589155278e-02 8.812590247234856899e-02 1.146245566842161862e-01 1.257382909046017017e-01 1.437005309954865195e-01 1.635651383525632274e-01 1.714137533697908944e-01 1.727075008303143033e-01 1.767475345792164920e-01 -1.780988789000512718e-01 -1.709747697412765666e-01 1.597541099346420634e-01 1.485388489325728811e-01 1.342819266580140003e-01 1.149957734103896762e-01 9.334932944518266329e-02 -7.110188291795604965e-02 4.734652181690966050e-02 -2.203840046006370554e-02 -3.727884267039849753e-03 -2.936880224542620654e-02 -5.420482487250979226e-02 7.742673347532504080e-02 -9.927532666910278414e-02 -1.197873451601994821e-01 -1.373280313525914731e-01 -1.509502939430750756e-01 -1.619110040256062089e-01 -1.705896181539716672e-01 1.750553410958715916e-01 -1.746368617610499496e-01 -1.711616168525547099e-01 -1.652771275004381590e-01 -1.554146186967657883e-01 -1.412518066420854201e-01 1.246669377173020288e-01 -1.066762321062325047e-01 -8.652592376407766683e-02 -6.409491035200905185e-02 -4.092914195347654299e-02 -1.817257177164207510e-02 4.286640023221583058e-03 2.602773152984068708e-02 4.598375302370343726e-02 6.448812606182095786e-02 8.170368754355161744e-02 9.539224566372712932e-02 1.054032915149155786e-01 1.143310260034845760e-01 1.213878751363774849e-01 1.272805391838840172e-01 1.321146647043610067e-01 1.327426740928799032e-01 1.367154964886679036e-01 1.395232071765712678e-01 1.457754700533141767e-01 1.583337955335583636e-01 1.658428293665609454e-01 1.641503269870250581e-01 1.649216498476099302e-01 1.814181785078848863e-01 1.460303031211875879e-01
-8.034904446213910270e-03 2.365307181879145945e-02 6.119267841875562081e-02 1.140004397431836347e-01 1.451982960044288229e-01 1.541973482223386316e-01 1.685999093338442778e-01 1.825728237955651923e-01 1.802563398923244797e-01 1.678735354165651616e-01 1.553920418017233351e-01 -1.382470302081682256e-01 -1.123151527483739059e-01 8.174190464930082556e-02 4.998568192593857984e-02 1.665851728296630085e-02 -1.756070635402776428e-02 -5.120088325112340938e-02 8.341637176406585530e-02 -1.121476834954894114e-01 1.354228933607383722e-01 -1.539430797276246377e-01 -1.681297315928348413e-01 -1.755174596572239842e-01 1.748106257869739277e-01 -1.680472836299194694e-01 -1.563474604137902457e-01 -1.383656090461906352e-01 -1.141965025551208157e-01 -8.611045459995445017e-02 -5.549370006754559409e-02 2.274156429662830409e-02 1.098820311173332939e-02 4.430487541232851212e-02 7.607079738835999250e-02 1.045713788411855860e-01 1.284031075555757129e-01 -1.477047006652966454e-01 1.624216601735120336e-01 1.707988999930191432e-01 1.715740005427809634e-01 1.663761369209716123e-01 1.572979645551814409e-01 1.435790195557249682e-01 1.237810410432045594e-01 1.004227192015048759e-01 7.700152049876442251e-02 5.317203744931088549e-02 2.830364753638837591e-02 4.548558034099525575e-03 -1.738920328768068721e-02 -3.728425720680311056e-02 -5.480785431104738537e-02 -7.065536459971759331e-02 -8.287290828343427118e-02 -9.643949802605794597e-02 -1.092109004198422578e-01 -1.243927267137227427e-01 -1.460202593142241601e-01 -1.643435645500960218e-01 -1.741957846253464892e-01 -1.870838651862192503e-01 -2.182802821509867985e-01 -1.878592062415596897e-01
-1.044325190649961037e-02 3.010832180011904433e-02 7.561427911982585015e-02 1.369886982531285657e-01 1.696449945922317015e-01 1.722982887129532181e-01 1.767642262042846690e-01 1.773309328427307985e-01 1.585233318921508705e-01 1.272591054746487482e-01 9.342542220961171096e-02 -5.532675569552122918e-02 -1.261512753862198237e-02 -3.099755473859314506e-02 -7.295843965409022636e-02 -1.101772549057459388e-01 -1.392032572972069504e-01 -1.601884882296000789e-01 1.736640431183786026e-01 -1.765463663299912944e-01 1.671687602092060965e-01 -1.483174260050621751e-01 -1.222322714529490428e-01 -8.879529637969617306e-02 4.941028721927331196e-02 -7.219308989572501868e-03 3.523200059438592185e-02 7.538568715135081366e-02 1.106271251972362479e-01 1.397949491049002846e-01 1.616834554863049722e-01 -1.735841868946504940e-01 1.742952843301514287e-01 1.654813159145312185e-01 1.482303586805778783e-01 1.221211077435398473e-01 8.831884072587074808e-02 -4.999618299548563849e-02 9.789920624777650321e-03 -3.043690669782138716e-02 -6.829041069514064921e-02 -1.015752844679713024e-01 -1.293371273499342722e-01 -1.500559054722702956e-01 -1.609618388122822930e-01 -1.626625844407427190e-01 -1.591534646136620879e-01 -1.504508693541184161e-01 -1.336875477006572999e-01 -1.118657462643871531e-01 -8.909262191719687085e-02 -6.542063908262808758e-02 -4.263299195126979413e-02 -2.016986736454295936e-02 1.625293633742107063e-03 2.306266865063080762e-02 4.530214000930078005e-02 6.898159594029315556e-02 9.885078411206775495e-02 1.296128414263556239e-01 1.557924232751335125e-01 1.865250014072316331e-01 2.375414264809203591e-01 2.242273698587144148e-01
-1.313372253543291894e-02 3.693465452537425531e-02 8.946129243919929974e-02 1.565086581174276736e-01 1.869330568838875606e-01 1.788251922685835937e-01 1.673830995300303881e-01 1.485357007413261321e-01 1.099011441759238789e-01 5.952074621282433392e-02 7.042419223137235534e-03 4.482959448535632496e-02 9.169451597484158667e-02 -1.305680041238826417e-01 -1.603018468156605369e-01 -1.760836641578358286e-01 -1.743313814983174781e-01 -1.579139427416363928e-01 1.301071727175743542e-01 -9.124272312764061810e-02 4.372895745484942087e-02 7.454078601994589860e-03 5.791400622391679881e-02 1.031729090855059705e-01 -1.389601614477700975e-01 1.634724339693196526e-01 1.754018665032311963e-01 1.721141952961317556e-01 1.532603028829828129e-01 1.220169733306765147e-01 8.144873180888828612e-02 -3.399205539078976879e-02 -1.647155082998704584e-02 -6.555016498918118939e-02 -1.093147149084542219e-01 -1.434778123683344564e-01 -1.648396628684127840e-01 1.730159115748960696e-01 -1.683038886700746750e-01 -1.499983716275939127e-01 -1.189261766134904336e-01 -7.942764698428490810e-02 -3.606757702093012219e-02 8.709400935775006916e-03 5.162944143038456640e-02 8.850435295040959272e-02 1.185534141307887368e-01 1.411656625793788755e-01 1.522637085402729351e-01 1.526803314399649836e-01 1.472115277315650395e-01 1.357513371957546899e-01 1.208143077054235487e-01 1.026982996057194397e-01 8.024980820478028187e-02 5.821058988522691269e-02 3.250843887686043210e-02 5.262564595314943999e-03 -2.813012272304655018e-02 -6.876505273982741473e-02 -1.120899659087805783e-01 -1.634551964888183162e-01 -2.377962815164377797e-01 -2.542476032778890893e-01
-1.617899915716058262e-02 4.421620401887986496e-02 1.026284959344998943e-01 1.720661103088655663e-01 1.963329656277467417e-01 1.733396179541035198e-01 1.413876907343130651e-01 1.000117502701536876e-01 4.263721091048675721e-02 -2.090382915372055936e-02 -8.118109359148825699e-02 1.310200745729659388e-01 1.624986148243182937e-01 -1.746679053696678363e-01 -1.694245533098878431e-01 -1.446136640005711294e-01 -1.011130501022786399e-01 -4.595707822475735005e-02 -1.369457497030028212e-02 7.143010279620413960e-02 -1.203052001041469005e-01 1.556796210670681191e-01 1.744528323338866427e-01 1.728538489986401472e-01 -1.502353900938542264e-01 1.108148415605394177e-01 5.962836544482365969e-02 1.664955629134831118e-03 -5.651046960535385105e-02 -1.084570538279383545e-01 -1.486120500142369683e-01 1.713854669120976615e-01 -1.737829720735464822e-01 -1.570754413429125695e-01 -1.237290769451346445e-01 -7.643065943599407219e-02 -2.034760651014328597e-02 -3.750089161621979195e-02 9.065179707693965527e-02 1.332165188739164174e-01 1.601297900146725073e-01 1.697049114176084061e-01 1.632753769426419643e-01 1.413302829975933705e-01 1.047895598737493550e-01 5.994334432022836029e-02 1.355169898553534868e-02 -3.183992187222026843e-02 -7.195101634723873041e-02 -1.027396819287046126e-01 -1.254203872658742058e-01 -1.388704379987392157e-01 -1.443350568472802353e-01 -1.428105691256995879e-01 -1.318865563380021699e-01 -1.195931791069317768e-01 -1.003704721357707164e-01 -7.810040454929176312e-02 -4.931027082584862192e-02 -5.878771609248509798e-03 5.032954870519862345e-02 1.208112140626386305e-01 2.192052892111317763e-01 2.773032007052847470e-01
-1.966134968550560178e-02 5.204271481651635833e-02 1.150158329885290626e-01 1.832671691090483612e-01 1.974480658675218381e-01 1.562100560209230549e-01 1.013582785717224016e-01 3.820410002243022907e-02 -3.185896768488960529e-02 -9.687297492749756544e-02 -1.481882323333664486e-01 1.763935595014046731e-01 1.739250667234958081e-01 -1.445618438433610153e-01 -9.587505400268246658e-02 -3.317054754020693635e-02 3.494675310458790485e-02 9.792020347229393740e-02 -1.469449373293936212e-01 1.735338411757533505e-01 -1.726579489210351981e-01 1.463063650420791950e-01 9.938854286508122526e-02 3.765704734740854542e-02 2.995422135568336433e-02 -9.324723464243121762e-02 -1.431542779144175936e-01 -1.713695415257894816e-01 -1.732154526959492902e-01 -1.498748821118973396e-01 -1.053054888659109151e-01 4.509882273411037340e-02 2.194194875097512515e-02 8.572280509170281115e-02 1.370752914546092827e-01 1.678445318404810926e-01 1.732599990868363693e-01 -1.540903067713289831e-01 1.142514895759698529e-01 5.876911242362840848e-02 -4.663238417318719617e-03 -6.599880390594291268e-02 -1.171601668806075691e-01 -1.523443103606256510e-01 -1.660303183268671823e-01 -1.583280004907121341e-01 -1.353990278427839034e-01 -1.002037453737198436e-01 -5.517066532238062287e-02 -8.283015296639134606e-03 3.556621706696648511e-02 7.326931874434840231e-02 1.026083848122824327e-01 1.240185250201703837e-01 1.339465330118161934e-01 1.402405269740120974e-01 1.376266607394381336e-01 1.298122029117811382e-01 1.151714872109638327e-01 7.934692436731168030e-02 1.941782390438829761e-02 -6.383373375613698997e-02 -1.834390741646220735e-01 -2.930593856971661082e-01
-2.367484958999629963e-02 6.051064806020482745e-02 1.265291731321886715e-01 1.898282445603890201e-01 1.902313028871608636e-01 1.285871747895212247e-01 5.126814319236341899e-02 -2.867787192809773469e-02 -1.009511373093357062e-01 -1.521946729988699343e-01 -1.764669328235395074e-01 1.668147396952868178e-01 1.217986002246860683e-01 -5.304008731680097399e-02 2.445752391422406982e-02 9.661628543940012359e-02 1.492872491114686506e-01 1.737850298342533684e-01 -1.669772747226095644e-01 1.284897214278544197e-01 -6.472931778254312207e-02 -1.117689376612559030e-02 -8.483510791508676319e-02 -1.421734190270997622e-01 1.719693159279337968e-01 -1.699074971154119207e-01 -1.370488582744265327e-01 -7.838232373911285800e-02 -4.652328309168443296e-03 6.996460219646380430e-02 1.317124433888109125e-01 -1.684687468309313818e-01 1.730999965494322557e-01 1.460795750978715057e-01 9.299714358255216362e-02 2.296415942209086361e-02 -5.112323811355841408e-02 1.154711388925880600e-01 -1.588978470828499023e-01 -1.735589562317628454e-01 -1.566182736314686297e-01 -1.132402922616270596e-01 -5.342048622148627690e-02 1.340277510952858804e-02 7.634982761686623376e-02 1.242225792457604394e-01 1.531348532772366655e-01 1.616028362496425286e-01 1.467381993200799206e-01 1.145461473137465019e-01 7.368233278982676271e-02 2.862733568573484419e-02 -1.451812510524712503e-02 -5.415540220611744088e-02 -8.580100330211880288e-02 -1.132926702709611128e-01 -1.330875564868205796e-01 -1.465428425887508879e-01 -1.540360320946720929e-01 -1.370663728844718210e-01 -8.595429380615342285e-02 -6.334533151181763119e-04 1.334912090629158388e-01 3.014578196909517560e-01
-2.832792334181664581e-02 6.972437037404062565e-02 1.370810273350368813e-01 1.915832224348744395e-01 1.749872078137743037e-01 9.232652517692173377e-02 -3.910817744851046752e-03 -9.175080904127705383e-02 -1.529196870776365069e-01 -1.750776898623956357e-01 -1.586266628414168267e-01 1.052677276498246994e-01 2.516643568652844609e-02 6.101523504458309516e-02 1.328558372239289076e-01 1.729731366514484503e-01 1.708461462691478472e-01 1.289439530427426428e-01 -5.835708622957287012e-02 -2.550713888994366949e-02 1.032886696131953552e-01 -1.573454851248397846e-01 -1.758836228059550144e-01 -1.534906416937723006e-01 9.482120014413165932e-02 -1.442608947935125271e-02 6.903642681107717560e-02 1.362809029345727341e-01 1.715740910043855039e-01 1.678468267739054998e-01 1.264496088673781327e-01 -5.601499631737401341e-02 -2.739500592188384015e-02 -1.044915635769291529e-01 -1.579550298607184655e-01 -1.751887282196183671e-01 -1.522037688095791708e-01 9.570954383095912898e-02 -1.941665191893586148e-02 6.019171728385377951e-02 1.256706066839886893e-01 1.631970486311821733e-01 1.674703259284653079e-01 1.388957049470021798e-01 8.284988859480060808e-02 1.392327677176644941e-02 -5.302509501618644233e-02 -1.089270372165210277e-01 -1.434823638910280030e-01 -1.531516690697622973e-01 -1.432967759748499936e-01 -1.166108409752737857e-01 -8.025845208646044393e-02 -3.801827664570268939e-02 5.597431471056006635e-03 4.805497272308010409e-02 8.831860824714629632e-02 1.239665804718819431e-01 1.569569057744994445e-01 1.677673863953154376e-01 1.387968518186418476e-01 6.501958282755404550e-02 -7.338259184708378902e-02 -3.026956709569265103e-01
-3.374627349668238296e-02 7.979744017488663022e-02 1.465912128280385252e-01 1.884876699361738572e-01 1.523590470906578398e-01 4.986389514734504425e-02 -5.870159475237948787e-02 -1.426372760820123764e-01 -1.789495633467524660e-01 -1.606447530453706252e-01 -9.932990997806390165e-02 1.092641027440191884e-02 -8.066164559719159188e-02 1.491488275343690884e-01 1.764259724324473144e-01 1.536737380230642491e-01 8.622465155562346328e-02 -5.457751294912576399e-03 9.522602712056198182e-02 -1.578752465556313156e-01 1.754219901791762015e-01 -1.442288758496849677e-01 -7.375755671672905300e-02 1.711937923461699304e-02 -1.031702264477289688e-01 1.607657401443125522e-01 1.743854269941171597e-01 1.393917293453016404e-01 6.523553918501762139e-02 -2.685672782764496683e-02 -1.114203189708112829e-01 1.648467015700901539e-01 -1.722464645425342833e-01 -1.326713313647600312e-01 -5.757136695283576744e-02 3.286468685760879360e-02 1.139432787771707117e-01 -1.639532632248870692e-01 1.705723973287097961e-01 1.323784808217361164e-01 5.960219837883162786e-02 -2.670069839347493160e-02 -1.039057747577714907e-01 -1.547723285874851584e-01 -1.670142033914011614e-01 -1.406580059501627566e-01 -8.806982237084472198e-02 -2.075458833088745722e-02 4.747386877940501515e-02 1.013125529669341995e-01 1.357756097106308235e-01 1.474723879869604681e-01 1.392069898059185851e-01 1.147689707875272497e-01 7.670852078297528409e-02 3.334321800218835452e-02 -1.699116333311368604e-02 -6.830798228544031347e-02 -1.234480349995195347e-01 -1.656542346538283361e-01 -1.698421390357243432e-01 -1.219566581764762875e-01 7.790276484479132652e-03 2.971918576259490186e-01
-4.007627654364975811e-02 9.085400727110073960e-02 1.549874624065663287e-01 1.806199606545311753e-01 1.233016780836708876e-01 4.051687078029061508e-03 -1.076657090984194931e-01 -1.745784617203093581e-01 -1.746255042581776051e-01 -1.119720900337847769e-01 -1.407365800631453154e-02 -8.681883765693908239e-02 -1.570156373948119743e-01 1.739179895634744843e-01 1.339074975976967674e-01 4.939089188286562015e-02 -5.198521781865228508e-02 -1.360686643856927336e-01 1.754394629937009453e-01 -1.563731869550271381e-01 8.470802210642251751e-02 1.489464190907375044e-02 1.093771444240395491e-01 1.674384643257908201e-01 -1.696782865719623501e-01 1.163062445360231040e-01 2.527374393680403841e-02 -7.388028688815090339e-02 -1.485410465362115018e-01 -1.747476834849897576e-01 -1.443367813955959700e-01 6.669458660529119232e-02 3.282626957922974570e-02 1.215473086497726590e-01 1.708983475543592034e-01 1.647464189903348475e-01 1.052146009707502633e-01 -1.274950507079090564e-02 -8.247874597082899273e-02 -1.510378959726527970e-01 -1.718465264567869966e-01 -1.404453717634314702e-01 -6.999181383502837972e-02 1.849774501187283551e-02 9.967682278315384559e-02 1.500670204087109771e-01 1.618245894423843978e-01 1.361302906925837830e-01 7.938690406055093352e-02 1.037578594290750403e-02 -5.520828750029681958e-02 -1.061417914929395218e-01 -1.360273611096095292e-01 -1.448749545305239583e-01 -1.306246611576624694e-01 -1.035672665932140524e-01 -5.941639645041683904e-02 -5.493496454982860037e-03 6.144606209611200298e-02 1.314243787880126080e-01 1.745827623240998883e-01 1.651404848174751472e-01 5.836088693668884525e-02 -2.855438994987580248e-01
-4.748893725854648473e-02 1.030303429993494058e-01 1.622059735836092753e-01 1.681792902926560473e-01 8.904125625318491666e-02 -4.203269070487131165e-02 -1.459430308662897635e-01 -1.833318932529096335e-01 -1.406809690481485853e-01 -3.943376299327991386e-02 7.486069165572262207e-02 -1.575172067957138766e-01 -1.759954842313507239e-01 1.247997832655817901e-01 2.604767769978026670e-02 -8.220571862134187779e-02 -1.578864228529072156e-01 -1.721703379384842414e-01 1.204804326206327103e-01 -2.227462784469333781e-02 -8.464188284384013827e-02 1.589399158751876040e-01 1.723819661383693413e-01 1.192984730475670357e-01 -1.994277617905153982e-02 -8.706077050862484623e-02 -1.607177758104109955e-01 -1.724665684117308029e-01 -1.176858814550262172e-01 -1.802315532053310604e-02 8.825871849623495580e-02 -1.605350483003681605e-01 1.712225275931276158e-01 1.170676906293240255e-01 1.922586961169660269e-02 -8.539376732912025425e-02 -1.574085065900476532e-01 1.704786660992884118e-01 -1.213817026761814105e-01 -2.882461454347129415e-02 7.325783773563433743e-02 1.473612331741582793e-01 1.699010155864931759e-01 1.361719922758455326e-01 5.821567965053645044e-02 -3.418077351953087428e-02 -1.115817999745479516e-01 -1.559965762722708704e-01 -1.554235218610257041e-01 -1.161915367280554889e-01 -5.515966443274113173e-02 1.285907270845114414e-02 7.223056256899733352e-02 1.162526736303490654e-01 1.364102354173900022e-01 1.393017532757599153e-01 1.181726758420754003e-01 7.790280032698752855e-02 1.468775530283875953e-02 -7.197096612878425836e-02 -1.526934833561998939e-01 -1.900174472630146993e-01 -1.203043483878599162e-01 2.684792805575705321e-01
-5.618450838870498593e-02 1.164765197583206846e-01 1.681918934202084603e-01 1.514806334007185173e-01 5.102349415810306793e-02 -8.529354703361825829e-02 -1.697341906782520171e-01 -1.677349277285641316e-01 -8.287372659993326451e-02 4.150945261105997569e-02 1.442304805654161526e-01 -1.791438662119732572e-01 -1.306658737913747870e-01 2.266160142383738182e-02 -9.452233638047652375e-02 -1.683415662029600079e-01 -1.656616671146193265e-01 -8.868762511089098299e-02 -2.730627217832955200e-02 1.307116837649108798e-01 -1.754172582720481544e-01 1.420858995865222907e-01 4.605808627720112125e-02 -7.024200768697860808e-02 1.552086239907737031e-01 -1.714784474887411647e-01 -1.121924808735348250e-01 -3.326908582300646018e-03 1.069881898937234815e-01 1.701226774525352037e-01 1.585067772186467272e-01 -7.709269336007619489e-02 -3.823121207072856936e-02 -1.366079647647392981e-01 -1.752448792714394465e-01 -1.375536767839889707e-01 -4.025229760946485297e-02 -7.358634671588959453e-02 1.550879555996519110e-01 1.709321555564376482e-01 1.153174471667530315e-01 1.398667561835462148e-02 -8.982765781128569660e-02 -1.573596912903257594e-01 -1.636249682101200420e-01 -1.104772320281419279e-01 -2.431383921626712949e-02 6.628507013967104011e-02 1.317485065442196013e-01 1.540487184645272234e-01 1.363081566182342830e-01 8.694594761002813477e-02 2.378298574904964477e-02 -4.063324578707344648e-02 -9.218904602307727292e-02 -1.289385170673394421e-01 -1.420657379281530519e-01 -1.300210625677737097e-01 -8.759438458272821026e-02 -1.121045358540505646e-03 1.079225825161991004e-01 1.942218758789445165e-01 1.737993325241352638e-01 -2.468053197914773789e-01
-6.639790046958936320e-02 1.313582606394635421e-01 1.728997353489328259e-01 1.309467688064910873e-01 1.085265564532670798e-02 -1.228248591454308564e-01 -1.766777013696953780e-01 -1.298591758019309039e-01 -1.100920626280233426e-02 1.136053684129134517e-01 1.759061747913591711e-01 -1.449614113089049416e-01 -3.759042791257417165e-02 -8.910414163519983499e-02 -1.689693423541231421e-01 -1.613824787725555154e-01 -7.047865847167858466e-02 5.639486956506260806e-02 -1.540540617836635984e-01 1.728611461946967520e-01 -1.033497366011308927e-01 -1.860563726722333153e-02 -1.308518642514417407e-01 -1.765271125713405997e-01 1.325571401970126462e-01 -2.160784963079367960e-02 1.000432689515937112e-01 1.709785477218457861e-01 1.554642648539434069e-01 6.171497683175847238e-02 -6.282450336143845238e-02 1.555524639510548479e-01 -1.700283936351970893e-01 -9.952172290071616134e-02 2.011549684527149870e-02 1.292837028007304823e-01 1.740818967541860052e-01 -1.332832264938400568e-01 2.872674483201206538e-02 -8.852908309842121015e-02 -1.625903667681574405e-01 -1.595804971307741849e-01 -8.557717711483774081e-02 2.411938809247771848e-02 1.210180827197733372e-01 1.634149921440310183e-01 1.419931656912084561e-01 7.021928047623753055e-02 -2.349442790440145826e-02 -1.018253122852119524e-01 -1.450197226926209226e-01 -1.448964974945654294e-01 -1.095496609776038105e-01 -5.145259848421698812e-02 1.435825385715004503e-02 7.619934218465072850e-02 1.243618466225295816e-01 1.485033926903792656e-01 1.409264968134039675e-01 7.393580470392821513e-02 -4.734479533111159155e-02 -1.777273481614415063e-01 -2.154299184301026182e-01 2.213612930409376012e-01
-7.840502791930177573e-02 1.478589819513074499e-01 1.762937248229799747e-01 1.070975756418566377e-01 -2.977614046766616923e-02 -1.521054830646764722e-01 -1.660843568865751074e-01 -7.473534752503308010e-02 6.272272704249007291e-02 1.614875042129283733e-01 1.616094505517445545e-01 -6.561878348617178336e-02 6.922071140409923051e-02 -1.630148557293736034e-01 -1.609662667292744986e-01 -6.517691636855259263e-02 6.850663512629921736e-02 1.623071685135175635e-01 -1.621063933367498378e-01 6.843315918721115665e-02 6.465915189301781052e-02 -1.604621893457041093e-01 -1.640460442672462549e-01 -7.358061300799648152e-02 -5.902965720670297345e-02 1.577856440307125185e-01 1.662978977214351339e-01 7.986813034005550704e-02 -5.209624141328316610e-02 -1.542772907068974131e-01 -1.685952917685497043e-01 8.716570717474138308e-02 4.360521931836129628e-02 1.494230938248999052e-01 1.707635180149802978e-01 9.634713264041300240e-02 -3.164466080336837683e-02 1.411638888259447444e-01 -1.723796079694189243e-01 -1.102563459714066829e-01 1.047850409907000006e-02 1.232704193615206945e-01 1.706394948435203118e-01 1.330426369051942725e-01 3.121709190229757583e-02 -8.046331683093019271e-02 -1.515173359539325748e-01 -1.580130199491629750e-01 -1.001279679997488375e-01 -9.965097084999015656e-03 7.672346603365676199e-02 1.330654136940930543e-01 1.473876880519041921e-01 1.231543133941093576e-01 6.868622947320501826e-02 1.389831510090537309e-03 -7.053938340879772895e-02 -1.288784283572451950e-01 -1.629956975405682518e-01 -1.329409821026955874e-01 -1.986460203173526576e-02 1.427155375193476239e-01 2.428149666036943377e-01 -1.929759969508520190e-01
-9.253026285046818400e-02 1.661820538113181200e-01 1.783480711643449235e-01 8.053687097031254905e-02 -6.914845058516404241e-02 -1.711685099772733976e-01 -1.390056422016665849e-01 -9.685066440969558599e-03 1.258154524810569663e-01 1.749502903406141563e-01 1.050767030595873841e-01 3.416621987813897587e-02 1.507383245707600294e-01 -1.676702919867209540e-01 -7.441828087484440857e-02 6.707227407728519331e-02 1.649152507246827715e-01 1.554857447355612321e-01 -4.525911138589380073e-02 -9.402266465565886633e-02 1.726438286172521930e-01 -1.398784070207445274e-01 -1.706691517506144992e-02 1.165786001849449111e-01 -1.753872872533379368e-01 1.215992932758790390e-01 -1.010771430207250098e-02 -1.352259094221007485e-01 -1.738610127977859576e-01 -1.013372962493571811e-01 3.577291488216491344e-02 -1.499204879968741022e-01 1.686643405646391647e-01 8.031873777431676464e-02 -5.847450089763721326e-02 -1.600587357349853024e-01 -1.610681631574361339e-01 6.180264314644243889e-02 7.439551263989661878e-02 1.643750608082289733e-01 1.546451340612704506e-01 5.371528672440828434e-02 -7.519126177435062064e-02 -1.601047804995230084e-01 -1.555716913441810567e-01 -6.960923198716995053e-02 4.545472841360607280e-02 1.356822092756304610e-01 1.602387246729340409e-01 1.162722516437141168e-01 3.239472522123511278e-02 -5.721333582546258428e-02 -1.208493623521732369e-01 -1.460701935261933815e-01 -1.270326436918701452e-01 -7.850438012041473235e-02 -3.595032829379272900e-03 7.646543013473129646e-02 1.492416832874720600e-01 1.675097082780633018e-01 8.390683529939674257e-02 -9.320224262108918467e-02 -2.547183472890859335e-01 1.624331757277023280e-01
-1.061711028153370651e-01 1.811939458989955676e-01 1.732954494840622528e-01 4.933981324624687331e-02 -1.033728188117975233e-01 -1.732132185165712879e-01 -9.364644074322950318e-02 5.696394142135376842e-02 1.635094615852430155e-01 1.454821408016272744e-01 1.769383660439086819e-02 1.222054811396785651e-01 1.723142466385365057e-01 -9.568527718342374755e-02 5.084274667807034409e-02 1.600666040119028410e-01 1.535110026443633480e-01 3.565415023249323551e-02 1.079189816237331734e-01 -1.737198344399229488e-01 1.147924774666218561e-01 2.681926668264295391e-02 1.492074344000855479e-01 1.648015641466159531e-01 -6.256929177273268250e-02 -8.464822400888860621e-02 -1.714393089281056048e-01 -1.360434393996892422e-01 -3.684262062092925200e-03 1.315251188870187604e-01 1.731896232419876114e-01 -9.203657619566922576e-02 -5.438299544828423260e-02 -1.623683061576140507e-01 -1.557796176728105941e-01 -4.013089085171105130e-02 1.034188825456264782e-01 -1.745742231528202570e-01 1.255841065262143785e-01 -7.954779630871062351e-03 -1.353541479051745544e-01 -1.714576660425306820e-01 -9.758978267386279881e-02 3.554706595612564662e-02 1.447015312445169288e-01 1.645661522766614648e-01 9.414263373130346557e-02 -2.300323598960053034e-02 -1.237114528548604875e-01 -1.592262008086074154e-01 -1.258609989225241421e-01 -4.446530565844439981e-02 4.552308426947038189e-02 1.160708708142713375e-01 1.441148306572978821e-01 1.329161219898727375e-01 7.683153965002743890e-02 -7.219330389142436522e-03 -1.078329054551636912e-01 -1.771769301414858888e-01 -1.385422388325292242e-01 3.749300282110949734e-02 2.592737494843750934e-01 -1.356847931657148842e-01
-1.192561384047160083e-01 1.925955460521947826e-01 1.613372010160056547e-01 1.530235690957657685e-02 -1.299013202498822683e-01 -1.580363148587994593e-01 -3.597189370399190428e-02 1.142098358305461553e-01 1.681953595957916825e-01 8.031422525914062860e-02 -7.488387274427256435e-02 1.682326594101348771e-01 1.253687268410288991e-01 2.003654225193001598e-02 1.496549319741014017e-01 1.593800158430051794e-01 4.174938473102036279e-02 -1.100915989505074771e-01 1.744673586346629501e-01 -1.005089770132630289e-01 -5.332478822665506074e-02 1.655021518435467742e-01 1.467939708804636145e-01 1.237589829742633506e-02 1.320071590568053232e-01 -1.725126825937644548e-01 -7.707971683333618429e-02 7.871319554236023974e-02 1.726814851492432246e-01 1.308748344359360327e-01 -1.357136425729125843e-02 1.469445965108328034e-01 -1.652047215170915906e-01 -5.420159330355739380e-02 9.851851691376635467e-02 1.742107258961760607e-01 1.150417250397064162e-01 3.233562768843451646e-02 -1.537095434897127189e-01 -1.588065593304166523e-01 -4.548569150477255185e-02 9.949018067089759887e-02 1.706750953680354066e-01 1.229604845819465692e-01 -7.875528388719741854e-03 -1.286786263261442687e-01 -1.657242938553827594e-01 -1.054318950550756917e-01 1.248140764391529774e-02 1.154425896792949935e-01 1.576847088050296053e-01 1.268472895278785206e-01 4.832646989857224129e-02 -4.420318427012427664e-02 -1.147690309847972934e-01 -1.492877863946268646e-01 -1.308732903126628988e-01 -6.368523916009972974e-02 4.667057801940292100e-02 1.610417543252275485e-01 1.782951074393679114e-01 2.056638577472986659e-02 -2.571191740208816912e-01 1.124496988900738625e-01
-1.317168698530447879e-01 2.001596772266221180e-01 1.429498483763302352e-01 -1.961602731995825202e-02 -1.467589694485611218e-01 -1.271467528319908113e-01 2.643327949299949589e-02 1.526029609793667641e-01 1.389271912107530038e-01 -4.561944730972056390e-03 -1.454759628709108021e-01 1.564244248739345700e-01 2.856983684608118551e-02 1.265998541326412985e-01 1.706153105188283059e-01 6.541434359675066257e-02 -9.730577161509014472e-02 -1.758205570534276951e-01 1.009656936137690586e-01 6.116978603118332358e-02 -1.702200087759081770e-01 1.313051675145473218e-01 -2.157881813184022932e-02 -1.551177523792829915e-01 1.540921674138723552e-01 -1.911195531381445697e-02 1.322406844613421006e-01 1.687430257222899410e-01 5.908621185140150445e-02 -1.021408820699519077e-01 -1.749381336722796165e-01 9.680759589856464953e-02 6.494826036521059165e-02 1.711190447503317391e-01 1.304968059184316020e-01 -2.110088667011049066e-02 -1.547426442737418195e-01 1.572333365318657750e-01 -2.865398803231811176e-02 1.223685460450107398e-01 1.722870727201028240e-01 8.274436566900521262e-02 -6.903486745974705963e-02 -1.655717758903621217e-01 -1.361795371379082298e-01 -9.707559408840235257e-03 1.171741490321022289e-01 1.646762098054213863e-01 1.067312626412276200e-01 -8.754987484627821046e-03 -1.123480764899349310e-01 -1.536571635127143010e-01 -1.233726795231621792e-01 -4.368502518061081336e-02 4.875376755844570281e-02 1.233852788171246884e-01 1.526110417566958199e-01 1.211188079745521007e-01 2.302982150468976807e-02 -1.219559589626691698e-01 -1.995933547874362557e-01 -7.731545229061878577e-02 2.491419707215558055e-01 -9.243849859066842478e-02
-1.434880656223963824e-01 2.037356240016557907e-01 1.188661066785765691e-01 -5.340515539719048466e-02 -1.526907534934887900e-01 -8.361570715779066687e-02 8.536223972122745918e-02 1.658057127170732836e-01 8.161340322087740073e-02 -8.831866213041447700e-02 -1.733568655492226107e-01 9.084023971465866876e-02 -7.958996179537342064e-02 1.752956105272640841e-01 1.028201097552939036e-01 -6.683586530271511117e-02 -1.727475638871264485e-01 -1.137595933734469877e-01 -5.358408229853923316e-02 1.690069667183106139e-01 -1.236074419627753024e-01 -4.005030074188674349e-02 -1.655555419994521882e-01 -1.337530423869329743e-01 -2.517267112367286772e-02 1.610180636429716650e-01 1.443326004784682703e-01 -8.616739512614378024e-03 -1.537275484961229954e-01 -1.538141078511375825e-01 -8.852361958209856510e-03 -1.438172820875270874e-01 1.610680123831462196e-01 2.666078074563874370e-02 -1.320914470806567875e-01 -1.668463941843069120e-01 -4.609238688949288121e-02 -1.172294792478527775e-01 1.719426158854212017e-01 7.077781275583995557e-02 -9.378310701144522421e-02 -1.737390157938044633e-01 -1.035289142540873619e-01 5.183762565662559940e-02 1.624262980700693637e-01 1.408533899219736873e-01 1.653342901447700519e-02 -1.155125453903580873e-01 -1.626102517470757736e-01 -1.030996788004692605e-01 1.203594158974920746e-02 1.132604480612075526e-01 1.501027235395051840e-01 1.164395847772235759e-01 3.275737385817118624e-02 -6.292155716991568171e-02 -1.371687874045288968e-01 -1.532300316769092396e-01 -8.892154822189272945e-02 6.586781555409904065e-02 2.009935302727610118e-01 1.295517080712334512e-01 -2.363894440569956901e-01 7.535670644773985460e-02
-1.545081038770739768e-01 2.032521355872318192e-01 9.004568566880506719e-02 -8.411985237439835450e-02 -1.472550648097444292e-01 -3.177122389154341670e-02 1.330653009897657946e-01 1.516386952823216006e-01 7.824089875301695057e-03 -1.504029216293564508e-01 -1.503408541682849098e-01 -5.973213184748237328e-03 -1.561004972644123856e-01 1.438654573134059977e-01 -1.846301292162530125e-02 -1.599695747892008191e-01 -1.352561405924622151e-01 3.098413404572034416e-02 -1.651203523130033157e-01 1.280843815561283350e-01 4.173840879700412010e-02 -1.695701363617229118e-01 -1.223619181651714877e-01 5.045830053813936400e-02 -1.715450196866520061e-01 1.159587245202878397e-01 -5.883989585201319233e-02 -1.723242602972532012e-01 -1.084071536881324321e-01 6.760648604111045568e-02 1.738128946139547160e-01 -1.014737025540947413e-01 -7.525802992819034809e-02 -1.754420111924487047e-01 -9.656580822858051860e-02 7.979156289429828464e-02 1.753678879401601165e-01 -9.403769050987251243e-02 -7.995340918270762987e-02 -1.735394440831989904e-01 -9.663606536759210275e-02 7.273719047281310135e-02 1.705589879701455147e-01 1.111474368067203317e-01 -4.790942543196861220e-02 -1.607637017144580016e-01 -1.388520197108193688e-01 -9.921966885882531340e-03 1.217836918145936698e-01 1.598938829552738750e-01 9.456893204737162884e-02 -2.337062744633420716e-02 -1.182443295768548369e-01 -1.486751437721253455e-01 -1.041604874090653055e-01 -1.499376883213509627e-02 8.877011681588029002e-02 1.537945079264466386e-01 1.397698156930043956e-01 -7.629846658794814081e-04 -1.831347682438306534e-01 -1.747282151209160750e-01 2.199829523871882075e-01 -6.090901987513784588e-02
-1.647192950618365792e-01 1.987188454968455420e-01 5.763704638250507356e-02 -1.099919323756837486e-01 -1.308565778223364506e-01 2.323209275689203449e-02 1.632690835511131644e-01 1.124404770555203908e-01 -6.754469431744496155e-02 -1.755799079824335307e-01 -8.318534182235967633e-02 -1.007331810383088472e-01 -1.705370524497322182e-01 4.667581021473007907e-02 -1.301415145238221105e-01 -1.594791536963654777e-01 -9.341410210990028912e-03 1.532079691136266353e-01 -1.441096953472317255e-01 -2.557795369576876254e-02 1.669917128312888022e-01 -1.219607678716101429e-01 5.916917768140511624e-02 1.732359537206513145e-01 -9.376225512734519263e-02 -9.127356535824224237e-02 -1.742571701229752856e-01 -6.296753206260218005e-02 1.189504579341657403e-01 1.689991015541480457e-01 3.112983474420957797e-02 1.405422830789494759e-01 -1.562691055163072107e-01 1.593510087615880935e-03 1.569635235715982624e-01 1.388313713021598061e-01 -3.212510141642474504e-02 1.681039649525161994e-01 -1.215696412602278592e-01 5.434105130644152626e-02 1.721540483323957260e-01 1.088684113815485965e-01 -6.334377837783997101e-02 -1.697703624140511347e-01 -1.084698594460317828e-01 5.347642994910049852e-02 1.614939668494809188e-01 1.295035815881498686e-01 -8.390032448173091045e-03 -1.312175320402696188e-01 -1.560923593581930169e-01 -7.707598912598499774e-02 4.037881482631482805e-02 1.294692122880905238e-01 1.435133877998424068e-01 8.889834067505772430e-02 -1.934624479038415251e-02 -1.232340296932894208e-01 -1.673366453865469394e-01 -6.459513516943587996e-02 1.484599148930287049e-01 2.110671775329693023e-01 -2.010412778035162162e-01 4.880413199123648932e-02
-1.740681838957147953e-01 1.902260795996571774e-01 2.293163627705092564e-02 -1.295319896514453284e-01 -1.047161218831131613e-01 7.592557361212402822e-02 1.720015195173907885e-01 5.468155997088153947e-02 -1.292780426632349766e-01 -1.576714572134652326e-01 8.393069381989221034e-03 -1.608628628992133935e-01 -1.171588740696672265e-01 -7.184889335774501118e-02 -1.741192600912799815e-01 -6.565162689221289150e-02 1.226802398827873813e-01 1.640771668031487662e-01 -7.417977794320490537e-03 -1.567266028528511712e-01 1.318382234141993181e-01 5.304613995545186950e-02 1.738060710240118267e-01 8.509594170183740203e-02 1.065383982553750469e-01 -1.708569002589074015e-01 -2.977950035430911718e-02 1.461692620161113565e-01 1.465708430768405124e-01 -2.966326841335294867e-02 -1.698332514901080004e-01 1.060300100168171528e-01 8.527002717460929748e-02 1.752173568293662886e-01 5.621267621896230277e-02 -1.286747589002797676e-01 -1.611128431967114583e-01 3.271505083448700280e-03 1.569026186077445428e-01 1.345176805960097977e-01 -4.268619688911631793e-02 -1.705406611947188344e-01 -1.088666044685887846e-01 6.861281038394126397e-02 1.715747828017362142e-01 9.649008947954675064e-02 -6.795767960481906289e-02 -1.650295068160904932e-01 -1.105932651288101809e-01 3.239270971469217220e-02 1.431280158697838256e-01 1.449955579406715656e-01 5.338791667828976517e-02 -6.574615008778034175e-02 -1.391529568737415179e-01 -1.389700954690162582e-01 -5.462515395677002700e-02 6.818904209927954818e-02 1.675965808085583542e-01 1.219145813784450472e-01 -1.007673535815847843e-01 -2.375908264970448824e-01 1.806173479626112799e-01 -3.875957207651573727e-02
-1.825058292010599270e-01 1.779430563762729178e-01 -1.268757348231072841e-02 -1.416151407980218435e-01 -7.077979335485747037e-02 1.210702034282366418e-01 1.581142153582798804e-01 -1.210371483007274297e-02 -1.649136719362276904e-01 -1.010721121743417689e-01 9.750730745033316105e-02 -1.656907376457487924e-01 -1.719200592554754464e-02 -1.575321702835234539e-01 -1.275186410843481555e-01 6.659930949031019065e-02 1.745000413358420432e-01 5.569177505758163976e-02 1.352283685782759148e-01 -1.499246503129183783e-01 -2.995477238272890516e-02 1.726422483799164020e-01 9.194486655235470374e-02 -1.066499430109466573e-01 1.676271716091049524e-01 -1.149031579044507666e-02 1.591139102463075550e-01 1.236871826632360838e-01 -7.192995419152388437e-02 -1.756649120473015857e-01 -5.289524507111017376e-02 -1.371234825721830974e-01 1.508255696139874924e-01 -2.983050697469343676e-02 -1.714727389582365868e-01 -9.358769117905320345e-02 1.040614596935602043e-01 -1.699934221706012050e-01 2.243411186496772555e-02 -1.515520437047693791e-01 -1.378111760225332605e-01 4.400450882474982173e-02 1.703656350178598955e-01 9.743050243900575058e-02 -8.673306298851707341e-02 -1.709643904537030412e-01 -7.483754379713471183e-02 9.316446904668447548e-02 1.651003288858090001e-01 8.414268916775857754e-02 -6.193994840773364013e-02 -1.515874020273337563e-01 -1.273090268667342873e-01 -2.057684201218286033e-02 9.287514270851149334e-02 1.522681185803146375e-01 1.161649133261719591e-01 1.501017119944282098e-04 -1.411286098919973531e-01 -1.644296068510213427e-01 4.467002741853458303e-02 2.540793191248977845e-01 -1.596506025615823110e-01 3.050616329229623863e-02
-1.899880601034196759e-01 1.621145152381245624e-01 -4.780119785225710877e-02 -1.455457821280875252e-01 -3.157407324725722275e-02 1.541775065904254782e-01 1.234334759343572313e-01 -7.689101335144256366e-02 -1.672577182552106578e-01 -1.967074859038847948e-02 1.579937722157542246e-01 -1.135570673297423422e-01 8.961133138788722474e-02 -1.712090324531584939e-01 -1.458170778029369355e-02 1.598721936130166332e-01 1.122409501765309348e-01 -9.317152072350820546e-02 1.693229562484485640e-01 -1.115916402959693000e-02 -1.629741986310958568e-01 1.119000830464934870e-01 -9.386555199656179682e-02 -1.685478272476745865e-01 9.679985671133005398e-03 1.639465254037144881e-01 1.106980386649883685e-01 -9.479134685917714465e-02 -1.696496658748923581e-01 -9.775868745261376974e-03 1.630654558914458319e-01 -1.104718146197901235e-01 -9.494284708270701867e-02 -1.704423225402071085e-01 -1.209459570761203979e-02 1.616733865334294973e-01 1.147239369485627686e-01 8.864472117173836929e-02 -1.712597274813000559e-01 -2.517677079551311828e-02 1.545316208772856414e-01 1.313645176957165539e-01 -5.821617223077307085e-02 -1.723958115775830469e-01 -7.321243471969228478e-02 1.111747765880625599e-01 1.647323104368842994e-01 3.965699398940567000e-02 -1.230814341228506359e-01 -1.569149176349124430e-01 -4.901378397228899758e-02 9.423873942044562468e-02 1.536412472210032520e-01 1.004104083376567980e-01 -1.890376437112175137e-02 -1.258521184322488606e-01 -1.516957126709835291e-01 -6.850257729696490605e-02 9.269728400952971514e-02 1.876305467106377523e-01 1.496120573659727448e-02 -2.609713582331271153e-01 1.389356103160473144e-01 -2.379179806173166781e-02
-1.964757072614047029e-01 1.430558400912370076e-01 -8.100999879285793182e-02 -1.410976342347301238e-01 9.982263439012565784e-03 1.719558108993457790e-01 7.252012905299756729e-02 -1.289858101949212521e-01 -1.358369824514292223e-01 6.655760693856317689e-02 1.720938684869981750e-01 -2.238448572768031095e-02 1.607803682650714161e-01 -1.066279198950862012e-01 1.059407576662861061e-01 1.595779406649642518e-01 -2.339533454878285276e-02 -1.743158790199842989e-01 6.749706282810023772e-02 1.374286117091547965e-01 -1.394459226080895231e-01 -6.573046058929186974e-02 -1.735554375760003376e-01 -2.523581141373350267e-02 -1.609161606833449665e-01 1.100980846182651046e-01 -1.028191181399755183e-01 -1.630647646788790928e-01 1.750566802450492440e-02 1.734762097322917473e-01 7.379142449120609792e-02 1.335648958671766806e-01 -1.447576347080664627e-01 5.731752497395530693e-02 1.746369875131146554e-01 3.668249908154849748e-02 -1.553576701970255658e-01 1.221716527289413295e-01 8.597700421408016602e-02 1.699430262126367663e-01 1.260809303911168862e-02 -1.622015446935056171e-01 -1.135829492708842064e-01 8.570676900346624327e-02 1.707296196162267632e-01 3.621556617467426575e-02 -1.374008652984023693e-01 -1.476151962413896346e-01 8.916689344269170675e-03 1.477680151069054593e-01 1.376283998798485120e-01 2.893098096971634045e-03 -1.228221718889465491e-01 -1.473920619681408639e-01 -6.078810522471106426e-02 6.709391985397353264e-02 1.539035191761679855e-01 1.241757815831609352e-01 -3.018089138172243974e-02 -1.896051898334442931e-01 -7.350261443270023065e-02 2.592264556605545778e-01 -1.191061074188013158e-01 1.838434359258572792e-02
-2.019348079162932297e-01 1.211467753074394887e-01 -1.109906433138469067e-01 -1.285267684607991900e-01 5.079544374667274015e-02 1.726375199501056501e-01 1.206973576855279937e-02 -1.597887480686093487e-01 -7.699445610469753121e-02 1.364534354620210721e-01 1.356678618158729532e-01 7.648348615748615242e-02 1.680144556411602708e-01 6.691772286285310907e-03 1.713519128206143216e-01 6.588876573103737144e-02 -1.437369876703735172e-01 -1.287639457173121171e-01 -8.851069511133247136e-02 1.650518587294480810e-01 1.802956991244587803e-02 -1.747004413797176303e-01 -5.703054023889710805e-02 1.488013904666764531e-01 -1.212456376680864090e-01 -9.772730115591908573e-02 -1.629879752185071917e-01 2.705605010056639018e-02 1.752687626466397086e-01 4.872294360678177533e-02 -1.536215237555551005e-01 1.147945987835264636e-01 1.042361269215671821e-01 1.612319258262199240e-01 -3.287356924188632873e-02 -1.746573375941354589e-01 -4.536546491155599159e-02 -1.548215944560278889e-01 1.169780100218233698e-01 -9.771808575266120733e-02 -1.650212004952212597e-01 1.428735670598301269e-02 1.701687407067697388e-01 8.166273113487215740e-02 -1.218584905864060070e-01 -1.558884770254545526e-01 1.203670527561859910e-02 1.610353587384236174e-01 1.111931221020425881e-01 -6.148120858711419306e-02 -1.626577591272119760e-01 -9.945736650427813852e-02 4.652875174058476032e-02 1.464538826220486423e-01 1.231828266081280987e-01 8.697054505307879810e-03 -1.229874022525255101e-01 -1.574069328687775216e-01 -3.689842291004317293e-02 1.709953370898298353e-01 1.269809973378457357e-01 -2.501683077554693879e-01 1.006325408174828517e-01 -1.407359376529140373e-02
-2.063367836880189987e-01 9.682385931238612908e-02 -1.365484367908976759e-01 -1.085568653647773635e-01 8.782702098852766814e-02 1.561548552613396534e-01 -4.996793585641349372e-02 -1.642151451143187835e-01 -2.608844140421370198e-03 1.728650459946937668e-01 5.941028873076105443e-02 1.490577882503547891e-01 1.084369300523889273e-01 1.169527207850492995e-01 1.476243016956670651e-01 -6.636260716097382162e-02 -1.701110047330221808e-01 1.037621690872395433e-02 -1.734683350617295117e-01 4.739661747211904724e-02 1.581864539596474217e-01 -1.011821951227357408e-01 1.239708646137688830e-01 1.416704025001749578e-01 7.685500175464857198e-02 -1.688777464451786670e-01 1.993192997572206665e-02 1.743056667708311192e-01 3.872109628141102988e-02 -1.625440248968932078e-01 -9.347571156794194647e-02 -1.298706580443305392e-01 1.380881664467359105e-01 -8.333884373917051225e-02 -1.662221374182809297e-01 2.485103917398333653e-02 1.757139145098241262e-01 -3.845814887907324925e-02 -1.602014391106897084e-01 -9.944034501404375170e-02 1.214799302480948640e-01 1.496986159190046295e-01 -5.373798806444729514e-02 -1.730883019777603726e-01 -3.180084485444246295e-02 1.541843213470770746e-01 1.225640385802811011e-01 -7.105875520169822879e-02 -1.678319952573643081e-01 -5.724079339101326852e-02 1.126161101699835465e-01 1.558457437281401126e-01 4.718303374551925666e-02 -9.831393092392937127e-02 -1.508495537103125839e-01 -8.251363488891043374e-02 6.615916217635144092e-02 1.629420242037359634e-01 9.895043549046197984e-02 -1.346286396785086048e-01 -1.723463316675875046e-01 2.353270535295315380e-01 -8.383049907464221184e-02 1.067227220147369190e-02
-2.096585901866944712e-01 7.057172655125278082e-02 -1.566649301891569479e-01 -8.233755382489478525e-02 1.183200800615649834e-01 1.241465951068719820e-01 -1.054343764431568964e-01 -1.415343300938797233e-01 7.230342246743376444e-02 1.668574175871741228e-01 -3.428991836936294557e-02 1.703886590990572047e-01 5.739030242764018089e-03 1.737557241254381324e-01 4.710123547579612296e-02 -1.597744606964024705e-01 -8.527544901745183481e-02 1.419747364255694033e-01 -1.191778775211231600e-01 -1.119770849824223147e-01 1.463945852014097437e-01 7.802876736407876601e-02 1.648158599707605643e-01 -3.794686145038993208e-02 1.745305569086733621e-01 -3.845756774037466155e-03 1.731257071758050270e-01 4.534879773090125937e-02 -1.628502839442438066e-01 -8.521512495182802238e-02 1.416573409532738415e-01 -1.189940333622523522e-01 -1.131107215731069759e-01 -1.478166371084700115e-01 7.571086532893341048e-02 1.659651189260403226e-01 -3.317328774793838059e-02 1.757690353521741689e-01 -1.553207657735219092e-02 1.698552983939127792e-01 6.650877171594234138e-02 -1.492219245961917684e-01 -1.176671526897774406e-01 1.028597564643922713e-01 1.588495733070486027e-01 -3.213124722219642959e-02 -1.711168821211329349e-01 -6.501093930435976331e-02 1.283116506123156697e-01 1.472960723699372754e-01 -1.054045334040791884e-02 -1.492929497103456793e-01 -1.244936206989151473e-01 1.867329221055438054e-02 1.365938086380677485e-01 1.365251293063016180e-01 4.330791051002438018e-03 -1.406296222311623489e-01 -1.477272214776846615e-01 8.492389954463282209e-02 2.076055591867527472e-01 -2.162948736697943020e-01 6.887709055419836968e-02 -8.016160632178550433e-03
-2.118828376562175431e-01 4.291345114056183824e-02 -1.705385041002633884e-01 -5.137822911902033274e-02 1.400044833870787708e-01 7.979514004599173871e-02 -1.470352523411795620e-01 -9.549025526068480318e-02 1.326195955029846607e-01 1.199047581883050384e-01 -1.179227363135117168e-01 1.331429225807992112e-01 -9.924101764699519435e-02 1.511366848751913849e-01 -7.792430610067926922e-02 -1.596763765294510196e-01 5.530868261941911807e-02 1.703831582330884720e-01 3.078014342440540257e-02 -1.727886679227337852e-01 -6.019161246735955755e-03 1.757326230247309717e-01 1.932664462179538648e-02 -1.713633092366740884e-01 4.414945429186765968e-02 1.665653321295903766e-01 6.811113476536986844e-02 -1.554703833228797683e-01 -9.096389438908995817e-02 1.434200236823844621e-01 1.116255674632308653e-01 1.260450117735810172e-01 -1.308426282922574568e-01 1.072143163162722485e-01 1.467611545219741909e-01 -8.337893529893157518e-02 -1.609693214030176733e-01 -5.673131387353760186e-02 1.702280116980436075e-01 -2.349650415969675374e-02 -1.758084145827433220e-01 -1.546389349819286135e-02 1.700363381672243268e-01 6.374802801650397699e-02 -1.505532702518973809e-01 -1.155542148356551307e-01 9.912803320314639288e-02 1.605824781799825296e-01 -1.505016177390175458e-02 -1.626473626511628079e-01 -9.710306032981970425e-02 8.264422270215314448e-02 1.580610944387985661e-01 6.729548118071193574e-02 -8.495177606181696095e-02 -1.583110003625901596e-01 -7.406359979589227649e-02 9.502902632257383131e-02 1.773630409772620764e-01 -2.718472048998090210e-02 -2.318275771623518888e-01 1.946051719782598277e-01 -5.583233546029640892e-02 5.963475129704169479e-03
-2.129978820180188082e-01 1.440012460901432707e-02 -1.776163123650828790e-01 -1.746115994597614504e-02 1.512658773922389288e-01 2.751010480657875915e-02 -1.692996758255236878e-01 -3.368347718961173937e-02 1.661634808732527224e-01 4.352874973475348575e-02 -1.669338889618255661e-01 5.012500415241052248e-02 -1.647574822637273562e-01 5.943454471639900150e-02 -1.624129409442419403e-01 -6.612575959002531256e-02 1.597349245059796752e-01 7.495366890044301289e-02 1.560300460215936769e-01 -8.151183027495033373e-02 -1.526511067703640867e-01 8.987004654237226720e-02 -1.480125821793742136e-01 -9.614192993367694229e-02 -1.439214038804474127e-01 1.040282190841992777e-01 -1.384892112663708430e-01 -1.099298941824020520e-01 1.336726696489125010e-01 1.174136517900457727e-01 -1.273700502578222482e-01 1.230659787690599333e-01 1.215288829551622596e-01 1.305370613124142987e-01 -1.135675121523955500e-01 -1.366228307980184020e-01 1.052075388443785009e-01 -1.451641259962195007e-01 -9.248085243370943176e-02 -1.530483396807647278e-01 7.653793220589200086e-02 1.635286240354163756e-01 -4.998025747198614477e-02 -1.714452124378295084e-01 1.365236024954835994e-02 1.742248920826691139e-01 4.306089479392335301e-02 -1.548888841270122108e-01 -1.076704709728193848e-01 9.549082489892096737e-02 1.618059189490069216e-01 1.741111142314033869e-02 -1.364352369506970364e-01 -1.331217784930188719e-01 1.035924086625379485e-02 1.434698263758182046e-01 1.295092724391880279e-01 -3.422378735224022167e-02 -1.849307578818321363e-01 -3.310717380902885448e-02 2.450428901384364422e-01 -1.716411380559318967e-01 4.466290235929671476e-02 -4.393640972482269931e-03
-2.129978858378367146e-01 -1.440012460901405125e-02 -1.776163123650830455e-01 1.746111335032043618e-02 1.512658773922395949e-01 -2.751010480657484214e-02 -1.692996758255233269e-01 3.368347718961157283e-02 1.661634808732519175e-01 -4.352874973476105608e-02 -1.669338889618247612e-01 -5.012500415231506412e-02 -1.647574822639984171e-01 -5.943454470766346143e-02 -1.624129409937605517e-01 6.612575883544043187e-02 1.597349257990580695e-01 -7.495365692384417522e-02 1.560300751550959819e-01 8.151164634822338773e-02 -1.526513716289213674e-01 -8.986883096891647160e-02 -1.480147666780218807e-01 9.613409039440880266e-02 -1.439322767140080173e-01 -1.039971848091198747e-01 -1.385402072495316161e-01 1.098089802594647696e-01 1.338466414151451567e-01 -1.170685766460807659e-01 -1.279438487702791727e-01 -1.220922955101418073e-01 1.230490303207179142e-01 -1.283172289259711107e-01 -1.175225532943012935e-01 1.316120732699977147e-01 1.139700481860834169e-01 1.354774969122998218e-01 -1.116977488411443065e-01 1.345446364436942710e-01 1.137466513321985923e-01 -1.322210798199608683e-01 -1.211153660308110780e-01 1.197051688503445593e-01 1.354955710914923228e-01 -9.817174647552957822e-02 -1.559025907843104297e-01 5.123651094159334396e-02 1.704458449374415263e-01 2.035149012305201288e-02 -1.547329235522467983e-01 -1.114606013494856274e-01 6.749145782877069566e-02 1.591493058648306980e-01 6.722647375010039339e-02 -9.612726619730747879e-02 -1.606083713312877748e-01 -3.184270098618097872e-02 1.704987062072547410e-01 9.090719561444016161e-02 -2.480691166181968332e-01 1.485753837964803314e-01 -3.526595770479441783e-02 3.205627162903434621e-03
-2.118828488957713307e-01 -4.291345114056167170e-02 -1.705385041002634994e-01 5.137818276729241851e-02 1.400044833870801309e-01 -7.979514004598860233e-02 -1.470352523411786461e-01 9.549025526068444236e-02 1.326195955029826345e-01 -1.199047581883112001e-01 -1.179227363135103845e-01 -1.331429225807417849e-01 -9.924101764768830658e-02 -1.511366848709179977e-01 -7.792430622063194201e-02 1.596763762529006259e-01 5.530868559633599774e-02 -1.703831555440514511e-01 3.078020590264270509e-02 1.727886532880888171e-01 -6.019691195858811565e-03 -1.757327264001363465e-01 1.932265732907010453e-02 1.713652677075458708e-01 4.413140002909951565e-02 -1.665787107341937245e-01 6.803603627508504614e-02 1.555441525190565666e-01 -9.073888995205288410e-02 -1.436964564430279756e-01 1.109947654169871206e-01 -1.270064849393766349e-01 -1.294544424216666489e-01 -1.098357174576263529e-01 1.439148413551815386e-01 9.023061848320605705e-02 -1.562862817835453944e-01 7.180333584193088203e-02 1.635351076964852157e-01 5.560507594997798203e-02 -1.694206818916828838e-01 -4.438132405498979027e-02 1.700261997163567684e-01 4.367060456725781886e-02 -1.700163469167364494e-01 -5.419467075061165651e-02 1.604238350167769833e-01 8.544892502155927716e-02 -1.378266531274514040e-01 -1.269584791461839668e-01 7.909639155478510875e-02 1.630380024732609179e-01 2.495219846411462356e-02 -1.381105835131013482e-01 -1.278471898904346982e-01 2.743242148009336287e-02 1.624025021201451202e-01 9.314836128477338439e-02 -1.367552911022078266e-01 -1.420693868440662533e-01 2.422957616057554442e-01 -1.263389740262035876e-01 2.749142594943585274e-02 -2.315997270455364028e-03
-2.096586081989443573e-01 -7.057172655125248939e-02 -1.566649301891569479e-01 8.233750795974503767e-02 1.183200800615666903e-01 -1.241465951068697893e-01 -1.054343764431553004e-01 1.415343300938795290e-01 7.230342246743044765e-02 -1.668574175871770371e-01 -3.428991836936118309e-02 -1.703886590990607575e-01 5.739030241956571965e-03 -1.737557241277996878e-01 4.710123535465127187e-02 1.597744610713526803e-01 -8.527544642978479583e-02 -1.419747450696439151e-01 -1.191778350524460572e-01 1.119772522411797838e-01 1.463943182148988165e-01 -7.803007063446483482e-02 1.648147417246597635e-01 3.795611702880842542e-02 1.745294267286870704e-01 3.807344342253475393e-03 1.731408328324009760e-01 -4.520011248427616146e-02 -1.629567909464554598e-01 8.481804197409738288e-02 1.421636519447970759e-01 1.180169322132455928e-01 -1.147378634147282889e-01 1.460909389649569512e-01 8.042977579955211398e-02 -1.635155920215221881e-01 -4.404048936142410803e-02 -1.745445489926154836e-01 7.892370441718237623e-03 -1.751062857625436953e-01 2.429248836655777469e-02 1.726949787434745587e-01 -4.699671506733833770e-02 -1.670423008832126466e-01 6.027842097981911396e-02 1.656015031086183753e-01 -5.316680610529733036e-02 -1.696514381360427481e-01 2.781236083856358440e-02 1.714220503680357888e-01 3.190698907291296404e-02 -1.525438078211163728e-01 -1.097532795085086055e-01 7.667892529576998684e-02 1.566382254030416477e-01 4.739648394105289847e-02 -1.355024956595820840e-01 -1.411616608785818683e-01 8.832604022691332990e-02 1.836245874887847684e-01 -2.294592514887207335e-01 1.056157504913994433e-01 -2.116150551026328361e-02 1.656818186248660814e-03
-2.063368074360349691e-01 -9.682385931238576826e-02 -1.365484367908982588e-01 1.085568202263092891e-01 8.782702098852972206e-02 -1.561548552613378216e-01 -4.996793585641186308e-02 1.642151451143192831e-01 -2.608844140424510915e-03 -1.728650459946931839e-01 5.941028873076333733e-02 -1.490577882504183771e-01 1.084369300518253504e-01 -1.169527207928209439e-01 1.476243016431255939e-01 6.636260794673219665e-02 -1.701110043247235637e-01 -1.037623012131095625e-02 -1.734683486177858447e-01 -4.739642334484803904e-02 1.581867122855154795e-01 1.011811123206877716e-01 1.239738957494567889e-01 -1.416654475379419686e-01 7.687212287559193336e-02 1.688693189245054904e-01 2.001341881013994628e-02 -1.743212938912771792e-01 3.846724704947977747e-02 1.627398273014165342e-01 -9.280066889881787018e-02 1.308117902087454487e-01 1.368529947723849116e-01 8.624608621769482009e-02 -1.647152281503199700e-01 -3.252770390118960020e-02 1.760981631469824837e-01 2.287749104239973283e-02 -1.687335309185690191e-01 7.155204407104247266e-02 1.498836084297943683e-01 -1.118938855953512806e-01 -1.239287824503611662e-01 1.357622945790329938e-01 1.010792195452662329e-01 -1.502314924028063936e-01 -9.171095125075610921e-02 1.487030827057175264e-01 9.866577330946398050e-02 -1.318216836137015291e-01 -1.301299555882146630e-01 8.418103392988655898e-02 1.590525323459049678e-01 7.141264830530595284e-03 -1.472118383025028676e-01 -1.126439116152875425e-01 8.545342581009023053e-02 1.699600820999078443e-01 -3.093404341367355856e-02 -2.138761229268647257e-01 2.114335306812713533e-01 -8.685642836047202664e-02 1.608679540115167186e-02 -1.173546420368026767e-03
-2.019348360329477343e-01 -1.211467753074391279e-01 -1.109906433138473786e-01 1.285267242853120606e-01 5.079544374667491202e-02 -1.726375199501057056e-01 1.206973576855407786e-02 1.597887480686102646e-01 -7.699445610469916879e-02 -1.364534354620178802e-01 1.356678618158748129e-01 -7.648348615758408797e-02 1.680144556410880508e-01 -6.691772295477290550e-03 1.713519128666826097e-01 -6.588876503427532061e-02 -1.437369897005510155e-01 1.287639381947352224e-01 -8.851075266028064770e-02 -1.650518159990324030e-01 1.803009070939865649e-02 1.747007458825051429e-01 -5.702694495580335615e-02 -1.488068373040162817e-01 -1.212332639902421599e-01 9.776042737110846037e-02 -1.629645115078558748e-01 -2.720854327415553331e-02 1.752992792827101631e-01 -4.829373166309014476e-02 -1.540526513157144672e-01 -1.138234187132037417e-01 1.059420177874698943e-01 -1.600638388359965636e-01 -3.793637993164752920e-02 1.750682976901925536e-01 -3.484980124732290491e-02 1.622619571138646521e-01 9.943128380597976435e-02 1.233228633526751439e-01 -1.467963926472015679e-01 -7.170596308668268637e-02 1.701818532015817453e-01 2.152750516021684907e-02 -1.776500345367156564e-01 1.949042641873701895e-02 1.740622307056179652e-01 -3.526466807302304496e-02 -1.718066909113933061e-01 2.743951216718164970e-02 1.734655558499156036e-01 1.633734340752960104e-02 -1.572157615166353828e-01 -8.968157981729535377e-02 1.026401962168942694e-01 1.554180751675187377e-01 -2.127089952453983801e-02 -1.767783478778829076e-01 -2.944878260479066867e-02 2.323377838952836172e-01 -1.900540409818177179e-01 7.030644186196345624e-02 -1.207882023894527555e-02 8.229862582268739632e-04
-1.964757381280759219e-01 -1.430558400912371186e-01 -8.100999879285834815e-02 1.410975912534812859e-01 9.982263439014817455e-03 -1.719558108993474166e-01 7.252012905299809464e-02 1.289858101949219182e-01 -1.358369824514293611e-01 -6.655760693855759802e-02 1.720938684869984803e-01 2.238448572758672608e-02 1.607803682655180311e-01 1.066279198891718211e-01 1.059407577839595604e-01 -1.595779404965907422e-01 -2.339533757924600402e-02 1.743158829322962455e-01 6.749701070215333165e-02 -1.374287572335055052e-01 -1.394456589757632203e-01 6.573180160320550580e-02 -1.735554737808321091e-01 2.522690831798249031e-02 -1.609248460510247780e-01 -1.100712328713380483e-01 -1.028881168571471466e-01 1.630216410109155689e-01 1.776340856276211952e-02 -1.735850041248445941e-01 7.308655966838271956e-02 -1.344783191961250735e-01 -1.436920822776909801e-01 -6.037917120003763460e-02 1.745604907166779518e-01 -2.931268577339578643e-02 -1.605681499931373157e-01 -1.110340624207388216e-01 1.056398989985846415e-01 -1.613538498267731158e-01 -3.012741504386501346e-02 1.772012076660675062e-01 -4.482162313511487556e-02 -1.594652647578584381e-01 1.045135299006274276e-01 1.269244084023956887e-01 -1.369090459999483256e-01 -1.008999027811615518e-01 1.513184670158094214e-01 9.124161421395567129e-02 -1.435863190681708201e-01 -1.119401143073787269e-01 1.053104737178299638e-01 1.484530824121970682e-01 -3.404861532468578950e-02 -1.680273318708264130e-01 -4.645423379458832325e-02 1.619871182017542377e-01 8.733883273473014297e-02 -2.395541527469379761e-01 1.669850397826813104e-01 -5.604175712853534663e-02 8.959076924174465967e-03 -5.713883178300278518e-04
-1.899880919431727044e-01 -1.621145152381243959e-01 -4.780119785225762225e-02 1.455457405660837145e-01 -3.157407324725489128e-02 -1.541775065904280595e-01 1.234334759343573701e-01 7.689101335144320204e-02 -1.672577182552085762e-01 1.967074859039537327e-02 1.579937722157531976e-01 1.135570673296906336e-01 8.961133138865043368e-02 1.712090324535189001e-01 -1.458170765920568240e-02 -1.598721940731434310e-01 1.122409482578445444e-01 9.317153288237527142e-02 1.693229537498906756e-01 1.115896684307822635e-02 -1.629744472503924790e-01 -1.118991710746903290e-01 -9.386910724991544275e-02 1.685465787079314381e-01 9.662219646661708225e-03 -1.639639017725930126e-01 1.106428239864727242e-01 9.492380094259514345e-02 -1.696045476829760312e-01 9.335949467600773710e-03 1.634168614921702456e-01 1.095163158390832642e-01 -9.669668496515895773e-02 1.698622264812618965e-01 -7.135065641950474012e-03 -1.647758290587867935e-01 1.068675845810849456e-01 -1.020550249481275984e-01 -1.667985193072670236e-01 -6.051360693851777668e-03 1.716992522276634958e-01 -8.896998625428641227e-02 -1.261123283056195810e-01 1.504385258089327437e-01 5.709481626817786842e-02 -1.772986049526925900e-01 5.413749670025088181e-03 1.761622348414921269e-01 -4.807961447643892966e-02 -1.672822916185872644e-01 5.308675976593931617e-02 1.680264487644253513e-01 -2.001480434560857363e-02 -1.681480657696654557e-01 -4.256792119479319708e-02 1.490262481935368810e-01 1.074655068982603295e-01 -1.286007227374544315e-01 -1.382860897280037416e-01 2.368496482109748169e-01 -1.436330713508460755e-01 4.400763750069195540e-02 -6.564959415321250033e-03 3.927329936230432935e-04
-1.825058601809418646e-01 -1.779430563762724737e-01 -1.268757348231123669e-02 1.416151008728395722e-01 -7.077979335485568013e-02 -1.210702034282400141e-01 1.581142153582788257e-01 1.210371483007299798e-02 -1.649136719362240266e-01 1.010721121743484996e-01 9.750730745033128755e-02 1.656907376457596448e-01 -1.719200592480907286e-02 1.575321702899271370e-01 -1.275186410296244577e-01 -6.659931027950222182e-02 1.745000418327676550e-01 -5.569176418308329629e-02 1.352284170100793159e-01 1.499245828643376577e-01 -2.995527519953134279e-02 -1.726427374175392160e-01 9.194200446093923895e-02 1.066576977531945164e-01 1.676240461350491928e-01 1.145450148164286509e-02 1.591553714770954642e-01 -1.235948923109903702e-01 -7.216722286835891564e-02 1.756863615634403075e-01 -5.217592593293743364e-02 1.380026797974298058e-01 1.499413769207007807e-01 3.290789178965990852e-02 -1.727691859203776825e-01 8.757277134614553649e-02 1.127149660656464186e-01 1.665962354648207744e-01 4.930846438292753450e-04 1.659715711187103315e-01 -1.103818230932705619e-01 -9.680275884027773892e-02 1.705294873552862522e-01 -2.438870772811407850e-03 -1.714241219142949024e-01 9.296845617456206412e-02 1.306851924755635663e-01 -1.442689427681545511e-01 -8.227012491892289614e-02 1.644774081517835218e-01 6.047598415683759498e-02 -1.647500916013434624e-01 -7.226184225650332527e-02 1.442402529765695607e-01 1.103323377932306226e-01 -1.028927949140835685e-01 -1.534154875313087085e-01 8.147391013375521185e-02 1.791918743067000275e-01 -2.260511806280920410e-01 1.211037190073501885e-01 -3.405641601742177144e-02 4.753055344268280503e-03 -2.672223742958302348e-04
-1.740682122322727565e-01 -1.902260795996568998e-01 2.293163627705040522e-02 1.295319515720920189e-01 -1.047161218831119400e-01 -7.592557361212810829e-02 1.720015195173894562e-01 -5.468155997088214315e-02 -1.292780426632308688e-01 1.576714572134701731e-01 8.393069381987691008e-03 1.608628628992823939e-01 -1.171588740692801472e-01 7.184889336686829664e-02 -1.741192601339455470e-01 6.565162627789503103e-02 1.226802423963645056e-01 -1.640771655857217459e-01 -7.417920526059730221e-03 1.567267235333228981e-01 1.318379694881479103e-01 -5.304746625872052562e-02 1.738072071963156218e-01 -8.508903976561839333e-02 1.065535723560787906e-01 1.708538816333911303e-01 -2.970674137583534033e-02 -1.462625093311419877e-01 1.464589821678878301e-01 3.009276202363597025e-02 -1.701037648550362269e-01 -1.051002394046141319e-01 8.703924258204698283e-02 -1.752207094898009798e-01 5.177993990502520461e-02 1.338710127803340866e-01 -1.574944127481274214e-01 1.154104667177660581e-02 1.666605372294125975e-01 -1.148660630991336362e-01 -8.157013193823843544e-02 1.771877728830128784e-01 -4.346778025514533295e-02 -1.483520643678400142e-01 1.422987438343543964e-01 6.246829163636876542e-02 -1.785537400691935839e-01 2.425560452467228831e-02 1.697053456467781940e-01 -8.406156646069216920e-02 -1.505833265455855940e-01 1.034837884550003639e-01 1.438355672246348915e-01 -8.346257946142454642e-02 -1.552432234814796475e-01 3.859659498693272794e-02 1.788811740789206794e-01 -2.636858451003935844e-02 -2.084038262954233112e-01 2.092221190739627645e-01 -1.001948814663149306e-01 2.598150274546427371e-02 -3.400364289192745609e-03 1.799872505581487966e-04
-1.647193191237902588e-01 -1.987188454968450702e-01 5.763704638250471274e-02 1.099918963415046358e-01 -1.308565778223359233e-01 -2.323209275689594455e-02 1.632690835511110550e-01 -1.124404770555216537e-01 -6.754469431744097863e-02 1.755799079824356401e-01 -8.318534182236055063e-02 1.007331810384089338e-01 -1.705370524498633078e-01 -4.667581020757400473e-02 -1.301415146384499177e-01 1.594791536421552303e-01 -9.341407470432034829e-03 -1.532079782798486389e-01 -1.441096780716513148e-01 2.557814693451098201e-02 1.669919498938055857e-01 1.219600559821408664e-01 5.917287363951558715e-02 -1.732383997600696057e-01 -9.374943493668323746e-02 9.130645778570496696e-02 -1.742636125836489192e-01 6.284353471873858898e-02 1.191466724058299065e-01 -1.689387667347781452e-01 3.041162504701073327e-02 -1.413816594056541698e-01 -1.555728588866907014e-01 -4.549691484047135512e-03 1.594358641991113212e-01 -1.349541716391920165e-01 -4.208422159409272445e-02 -1.729999330185845452e-01 -1.067445118907173751e-01 -8.244799147467252176e-02 1.774280167379418127e-01 -6.417849481078380380e-02 -1.276742406397945173e-01 1.630450963088844740e-01 6.276757673591762225e-03 -1.715165604887871342e-01 1.053719239311623201e-01 1.114994434305575377e-01 -1.673579287725407427e-01 -3.652160635216372686e-02 1.808081859183506557e-01 -5.578340838217398477e-03 -1.739952248497488863e-01 1.368095988970333523e-03 1.688730253032611761e-01 3.249159416539190715e-02 -1.817409232887276793e-01 -3.094323145898403640e-02 2.256234716291178610e-01 -1.884348149049380472e-01 8.141774566873700991e-02 -1.954597510617783404e-02 2.403980885470602229e-03 -1.200029991776849068e-04
-1.545081222792233644e-01 -2.032521355872315416e-01 9.004568566880490066e-02 8.411981857403198759e-02 -1.472550648097450954e-01 3.177122389153971826e-02 1.330653009897635464e-01 -1.516386952823230161e-01 7.824089875304177447e-03 1.504029216293556459e-01 -1.503408541682855482e-01 5.973213184839890576e-03 -1.561004972649951417e-01 -1.438654573118553215e-01 -1.846301304142441285e-02 1.599695753183000002e-01 -1.352561395263344457e-01 -3.098414625668576700e-02 -1.651203887622789968e-01 -1.280842945599806049e-01 4.173888544003932083e-02 1.695707831921228204e-01 -1.223600354792014344e-01 -5.046672012593764189e-02 -1.715513263462981053e-01 -1.159377582788458649e-01 -5.891276837225604274e-02 1.723672170735738862e-01 -1.082443886849086684e-01 -6.800648850718356286e-02 1.740047555449186212e-01 1.005798521336929985e-01 -7.700912160330872225e-02 1.759898277882840367e-01 -9.301205721712432761e-02 -8.617338685629767625e-02 1.764638009186688394e-01 8.259061472122360137e-02 -9.874915652540014466e-02 1.751415292972727522e-01 -6.381810304879208251e-02 -1.191647963237821573e-01 1.710760229522603482e-01 -2.781306347973822729e-02 -1.503021151559569835e-01 1.516391502374953015e-01 3.968624225508109865e-02 -1.812333088405529424e-01 7.613480271451265879e-02 1.415733254227694582e-01 -1.391130211392275495e-01 -9.563811698065452505e-02 1.546061968986570112e-01 8.207878306018705217e-02 -1.495500419485328858e-01 -9.883957064797298242e-02 1.629652496885876656e-01 8.541392889543551747e-02 -2.316798831644887868e-01 1.655975172910436610e-01 -6.503613712635356037e-02 1.450506202178642942e-02 -1.679736007396676620e-03 7.919924142056776668e-05
-1.434880773053649472e-01 -2.037356240016554021e-01 1.188661066785764164e-01 5.340512400758107986e-02 -1.526907534934898725e-01 8.361570715778789131e-02 8.536223972122596038e-02 -1.658057127170752543e-01 8.161340322087767829e-02 8.831866213041160429e-02 -1.733568655492225274e-01 -9.084023971461203939e-02 -7.958996179614039046e-02 -1.752956105320479796e-01 1.028201096995215447e-01 6.683586606749039594e-02 -1.727475651795515599e-01 1.137595876434522452e-01 -5.358414009200336559e-02 -1.690070617184062929e-01 -1.236072047126360041e-01 4.005155988311256271e-02 -1.655575884386731866e-01 1.337492824672698866e-01 -2.518894759199471339e-02 -1.610380609487562786e-01 1.443055182689872984e-01 8.750964533459386005e-03 -1.538684328691218017e-01 1.536827470704834886e-01 -8.150258605306201498e-03 1.446122204835846858e-01 1.605609891944162759e-01 -2.395219660941563106e-02 -1.354285001522892717e-01 1.654957919171420322e-01 -3.714175783836932976e-02 1.281671885473102679e-01 1.698591399001498636e-01 -4.525367311752743343e-02 -1.253405103122800790e-01 1.729025660046771551e-01 -4.292475919073452523e-02 -1.334444835349019587e-01 1.694465236286452903e-01 -1.737891080432153040e-02 -1.589671558711061028e-01 1.428843295473562480e-01 5.624871767460615929e-02 -1.829673696799283267e-01 4.195862025311460769e-02 1.664438707619922408e-01 -9.168657025493427704e-02 -1.475514748879708238e-01 1.019871718462505711e-01 1.506922010606590312e-01 -1.259683440316171632e-01 -1.332184101795730602e-01 2.282287733262756690e-01 -1.423410037796964400e-01 5.111563839144361854e-02 -1.062258113759492056e-02 1.160213875984010372e-03 -5.174275367926306951e-05
-1.317168741442661106e-01 -2.001596772266218682e-01 1.429498483763303740e-01 1.961599850542963125e-02 -1.467589694485625096e-01 1.271467528319883411e-01 2.643327949299868404e-02 -1.526029609793679853e-01 1.389271912107505891e-01 4.561944730966774157e-03 -1.454759628709108021e-01 -1.564244248739515009e-01 2.856983684547414679e-02 -1.265998541412318990e-01 1.706153105586086793e-01 -6.541434308659956065e-02 -9.730577428878726953e-02 1.758205620510440159e-01 1.009656642515643771e-01 -6.116996923840171269e-02 -1.702202337834437806e-01 -1.313046747945433856e-01 -2.158226046764620890e-02 1.551230665154116339e-01 1.540877914558949346e-01 1.908114726526455307e-02 1.322977873937920545e-01 -1.687342175536275246e-01 5.889276949843502695e-02 1.024959452670465010e-01 -1.750568627431576540e-01 -9.595985658949306163e-02 6.664765588144271058e-02 -1.721406491467746547e-01 1.280642800917141388e-01 2.762253325301635559e-02 -1.598600961907353235e-01 -1.524389879770823852e-01 -9.578475076422236084e-03 -1.423105555813092282e-01 1.668402499374599390e-01 -3.822016900715246440e-02 -1.286267165580206873e-01 1.728299207592159381e-01 -4.738969096855123742e-02 -1.307430902123100092e-01 1.721875011868546079e-01 -1.893364071635895984e-02 -1.606965986722814765e-01 1.418268927707140303e-01 7.286267553208596037e-02 -1.837858366184377812e-01 2.901729450591175510e-03 1.807441245805172791e-01 -3.567526026561217145e-02 -1.813995683902611122e-01 7.571399723661073611e-02 1.719944485177031523e-01 -2.174320126644893880e-01 1.199618482903301586e-01 -3.957534765310550401e-02 7.681907744751647477e-03 -7.924770506848209054e-04 3.347053459386731896e-05
-1.192561350571532258e-01 -1.925955460521940332e-01 1.613372010160059045e-01 -1.530238299818093006e-02 -1.299013202498842112e-01 1.580363148587979882e-01 -3.597189370399187652e-02 -1.142098358305469463e-01 1.681953595957869363e-01 -8.031422525914637400e-02 -7.488387274427245333e-02 -1.682326594102084572e-01 1.253687268408492927e-01 -2.003654225987204843e-02 1.496549320853470810e-01 -1.593800159049421905e-01 4.174938258223503951e-02 1.100916104651677302e-01 1.744673818570073587e-01 1.005088768050201170e-01 -5.332523141944693623e-02 -1.655029208965025089e-01 1.467931871981945080e-01 -1.236851901535124081e-02 1.320197678969855515e-01 1.725150069953411691e-01 -7.702837902418235849e-02 -7.883661464086924586e-02 1.727605466335956075e-01 -1.306872222207005885e-01 -1.424366489499819498e-02 -1.476914956225657272e-01 -1.648828742717418916e-01 5.184833827536079048e-02 1.023337846748438446e-01 -1.753295227471149409e-01 1.089866467543561396e-01 -4.522209276676804335e-02 -1.639037650057459661e-01 1.492491134044948153e-01 -1.154361272224001776e-02 -1.384084177351916911e-01 1.718086024207246820e-01 -5.399005545556316565e-02 -1.146658976507003991e-01 1.817282976944445960e-01 -7.014730148618546213e-02 -1.173489631808975475e-01 1.828248595589302694e-01 -3.646059689992253716e-02 -1.613120787811463674e-01 1.422549244890495279e-01 8.790585564865760482e-02 -1.751342220091896273e-01 -3.742422871556526365e-02 1.880013722481256033e-01 -1.777034127189217050e-02 -2.008477197389122726e-01 2.016613246295314577e-01 -9.941352660180408085e-02 3.023699743205458118e-02 -5.492360295076839649e-03 5.357461164570486789e-04 -2.144954120328587178e-05
-1.061710920217023429e-01 -1.811939458989950957e-01 1.732954494840627246e-01 -4.933983647235360565e-02 -1.033728188118000213e-01 1.732132185165705107e-01 -9.364644074322887868e-02 -5.696394142135396271e-02 1.635094615852360767e-01 -1.454821408016329365e-01 1.769383660439053860e-02 -1.222054811397801644e-01 1.723142466388552230e-01 9.568527718019943784e-02 5.084274679554481174e-02 -1.600666045913642921e-01 1.535110024918448779e-01 -3.565414135863285983e-02 1.079190359313242503e-01 1.737199052331959426e-01 1.147922641933535326e-01 -2.682040872001773338e-02 1.492100913983767929e-01 -1.648013199917214011e-01 -6.255724951734402406e-02 8.467849587485909435e-02 -1.714702445137713527e-01 1.359903910709490404e-01 -3.481663147845235045e-03 -1.318245800775699750e-01 1.732437278922668855e-01 9.124498915289182277e-02 -5.599791426446181636e-02 1.637661705061550232e-01 -1.545756710779299936e-01 3.445870582946999883e-02 1.109454566934879038e-01 1.771800007858789217e-01 1.142894634598501380e-01 3.340732335834021433e-02 -1.575974435385390227e-01 1.646712145937063998e-01 -4.315752459409392949e-02 -1.146447361483207417e-01 1.821722847388181077e-01 -9.712029601163930936e-02 -7.940765271104763268e-02 1.855035069022489824e-01 -1.108549667405052952e-01 -8.644978356457008739e-02 1.899428201118043835e-01 -5.505953614068942459e-02 -1.573454822340241144e-01 1.327043953350095506e-01 1.052980964474720532e-01 -1.711001949163509783e-01 -4.252706367226698897e-02 2.201734664597035929e-01 -1.832552984112883476e-01 8.133352855774990398e-02 -2.286803543072444059e-02 3.892015832684145998e-03 -3.592040770114446509e-04 1.364076266469822366e-05
-9.253024523213090879e-02 -1.661820538113177870e-01 1.783480711643455618e-01 -8.053689121233324755e-02 -6.914845058516645715e-02 1.711685099772733976e-01 -1.390056422016651694e-01 9.685066440970202181e-03 1.258154524810504993e-01 -1.749502903406173204e-01 1.050767030595871343e-01 -3.416621987822810597e-02 1.507383245714228603e-01 1.676702919898055977e-01 -7.441828081928503202e-02 -6.707227479066760201e-02 1.649152525884681753e-01 -1.554857453121219479e-01 -4.525907345157322015e-02 9.402283334297069362e-02 1.726440423865061580e-01 1.398781415331347144e-01 -1.706408033124053730e-02 -1.165853607811629805e-01 -1.753915528699267479e-01 -1.215854087313381765e-01 -1.016952567820534475e-02 1.353219667270385840e-01 -1.738797643106642088e-01 1.011106823118229497e-01 3.640368460910747145e-02 1.506167822259839584e-01 1.685184202333517567e-01 -7.840301730825785520e-02 -6.235351660192580553e-02 1.631768740013421481e-01 -1.589065841448036587e-01 -5.131590580573973381e-02 9.101473979641604151e-02 -1.738304187203444373e-01 1.411783817124440121e-01 -1.174799439253694337e-02 -1.289876637901967438e-01 1.790294076014785907e-01 -9.887584897521750626e-02 -6.041990211404208583e-02 1.771454693830604166e-01 -1.452179859515294325e-01 -1.877130780910661600e-02 1.728887364300581708e-01 -1.480796935190385744e-01 -5.083468591404599612e-02 1.883771695233382448e-01 -6.274799848810316827e-02 -1.579106650270610535e-01 1.341803249060695147e-01 1.006996744776859631e-01 -2.313608095834815970e-01 1.643440113185545004e-01 -6.609392569562659581e-02 1.721694937277749513e-02 -2.747963397016767520e-03 2.400313250492809548e-04 -8.647449816993982860e-06
-7.840500449051535092e-02 -1.478589819513071724e-01 1.762937248229807796e-01 -1.070975927938247196e-01 -2.977614046766835845e-02 1.521054830646769995e-01 -1.660843568865734976e-01 7.473534752503455114e-02 6.272272704248510466e-02 -1.614875042129297056e-01 1.616094505517453872e-01 6.561878348613039980e-02 6.922071140480129392e-02 1.630148557370873219e-01 -1.609662667670803404e-01 6.517691598062214098e-02 6.850663761369656102e-02 -1.623071777406878136e-01 -1.621064036697670019e-01 -6.843305250014677932e-02 6.465955551942906276e-02 1.604630379812311547e-01 -1.640463375795337686e-01 7.357563024036699317e-02 -5.904348668632154046e-02 -1.578065721482378170e-01 1.662997448094800934e-01 -7.978487985519092107e-02 -5.228829790991306598e-02 1.545159455016865135e-01 -1.685958226218818579e-01 -8.644001507700589670e-02 4.510451580187554294e-02 -1.510794444683362381e-01 1.707523488049877136e-01 -9.228016766580256214e-02 -3.953557441945768774e-02 -1.493129818157896138e-01 -1.725685825862003087e-01 9.368953592252139695e-02 4.164106233255638473e-02 -1.542614951036484772e-01 1.726956905685245736e-01 -8.017720460335782395e-02 -6.664095799678063092e-02 1.738927173187836128e-01 -1.581136988558983769e-01 1.966324917521803869e-02 1.403784981271757049e-01 -1.851388646016141337e-01 5.109599292474715365e-02 1.434387208096974120e-01 -1.740427959597337648e-01 -2.069854494547170715e-02 1.885224517108060882e-01 -8.259551003638576638e-02 -1.534943494653319418e-01 2.364460670637116291e-01 -1.467427608818936413e-01 5.386383351133908204e-02 -1.304045691016373493e-02 1.954909195601296345e-03 -1.617272541434069944e-04 5.530013571943850284e-06
-6.639787182352734074e-02 -1.313582606394632368e-01 1.728997353489335198e-01 -1.309467833317660701e-01 1.085265564532534970e-02 1.228248591454314809e-01 -1.766777013696936016e-01 1.298591758019326248e-01 -1.100920626280500227e-02 -1.136053684129122721e-01 1.759061747913607532e-01 1.449614113089267020e-01 -3.759042791212680035e-02 8.910414164374465262e-02 -1.689693424633499086e-01 1.613824789360376877e-01 -7.047865705136360792e-02 -5.639488019351287379e-02 -1.540541100608427416e-01 -1.728611928779254236e-01 -1.033495416126845035e-01 1.860664452469368291e-02 -1.308547711875245323e-01 1.765297637541941855e-01 1.325521507072901506e-01 2.158341564452816511e-02 1.001014777512492099e-01 -1.710351810551018759e-01 1.554250065863025110e-01 -6.145964812409493438e-02 -6.340456726667112464e-02 -1.561732220006513405e-01 -1.699958568315877439e-01 9.804163911141866583e-02 2.366547308196806365e-02 -1.334975758678126345e-01 1.754720707864721174e-01 1.279541211426125369e-01 1.369627456028370965e-02 1.084740431603721800e-01 -1.743008035957337165e-01 1.478949385936769167e-01 -3.853626746610883114e-02 -9.465555482847598512e-02 1.755928705080728458e-01 -1.532951780061521108e-01 2.942612006365219468e-02 1.190109111516676893e-01 -1.879616131764043074e-01 1.117539188405553413e-01 6.755235437750703453e-02 -1.907849544029320554e-01 1.127471218253305735e-01 1.013722817042454483e-01 -1.881091121927744303e-01 1.979505320388377440e-02 1.940550212952175668e-01 -2.301464114468079747e-01 1.271745629420762413e-01 -4.293714509288407144e-02 9.702573784856288394e-03 -1.369858025199653185e-03 1.075231642878419098e-04 -3.494665799266692028e-06
-5.618447525063178377e-02 -1.164765197583204487e-01 1.681918934202094873e-01 -1.514806456917004995e-01 5.102349415810233241e-02 8.529354703361903545e-02 -1.697341906782496024e-01 1.677349277285661577e-01 -8.287372659993240409e-02 -4.150945261105638134e-02 1.442304805654172351e-01 1.791438662120497238e-01 -1.306658737913624080e-01 -2.266160141861177368e-02 -9.452233650015313959e-02 1.683415668003597210e-01 -1.656616676563337498e-01 8.868762112614420046e-02 -2.730631692059304338e-02 -1.307118331931106658e-01 -1.754174437831039213e-01 -1.420858025280625214e-01 4.605603056544719381e-02 7.024851993157545105e-02 1.552181129856098629e-01 1.714844365099706947e-01 -1.121676656241400033e-01 3.229702286494138402e-03 1.071515197778186851e-01 -1.702919832352094709e-01 1.584496857848557150e-01 7.642385588733346946e-02 -3.959034317329811203e-02 1.383607542272977109e-01 -1.761529351828911572e-01 1.353126059568023065e-01 -3.372653511919363606e-02 8.373012710335853148e-02 1.643808445949251906e-01 -1.696650210488455657e-01 9.623911283779977566e-02 2.396460723203435589e-02 -1.356084229571684341e-01 1.806897716923660524e-01 -1.343756563378591118e-01 1.412437887526086545e-02 1.203323969304748442e-01 -1.859975271622461290e-01 1.357416921339993365e-01 1.380605307700045331e-02 -1.616601870554882914e-01 1.776597404790496992e-01 -2.100099576363665538e-02 -1.626290101640020247e-01 1.580970640208365363e-01 4.605773708538712929e-02 -2.206725830611266925e-01 2.151411919377858861e-01 -1.072796057269453374e-01 3.352126432203059864e-02 -7.095946539348910696e-03 9.457888399104191334e-04 -7.054912061854929262e-05 2.182462337506299045e-06
-4.748890046745659482e-02 -1.030303429993490727e-01 1.622059735836100525e-01 -1.681793006813851743e-01 8.904125625318502768e-02 4.203269070487251902e-02 -1.459430308662881814e-01 1.833318932529116596e-01 -1.406809690481446440e-01 3.943376299328479884e-02 7.486069165572399597e-02 1.575172067958172661e-01 -1.759954842317677237e-01 -1.247997832661595918e-01 2.604767763569194872e-02 8.220571927248847277e-02 -1.578864248848826368e-01 1.721703433290916740e-01 1.204804284993225977e-01 2.227451568022865633e-02 -8.464224175085929835e-02 -1.589407720344902519e-01 1.723830504529733076e-01 -1.192962604624647482e-01 -1.993224243057425266e-02 8.708642312301335953e-02 -1.607600629572684958e-01 1.724821160886964300e-01 -1.176043356550076219e-01 1.776026168442099845e-02 8.877916710589961458e-02 1.610843770140954756e-01 1.712945623770494585e-01 -1.160373991867351823e-01 1.627132319576910652e-02 8.992799046933216967e-02 -1.614440826249450012e-01 -1.710042058275209886e-01 -1.135805057599306306e-01 1.017722178162436437e-02 9.831592902708939652e-02 -1.693224249631035960e-01 1.705769851364308809e-01 -9.670172824569016334e-02 -2.207471975718633406e-02 1.366271760715870587e-01 -1.880637948938653770e-01 1.402179349112531448e-01 -1.094025808772043987e-02 -1.345540945553116985e-01 1.949876482927627164e-01 -1.081909319361041288e-01 -7.763911907229494036e-02 1.927258506550202366e-01 -1.042904090559970409e-01 -1.076394318898361985e-01 2.333549402274420481e-01 -1.942218293935808748e-01 8.827615789059431450e-02 -2.565709315691843545e-02 5.103799941536832016e-03 -6.435781122900542184e-04 4.568894134406433025e-05 -1.346998079221272850e-06
-4.007623703102505125e-02 -9.085400727110076735e-02 1.549874624065673556e-01 -1.806199694216579499e-01 1.233016780836716925e-01 -4.051687078027492450e-03 -1.076657090984181331e-01 1.745784617203114397e-01 -1.746255042581705275e-01 1.119720900337900921e-01 -1.407365800631396081e-02 8.681883765703167499e-02 -1.570156373954700035e-01 -1.739179895694858979e-01 1.339074976238446846e-01 -4.939089158020865816e-02 -5.198521988289801776e-02 1.360686746756775145e-01 1.754395013318235663e-01 1.563732104784785748e-01 8.470784984525454864e-02 -1.489548027860359419e-02 1.093799182661726599e-01 -1.674428519914127889e-01 -1.696803037455577867e-01 -1.162981012228799377e-01 2.523244378040584088e-02 7.397328399207091232e-02 -1.486646337274375729e-01 1.748533383176930356e-01 -1.442402695501703025e-01 -6.609520021668623124e-02 3.402713657715746715e-02 -1.232933198906520506e-01 1.724954343840092164e-01 -1.643266137298856067e-01 1.011842896591805263e-01 4.031970010955728684e-03 -9.546332208636856831e-02 1.626769162316423489e-01 -1.742160487743195374e-01 1.256482709515902574e-01 -3.020325790985626743e-02 -7.851797254484882416e-02 1.602106472772065748e-01 -1.829399351153036535e-01 1.270188297356758811e-01 -9.037954732073269146e-03 -1.209674987423500075e-01 1.960069173525423591e-01 -1.547487765438006757e-01 3.828797822879040618e-03 1.588635018220681816e-01 -1.866360049045783509e-01 3.530100796976515937e-02 1.593072430405874651e-01 -2.334571787420618161e-01 1.699904522062640200e-01 -7.097563707886872519e-02 1.926924644029027675e-02 -3.611888389161392945e-03 4.317185423752639933e-04 -2.920872679796976810e-05 8.216391281540856203e-07
-3.374623226290886235e-02 -7.979744017488650532e-02 1.465912128280396076e-01 -1.884876773185419907e-01 1.523590470906596439e-01 -4.986389514734296952e-02 -5.870159475237866908e-02 1.426372760820139585e-01 -1.789495633467445834e-01 1.606447530453749828e-01 -9.932990997806427635e-02 -1.092641027435440129e-02 -8.066164559780635013e-02 -1.491488275428018151e-01 1.764259725332645024e-01 -1.536737382444052502e-01 8.622465086484966401e-02 5.457758449827840828e-03 9.522607410043636145e-02 1.578753756295388777e-01 1.754221558531239844e-01 1.442289453564193080e-01 -7.375639658373769891e-02 -1.712444590606804207e-02 -1.031809205679256186e-01 -1.607847803913761697e-01 1.744059622126626630e-01 -1.393729220495561194e-01 6.513032778193139638e-02 2.710938970148065244e-02 -1.118771023168275980e-01 -1.653306902779177745e-01 -1.724122148073621574e-01 1.320816455396335298e-01 -5.539977229950091703e-02 -3.697683854384310742e-02 1.192115958068365594e-01 1.690134135960610073e-01 1.716852496855051091e-01 -1.241135227965273896e-01 3.961772533536141172e-02 5.847967316466980148e-02 -1.414746600916728936e-01 1.803061900164563414e-01 -1.619974117981925477e-01 8.894157721383902371e-02 2.132449179192030114e-02 -1.285730132811394866e-01 1.908548674566278025e-01 -1.704998077665896283e-01 5.583401868489885206e-02 1.038227052936443323e-01 -2.034907269216336967e-01 1.462792800815051752e-01 3.920210410903619130e-02 -1.975044714687702319e-01 2.232244948450236854e-01 -1.446598659980332102e-01 5.583359111071523051e-02 -1.421022880600761318e-02 2.515950614388149167e-03 -2.855508429024653568e-04 1.843495052597507182e-05 -4.953378262155516100e-07
-2.832788143085667593e-02 -6.972437037404033422e-02 1.370810273350379915e-01 -1.915832286319180677e-01 1.749872078137761355e-01 -9.232652517691961047e-02 -3.910817744850952210e-03 9.175080904127802528e-02 -1.529196870776281525e-01 1.750776898623993827e-01 -1.586266628414177704e-01 -1.052677276498397291e-01 2.516643568621733038e-02 -6.101523505128271518e-02 1.328558373427130013e-01 -1.729731372426324965e-01 1.708461473444484457e-01 -1.289439543594196880e-01 -5.835707049698958537e-02 2.550724918749137579e-02 1.032889821884599990e-01 1.573463225846637725e-01 -1.758853014546268578e-01 1.534911310154850606e-01 9.481655467951113914e-02 1.440899217764211697e-02 6.908240617629529678e-02 -1.363567383246979958e-01 1.716554687436557813e-01 -1.679000622785789543e-01 1.263325270013982704e-01 5.549651982131087458e-02 -2.842153179425422477e-02 1.061298962165644899e-01 -1.599551496808138684e-01 1.762803796715613214e-01 -1.510339798726454963e-01 -9.085260142801596106e-02 -8.875276955512231489e-03 -7.584428569742270032e-02 1.429847063550755415e-01 -1.775590069794432679e-01 1.681508502986999998e-01 -1.129015875679448833e-01 2.562487622112500502e-02 7.363818725283216571e-02 -1.558255865206817636e-01 1.897974072586239291e-01 -1.620108060099582636e-01 6.908466546695347932e-02 6.532854858054414071e-02 -1.827831931525480402e-01 2.015733791935405139e-01 -7.939818867491713061e-02 -1.100706642161327908e-01 2.207684922191568699e-01 -2.053346567761371033e-01 1.199508108450975524e-01 -4.301969646475391207e-02 1.029612913911000585e-02 -1.725608747842104218e-03 1.862638256170269361e-04 -1.148785297427581641e-05 2.951466992915321000e-07
-2.367480806295730461e-02 -6.051064806020448050e-02 1.265291731321895596e-01 -1.898282497395213098e-01 1.902313028871631673e-01 -1.285871747895190320e-01 5.126814319236309980e-02 2.867787192809778674e-02 -1.009511373093298636e-01 1.521946729988717939e-01 -1.764669328235417278e-01 -1.668147396953583161e-01 1.217986002248038629e-01 5.304008731509049501e-02 2.445752398489799140e-02 -9.661628602051487713e-02 1.492872511078341680e-01 -1.737850382589412601e-01 -1.669773023373798682e-01 -1.284897295368776227e-01 -6.472917850197117129e-02 1.117754195064755117e-02 -8.483747205969457972e-02 1.421783109764884756e-01 1.719760413866079640e-01 1.699160570741133636e-01 -1.370484069374600100e-01 7.834091046478486309e-02 -4.541091139998295646e-03 -7.019442219823422702e-02 1.321065122858751106e-01 1.688952901548961549e-01 1.733467834262067131e-01 -1.458984957582140363e-01 9.169982086474719185e-02 -1.985750415940712790e-02 -5.610989427529836787e-02 -1.224026106027211042e-01 -1.663793830327929546e-01 1.773396832278453794e-01 -1.530215691053252447e-01 9.857409747804196654e-02 -2.226826006403449451e-02 -6.063273170072269735e-02 1.329774083828744735e-01 -1.804855377566194630e-01 1.847712108549404431e-01 -1.376627898239964343e-01 4.897115597614722093e-02 6.383241577853294990e-02 -1.645371940707990310e-01 2.100216716829213237e-01 -1.539954710948846783e-01 -2.452620961109988878e-03 1.698433675983479774e-01 -2.294366803943808653e-01 1.825027728391940829e-01 -9.707045061173909251e-02 3.249299116706134277e-02 -7.333183468728890833e-03 1.165670032153991002e-03 -1.198400881381089035e-04 7.068644861006213374e-06 -1.738189231244270636e-07
-1.966130959377478810e-02 -5.204271481651625425e-02 1.150158329885298120e-01 -1.832671734101831429e-01 1.974480658675244193e-01 -1.562100560209210565e-01 1.013582785717212220e-01 -3.820410002243141562e-02 -3.185896768488688524e-02 9.687297492749767647e-02 -1.481882323333689466e-01 -1.763935595015063973e-01 1.739250667239818360e-01 1.445618438474127743e-01 -9.587505401886421696e-02 3.317054733262352756e-02 3.494675458058627698e-02 -9.792021220889081390e-02 -1.469449832038839387e-01 -1.735339522637272258e-01 -1.726581049554907765e-01 -1.463065945787078159e-01 9.938830699338312147e-02 -3.765424277282578697e-02 2.996217955378977990e-02 9.326672279096977214e-02 -1.431952857625614639e-01 1.714224877859620855e-01 -1.732597283360583773e-01 1.498904366246300301e-01 -1.051860416760281580e-01 -4.467128687379123830e-02 2.278033030463642861e-02 -8.716002389253751925e-02 1.391680644983019077e-01 -1.699055171109117857e-01 1.745257164527455884e-01 1.537835107405805535e-01 1.100899406354977489e-01 -4.840799415398688854e-02 -2.174034569573986622e-02 9.050789352274475619e-02 -1.466742519754004048e-01 1.776065145117909916e-01 -1.788595404999822058e-01 1.497989121509651356e-01 -8.824026034577073241e-02 2.980405717520097798e-03 9.028927805332817580e-02 -1.702821739980147075e-01 2.059081811417078356e-01 -1.777007417582825433e-01 7.152517103594038805e-02 8.625484763190290061e-02 -2.133952745415021723e-01 2.251707269018313473e-01 -1.571838858466702848e-01 7.675004979103033920e-02 -2.407245243397975257e-02 5.135792615560929621e-03 -7.756927171359745453e-04 7.605917099796430793e-05 -4.294925599903781146e-06 1.011764507814649838e-07
-1.617896151578581895e-02 -4.421620401887986496e-02 1.026284959345004216e-01 -1.720661138481973662e-01 1.963329656277490454e-01 -1.733396179541014104e-01 1.413876907343109557e-01 -1.000117502701560468e-01 4.263721091048632700e-02 2.090382915371901545e-02 -8.118109359148990845e-02 -1.310200745730615846e-01 1.624986148249543683e-01 1.746679053774168600e-01 -1.694245534030559830e-01 1.446136642865148147e-01 -1.011130501530127096e-01 4.595707597902943392e-02 -1.369459926333875532e-02 -7.143020678609492136e-02 -1.203054678654620901e-01 -1.556804136410990247e-01 1.744548521497376048e-01 -1.728564066980136371e-01 -1.502368209652892861e-01 -1.108132523317060247e-01 5.961217542622391369e-02 -1.613488773029716789e-03 -5.661438253679721561e-02 1.086576949225939170e-01 -1.489491644165502615e-01 -1.717640410530965611e-01 -1.740965468831558449e-01 1.572498486650571736e-01 -1.232939589010306758e-01 7.465969457228242845e-02 -1.685014471047049933e-02 4.340665247464041421e-02 9.947120097803471839e-02 -1.434965919110895438e-01 1.703806470107678828e-01 -1.788260350616446281e-01 1.654371781569471955e-01 -1.282791168731755305e-01 7.282543529807229687e-02 -4.722426455278930062e-03 -6.851397379780392594e-02 1.342407595512938867e-01 -1.843723436234014912e-01 2.040124979085841950e-01 -1.744917062947847486e-01 9.482890638751730050e-02 2.813921686329864252e-02 -1.597209890417185252e-01 2.380866767658333938e-01 -2.104169307351538842e-01 1.313840881621252676e-01 -5.931883283467102169e-02 1.749688330764218730e-02 -3.537296877950709632e-03 5.085219654769637361e-04 -4.761940092043863865e-05 2.576871102228276060e-06 -5.820614348896471874e-08
-1.313368829742399789e-02 -3.693465452537438715e-02 8.946129243919985485e-02 -1.565086609905721460e-01 1.869330568838897255e-01 -1.788251922685817064e-01 1.673830995300279456e-01 -1.485357007413298791e-01 1.099011441759209923e-01 -5.952074621282747724e-02 7.042419223136337815e-03 -4.482959448540970587e-02 9.169451597534877818e-02 1.305680041314677131e-01 -1.603018469331791984e-01 1.760836647436603009e-01 -1.743313829584981212e-01 1.579139485104493756e-01 1.301071901631674077e-01 9.124272341937707254e-02 4.372885957885885855e-02 -7.454520115770421965e-03 5.791572579958063904e-02 -1.031770439860730249e-01 -1.389678723229454405e-01 -1.634891072405070811e-01 1.754325165860277924e-01 -1.721453747415092606e-01 1.532777232522069821e-01 -1.220107057706931869e-01 8.134323495389471359e-02 3.366380845900043134e-02 -1.711047549678954352e-02 6.670506657812802498e-02 -1.111990245544621225e-01 1.458451942755853992e-01 -1.675111252205629120e-01 -1.761385429963828464e-01 -1.706613827879137069e-01 1.490465640792547619e-01 -1.134390970274157390e-01 6.780170031211184278e-02 -1.465557780288952866e-02 -4.129694918547532206e-02 9.527856376887319789e-02 -1.443635507704098819e-01 1.794256633362888709e-01 -1.924875630177000085e-01 1.850340299561828439e-01 -1.502822348546816178e-01 8.115062874326774145e-02 1.579046562097286693e-02 -1.244509051866136001e-01 2.129901355964405607e-01 -2.435149754312635473e-01 1.878980629901385035e-01 -1.065719461792337813e-01 4.479359787276879917e-02 -1.247135767573144711e-02 2.395104236966476719e-03 -3.283282679450369446e-04 2.940335469062072538e-05 -1.526384366123605767e-06 3.308970752230721972e-08
-1.044322193869880698e-02 -3.010832180011920045e-02 7.561427911982607220e-02 -1.369887005377027345e-01 1.696449945922339220e-01 -1.722982887129517748e-01 1.767642262042817825e-01 -1.773309328427352949e-01 1.585233318921463741e-01 -1.272591054746529116e-01 9.342542220961200239e-02 5.532675569552885503e-02 -1.261512753846268618e-02 3.099755474226677937e-02 -7.295843973014080885e-02 1.101772554122876779e-01 -1.392032590527333136e-01 1.601884972119730632e-01 1.736640859905857481e-01 1.765464644770206037e-01 1.671689178250541641e-01 1.483178046206041767e-01 -1.222328980276607552e-01 8.879502838357569705e-02 4.940752049862314615e-02 7.210511635273635957e-03 3.525732161718417301e-02 -7.543757778970980321e-02 1.107167395905818280e-01 -1.399665639421163177e-01 1.619736730899471733e-01 1.739255851703059852e-01 1.746601086888302512e-01 -1.659397367382373645e-01 1.485456554753546710e-01 -1.217162950098453073e-01 8.690637204968791607e-02 4.712915085134213034e-02 4.358489616734169056e-03 3.902988601714237060e-02 -8.044759208490806501e-02 1.189034332101497476e-01 -1.512931977403043360e-01 1.724227294344862771e-01 -1.828591000226896524e-01 1.839581095280895529e-01 -1.694222833690591234e-01 1.370629411821199517e-01 -9.165124961884647814e-02 3.187239303209396524e-02 4.167035474312893312e-02 -1.241641711372523105e-01 1.982628877555946134e-01 -2.396617082949391297e-01 2.310183670269659872e-01 -1.602011332560308032e-01 8.367038211228160216e-02 -3.296820969807649077e-02 8.699932868632100774e-03 -1.591760088808748122e-03 2.085171872522991116e-04 -1.788801758425075217e-05 8.919296328078146951e-07 -1.857726671499850388e-08
-8.034879507350455030e-03 -2.365307181879161905e-02 6.119267841875578040e-02 -1.140004415009055749e-01 1.451982960044302939e-01 -1.541973482223371605e-01 1.685999093338414745e-01 -1.825728237955696609e-01 1.802563398923184013e-01 -1.678735354165701854e-01 1.553920418017243898e-01 1.382470302082343117e-01 -1.123151527486256490e-01 -8.174190465132442907e-02 4.998568193361079687e-02 -1.665851717738192281e-02 -1.756070712305385709e-02 5.120088824187508936e-02 8.341640216851436973e-02 1.121477801699735516e-01 1.354231208344352233e-01 1.539438020434832355e-01 -1.681318074109698080e-01 1.755210319506476657e-01 1.748159905215402599e-01 1.680585562346348927e-01 -1.563665734633241378e-01 1.383805956845199359e-01 -1.141991407420708676e-01 8.609691056091678396e-02 -5.541546981519534371e-02 -2.251906031341945058e-02 1.141902684353438176e-02 -4.511263048797704150e-02 7.748717134955600272e-02 -1.065913940673432342e-01 1.311855021335584792e-01 1.519450937824920467e-01 1.680558111394754306e-01 -1.764709989560419579e-01 1.773475314133389491e-01 -1.732079834844927335e-01 1.624308535870409576e-01 -1.423333684977923508e-01 1.155512408706868138e-01 -8.379794498633129363e-02 4.508468994253539419e-02 -4.970849847801782611e-04 -4.865454962086322027e-02 1.009297217716611655e-01 -1.514971836234225988e-01 2.013031096351429183e-01 -2.354151061513227727e-01 2.371690792279344817e-01 -2.030860454146462268e-01 1.294934194048672771e-01 -6.310443603128909618e-02 2.349229064407693662e-02 -5.905932444893297571e-03 1.033350285042500391e-03 -1.297402914287284408e-04 1.068665303824734951e-05 -5.127455604320852406e-07 1.027671231709709129e-08
-5.843599615724486690e-03 -1.748934412326575219e-02 4.630607902589162911e-02 -8.812590375070315785e-02 1.146245566842176433e-01 -1.257382909046006192e-01 1.437005309954838828e-01 -1.635651383525668634e-01 1.714137533697848437e-01 -1.727075008303194104e-01 1.767475345792183239e-01 1.780988789001516082e-01 -1.709747697418229628e-01 -1.597541099413187504e-01 1.485388490192047495e-01 -1.342819270143066346e-01 1.149957741525549915e-01 -9.334933232720708796e-02 -7.110189125521559905e-02 -4.734652030610601164e-02 -2.203834997020115774e-02 3.728107871278185052e-03 -2.936970680755181945e-02 5.420717839171030478e-02 7.743172800797981647e-02 9.928794488578729371e-02 -1.198165044963412640e-01 1.373757791104939230e-01 -1.510254960723192430e-01 1.620595693983614694e-01 -1.708464974959889859e-01 -1.753713755466373980e-01 -1.750364099838470910e-01 1.718179268072227983e-01 -1.661454259422817936e-01 1.561154151243184796e-01 -1.417856385150826071e-01 -1.252590336446295083e-01 -1.066554220309747364e-01 8.474400475266025135e-02 -6.030772578922540678e-02 3.453027790304807193e-02 -7.269392062324736038e-03 -2.092047917000875237e-02 4.974084524295467602e-02 -8.016957375867957147e-02 1.098867806505519906e-01 -1.367856425972721335e-01 1.650302207856024495e-01 -1.918456501306578521e-01 2.105398617117014426e-01 -2.268081950335748276e-01 2.290975986643902229e-01 -2.066114690293571199e-01 1.628058589705359827e-01 -9.737237476282623039e-02 4.488111044826659235e-02 -1.593330510659176844e-02 3.841931755677584562e-03 -6.463409967828927932e-04 7.812862138168266170e-05 -6.202460737734385712e-06 2.872558341948773680e-07 -5.555449106215277962e-09
-3.810184793816153315e-03 -1.154117124510383244e-02 3.106760312221699960e-02 -6.002018235782046601e-02 7.921391950042958041e-02 -8.883283731710080178e-02 1.045375790366922658e-01 -1.228325037319285551e-01 1.334954770724530448e-01 -1.407306932304814573e-01 1.519107226688920509e-01 1.624671606530674883e-01 -1.671595187115484937e-01 -1.698963335652784179e-01 1.746111740024207937e-01 -1.776457968147102662e-01 1.760827101618857859e-01 -1.730618878707647634e-01 -1.708376510386707681e-01 -1.666933794364453270e-01 -1.590412329622938603e-01 -1.502616602626645204e-01 1.416494767500282026e-01 -1.313568527375096329e-01 -1.186347746418693061e-01 -1.051400422401067153e-01 9.157302808822011253e-02 -7.689263056736252155e-02 6.089279153055834198e-02 -4.451397416118792194e-02 2.806740536460495747e-02 1.128252004298522723e-02 -5.713132398295492180e-03 2.275047057609207515e-02 -3.977143459978629836e-02 5.622708343858805885e-02 -7.188918926866985637e-02 -8.755910790685264566e-02 -1.031587885334916688e-01 1.170594908530957906e-01 -1.295194083144655395e-01 1.426758525856798854e-01 -1.554124209786579003e-01 1.647187562168611064e-01 -1.730726160843246708e-01 1.835080677532727189e-01 -1.911430247244662040e-01 1.939364627482023651e-01 -1.987274151500323105e-01 2.024072586457923706e-01 -1.985297109945160787e-01 1.939754688707045482e-01 -1.807327285892315616e-01 1.522171718557368547e-01 -1.134392326957676667e-01 6.483641543197304902e-02 -2.868191981428419232e-02 9.820244421755126157e-03 -2.291824305200080084e-03 3.736490805234074270e-04 -4.379136687711887571e-05 3.371880569745687137e-06 -1.515814248119048121e-07 2.843549491322776954e-09
-1.879702276187826320e-03 -5.735242412365718599e-03 1.559304677260849904e-02 -3.039486180630759579e-02 4.046063350664345915e-02 -4.596008975455485174e-02 5.499832961843865303e-02 -6.578508511871379583e-02 7.293331718123126362e-02 -7.875863018634315926e-02 8.737261363114516566e-02 9.622166179629314253e-02 -1.022635077180290286e-01 -1.078597503438852856e-01 1.154804358421541027e-01 -1.227693787776430595e-01 1.277347445971499240e-01 -1.325708121547779783e-01 -1.389465407788814111e-01 -1.446927282128944170e-01 -1.484033331719717130e-01 -1.521372771104708421e-01 1.570934917984003198e-01 -1.612275226911583093e-01 -1.635082198472442849e-01 -1.659150467309248589e-01 1.693369525088194161e-01 -1.717923899383617670e-01 1.725187435735239250e-01 -1.734820970372056292e-01 1.753404414522943822e-01 1.760957006467619712e-01 1.752247393277946430e-01 -1.747826915453120633e-01 1.751798618976830035e-01 -1.742633934895533310e-01 1.718640984659209059e-01 1.702913132377850414e-01 1.694660038784638334e-01 -1.668750551678097604e-01 1.631496621366385069e-01 -1.609971622836821326e-01 1.591046025920504203e-01 -1.546046746012196271e-01 1.499968008611684278e-01 -1.477668069708712728e-01 1.439526561196430021e-01 -1.372637581082271907e-01 1.326749379083796421e-01 -1.280687034634965527e-01 1.194429660476505478e-01 -1.112772552984678670e-01 9.939573201538413894e-02 -8.060890164980261119e-02 5.816625842603274921e-02 -3.235337636786996679e-02 1.395498558561075221e-02 -4.670067733486932618e-03 1.067208631362272404e-03 -1.704508059587336128e-04 1.956938012755056613e-05 -1.475952306000195590e-06 6.500515250526375660e-08 -1.193768845198404676e-09
